nohup: ignoring input
[I 2025-10-02 13:02:12,966] A new study created in memory with name: no-name-0c71713e-a844-4e7b-8382-d05f0eef441b
[I 2025-10-02 13:03:56,469] Trial 0 finished with value: 11435678.125 and parameters: {'n_units': 4000, 'alpha': 1.0, 'sigma_in': 0.5, 'rho': 1.0, 'tikh': 0.0001, 'option': 1}. Best is trial 0 with value: 11435678.125.
[I 2025-10-02 13:04:22,880] Trial 1 finished with value: 0.7970945835113525 and parameters: {'n_units': 3000, 'alpha': 0.9, 'sigma_in': 1.0, 'rho': 1.0, 'tikh': 0.1, 'option': 2}. Best is trial 1 with value: 0.7970945835113525.
[I 2025-10-02 13:04:47,288] Trial 2 finished with value: 2638.7656784057617 and parameters: {'n_units': 2000, 'alpha': 0.7000000000000001, 'sigma_in': 0.1, 'rho': 0.6, 'tikh': 1e-05, 'option': 3}. Best is trial 1 with value: 0.7970945835113525.
[I 2025-10-02 13:05:42,953] Trial 3 finished with value: 2916.128249645233 and parameters: {'n_units': 5000, 'alpha': 0.6, 'sigma_in': 0.30000000000000004, 'rho': 0.5, 'tikh': 0.001, 'option': 2}. Best is trial 1 with value: 0.7970945835113525.
[I 2025-10-02 13:06:11,549] Trial 4 finished with value: 1765.6479721069336 and parameters: {'n_units': 3000, 'alpha': 0.6, 'sigma_in': 0.2, 'rho': 0.9, 'tikh': 0.0001, 'option': 3}. Best is trial 1 with value: 0.7970945835113525.
R 状态矩阵： torch.Size([5000, 4000])
r0 初始状态： tensor([-0.0465, -0.2174,  0.2318,  ..., -0.8138,  0.3184,  0.9785],
       device='cuda:1')
R 状态矩阵： torch.Size([5000, 4000])
r0 初始状态： tensor([ 0.0098,  0.0663,  0.0182,  ..., -0.5103,  0.7943,  0.4130],
       device='cuda:1')
R 状态矩阵： torch.Size([5000, 4000])
r0 初始状态： tensor([-0.0841,  0.0640,  0.0235,  ...,  0.5180, -0.9310, -0.4220],
       device='cuda:1')
Test Loss for each rep: [931569.4, 20333132.0, 13042333.0]
R 状态矩阵： torch.Size([5000, 3000])
r0 初始状态： tensor([ 0.0366, -0.2491, -0.1142,  ...,  0.7820,  0.1003,  0.7033],
       device='cuda:1')
R 状态矩阵： torch.Size([5000, 3000])
r0 初始状态： tensor([-0.2270,  0.3363, -0.3948,  ..., -0.0671, -0.2610,  0.7463],
       device='cuda:1')
R 状态矩阵： torch.Size([5000, 3000])
r0 初始状态： tensor([-0.5827,  0.0839,  0.4860,  ..., -0.6640, -0.6134,  0.5459],
       device='cuda:1')
Test Loss for each rep: [0.71684694, 0.9222576, 0.7521792]
R 状态矩阵： torch.Size([5000, 2000])
r0 初始状态： tensor([-0.0071, -0.0527, -0.0322,  ..., -0.0288,  0.0230, -0.0395],
       device='cuda:1')
R 状态矩阵： torch.Size([5000, 2000])
r0 初始状态： tensor([-0.0053,  0.0168,  0.0330,  ...,  0.0737,  0.0281,  0.0115],
       device='cuda:1')
R 状态矩阵： torch.Size([5000, 2000])
r0 初始状态： tensor([ 0.0087, -0.0103,  0.0238,  ..., -0.0526, -0.0830, -0.0371],
       device='cuda:1')
Test Loss for each rep: [542.82733, 86.73582, 7286.734]
R 状态矩阵： torch.Size([5000, 5000])
r0 初始状态： tensor([ 0.1130,  0.1365,  0.2220,  ...,  0.3193, -0.0988, -0.1668],
       device='cuda:1')
R 状态矩阵： torch.Size([5000, 5000])
r0 初始状态： tensor([-0.0482, -0.1036, -0.2129,  ..., -0.1974,  0.4450, -0.0605],
       device='cuda:1')
R 状态矩阵： torch.Size([5000, 5000])
r0 初始状态： tensor([ 0.2273, -0.1906, -0.1779,  ..., -0.3060, -0.2589, -0.4542],
       device='cuda:1')
Test Loss for each rep: [0.9597001, 6851.9824, 1895.4426]
R 状态矩阵： torch.Size([5000, 3000])
r0 初始状态： tensor([-0.1411,  0.1775,  0.0679,  ..., -0.1525,  0.3623, -0.1282],
       device='cuda:1')
R 状态矩阵： torch.Size([5000, 3000])
r0 初始状态： tensor([ 0.0719, -0.0790, -0.0342,  ..., -0.0381, -0.1240,  0.1446],
       device='cuda:1')
R 状态矩阵： torch.Size([5000, 3000])
r0 初始状态： tensor([ 0.0499, -0.0867, -0.0027,  ..., -0.3563, -0.0613,  0.0356],
       device='cuda:1')
Test Loss for each rep: [78.92866, 1619.7428, 3598.2725]
R 状态矩阵： torch.Size([5000, 1000])
r0 初始状态： tensor([-7.0557e-03,  9.2983e-03, -5.9933e-03, -8.1161e-03,  1.0769e-02,
        -2.0856e-02, -2.6071e-02,  2.4978e-02,  6.5336e-03,  8.5815e-03,
         1.6782e-02,  1.0441e-02, -2.9039e-02,  1.8095e-02, -1.5859e-02,
         1.4418e-02, -1.5016e-02, -1.2689e-02,  1.2506e-02,  2.2265e-02,
         1.1947e-02, -3.6077e-03, -1.6158e-02,  3.9927e-02, -8.6839e-03,
         2.1067e-02, -6.6402e-03, -7.8889e-03,  6.2417e-03, -9.6752e-03,
         3.6456e-02,  3.0483e-02,  1.0655e-03,  6.0013e-02,  2.4200e-03,
        -4.6866e-02, -2.4082e-02, -2.6060e-02,  3.1738e-02, -1.6832e-02,
        -1.2643e-02, -2.3241e-02, -1.0602e-02, -3.7336e-02,  1.6009e-02,
        -2.1031e-02,  6.5760e-03, -2.2392e-02, -2.3082e-02,  1.3871e-02,
        -1.1712e-02,  8.9882e-04, -6.6025e-03, -2.2337e-02, -1.0638e-03,
         1.4475e-02, -1.6797e-02,  1.2395e-02,  4.4317e-03,  9.3969e-03,
         1.5975e-02, -3.7820e-03,  1.0838e-02, -7.1967e-03, -1.2758e-02,
         2.7706e-03, -2.1935e-02,  1.1742e-02, -2.9253e-02, -1.3531e-02,
         1.4088e-02,  9.5975e-04, -1.3013e-02,  2.4797e-02,  1.9882e-02,
        -1.2370e-02,  1.4399e-02, -4.1687e-03, -1.6303e-02, -6.4830e-03,
        -3.8344e-02,  9.9971e-03, -3.4112e-02, -2.2520e-02,  1.2028e-02,
         1.2726e-02,  1.8651e-02,  2.4605e-02, -3.7376e-02, -1.9793e-02,
        -2.0695e-02, -3.5953e-02,  2.5923e-03, -8.7130e-03,  3.7297e-03,
        -2.8963e-02,  1.1894e-02,  1.7601e-02, -8.6382e-03,  5.7420e-04,
        -1.1935e-02, -1.8204e-02, -8.5140e-03, -7.2715e-03,  2.6702e-03,
         3.7625e-02, -1.0896e-02, -8.8209e-03,  4.2956e-03,  1.9672e-03,
        -4.2538e-03, -2.0500e-02,  2.7771e-02, -3.1327e-02,  7.8146e-03,
         2.3334e-02, -9.1161e-03, -1.9205e-02,  3.2000e-02,  3.9247e-02,
         1.3451e-02,  4.0086e-02, -1.5032e-03, -1.4385e-02,  8.9466e-03,
         1.3340e-02, -1.0759e-02,  2.7897e-03, -2.6761e-02, -7.2613e-03,
        -1.4265e-02, -1.2313e-02, -1.5956e-02,  2.1874e-02,  1.2730e-02,
         4.7952e-04, -3.8222e-02, -4.3779e-03, -1.0044e-02,  6.6729e-03,
        -2.6374e-02, -8.8074e-03, -9.3569e-03,  9.4005e-03, -2.1836e-02,
        -5.8112e-03, -1.8589e-02,  2.7044e-02,  5.3426e-03, -6.6861e-03,
         1.6901e-02,  1.2140e-02, -2.0507e-02,  1.6732e-02, -2.9466e-03,
         1.6477e-02,  2.7487e-02,  1.3090e-03, -1.7409e-03, -4.5960e-03,
        -1.3477e-02,  1.0331e-03,  1.2084e-02,  1.2845e-02, -2.0113e-02,
         1.1115e-02,  3.7207e-02,  1.5452e-02,  3.5534e-04, -2.4015e-02,
        -1.1696e-02, -2.8803e-04, -2.4792e-02,  2.9286e-02, -1.6417e-02,
        -1.4071e-02,  9.3635e-03, -1.4295e-02, -2.9811e-02, -1.4379e-02,
         2.2805e-03,  2.6966e-02, -1.1800e-03,  1.8444e-03, -1.1300e-02,
        -6.7166e-03,  2.2140e-02,  1.0645e-02, -6.4255e-05, -5.8354e-03,
         1.7700e-02,  8.8117e-03,  6.5867e-03,  3.0249e-02,  1.3006e-02,
        -2.3883e-02, -3.2611e-02,  2.8126e-02, -2.5047e-02,  1.8198e-02,
         7.2188e-03,  2.2121e-02,  6.4275e-03, -4.7864e-03, -2.2263e-02,
        -2.0793e-02, -4.9304e-03,  5.3665e-03,  2.7866e-03,  1.5287e-02,
        -1.0518e-03,  9.9218e-03,  1.5919e-02, -1.0391e-02,  2.4195e-02,
        -2.2608e-02, -1.5585e-02,  4.2647e-02, -2.9780e-02,  2.9637e-02,
         2.3444e-03,  8.6950e-03, -4.5411e-03, -7.1586e-03, -6.4099e-03,
        -1.8234e-02, -2.1289e-02,  3.2984e-02, -4.1738e-02, -5.5490e-03,
         4.7940e-04, -1.0963e-02,  2.7618e-02,  3.6119e-02, -1.4672e-03,
         2.4059e-02,  5.1188e-03, -5.9550e-03, -1.7066e-03,  7.0675e-03,
        -1.5024e-02,  1.3023e-02, -6.7116e-03,  2.6268e-03,  6.5964e-03,
        -3.0870e-03, -2.0426e-02,  5.2412e-03,  7.0164e-03,  3.1568e-02,
         2.7579e-02,  3.3427e-03, -2.2004e-03,  4.4805e-02,  2.8643e-02,
         6.8080e-03,  1.4318e-02, -5.7178e-02,  8.8910e-02, -5.6959e-02,
        -7.2965e-03,  3.5097e-04,  1.0994e-02, -4.9552e-02,  8.5292e-02,
        -3.4855e-02,  1.8792e-02, -5.7064e-02,  4.4744e-02, -2.4204e-03,
         6.7369e-02, -8.2690e-02, -1.2626e-02, -5.4800e-02, -3.1389e-02,
         2.1700e-02, -5.4870e-03,  2.0447e-02,  3.8027e-03,  7.6234e-02,
         8.5385e-02, -1.5635e-02,  1.7398e-02, -4.4869e-02,  5.7438e-02,
         3.0558e-02, -2.5812e-02, -6.5960e-03, -3.1388e-03, -1.1304e-02,
        -4.9861e-02,  1.0901e-02, -5.5849e-02, -3.7955e-02,  1.6229e-02,
        -2.8995e-03,  2.7853e-02,  4.3649e-02, -1.4728e-02,  2.5130e-04,
         2.1494e-02, -5.8725e-02,  3.5501e-02, -7.5162e-02, -8.8435e-02,
        -9.6157e-04, -2.3607e-02, -4.9127e-02,  2.5269e-02,  7.3784e-03,
        -6.4188e-02,  4.5857e-02,  8.8852e-02,  3.0855e-02,  2.1012e-02,
         1.6526e-02, -5.0022e-02,  2.1320e-03,  1.3374e-03,  1.4367e-02,
         8.5192e-02, -3.8615e-03, -3.1188e-02,  2.1368e-02,  5.1406e-02,
         7.9610e-03,  4.5017e-02, -3.0760e-02, -2.2594e-02,  9.6033e-02,
         1.1728e-02, -3.9001e-02, -8.7156e-02,  2.9217e-02, -7.8071e-04,
         1.1788e-01,  3.5714e-02, -3.6092e-03,  2.6692e-02,  1.8548e-02,
        -2.9152e-02,  4.0151e-02,  4.3298e-02, -5.9352e-02,  3.7097e-02,
        -8.7159e-02, -4.6103e-02,  5.4239e-02,  2.8426e-02,  1.2915e-02,
        -1.8428e-02, -2.3876e-02, -2.0920e-02,  6.0508e-02,  2.4555e-02,
        -3.8788e-02, -3.3491e-03,  3.7429e-02,  1.1098e-02,  3.5987e-02,
        -2.7164e-02, -2.7951e-02,  5.3099e-02, -2.3182e-04, -1.5683e-02,
        -1.2840e-02,  5.3968e-02, -2.0249e-02, -7.0437e-02,  4.8584e-02,
         6.7963e-03,  6.7533e-03,  3.5825e-02, -3.9264e-02,  4.6394e-02,
         4.4792e-02, -3.1872e-02, -2.7801e-02,  4.4045e-02, -3.2433e-02,
         4.7696e-02,  1.2942e-02,  9.6719e-02,  1.6355e-02,  1.6267e-02,
        -4.4253e-02,  4.5915e-02,  1.2257e-02,  3.7539e-02,  2.4728e-03,
        -2.3613e-02,  8.2739e-02, -7.6016e-02, -2.6470e-02,  1.4485e-02,
        -7.7127e-02,  1.3057e-03,  3.5976e-02, -7.6813e-02, -5.9555e-04,
         1.2382e-02,  8.1720e-02, -3.9247e-02, -3.6472e-02, -4.0589e-02,
        -3.2697e-02,  3.8535e-02, -8.9476e-02, -3.0678e-02,  8.0263e-03,
        -8.6863e-03,  2.1870e-02, -4.6705e-04, -9.1652e-03, -5.9132e-02,
         5.5525e-02,  2.0331e-03,  5.6377e-02,  2.5850e-02,  5.7229e-02,
        -7.0262e-02, -1.7082e-02,  3.2440e-02, -6.0392e-02,  7.8107e-03,
         1.6038e-02, -5.8984e-02, -1.4951e-02,  2.6197e-02, -5.1403e-02,
         7.2244e-02, -1.0375e-02, -2.5211e-02,  7.4818e-04, -3.2172e-02,
        -1.8475e-02,  6.7743e-02,  5.4030e-02, -2.3616e-02, -1.3842e-02,
        -2.0652e-03,  3.0689e-03,  2.7019e-02, -2.8435e-02,  6.2241e-03,
        -5.8301e-02,  3.2736e-03,  6.8566e-02, -5.1572e-02,  1.4709e-02,
         9.4227e-02,  8.0886e-02, -1.9422e-02,  1.8592e-02,  5.4178e-02,
         6.2938e-02,  1.0370e-03,  5.8071e-02,  1.5769e-02,  3.8304e-02,
         3.8773e-03, -2.7382e-04, -3.7719e-02, -2.1906e-02, -3.8599e-02,
        -4.2974e-02,  2.5802e-02,  7.4466e-02,  1.0485e-02, -1.0166e-02,
         2.3797e-02,  1.3336e-02,  8.7525e-03,  2.3022e-02, -8.0913e-02,
         5.1100e-02, -9.7207e-02, -5.5799e-02, -1.0645e-02, -7.5656e-02,
         1.0057e-01, -2.5655e-02, -3.3466e-02, -8.4969e-02, -6.9393e-03,
         3.7817e-02,  4.3664e-02,  8.9725e-02, -6.1955e-02, -6.4572e-02,
         2.2496e-03, -5.9716e-03, -2.8650e-02, -1.9734e-02, -2.8060e-02,
         3.2689e-02, -5.7915e-02,  2.3257e-03,  3.7094e-02, -6.8426e-02,
        -3.8177e-01,  3.8084e-01, -8.0389e-01,  6.0251e-01, -1.4360e-01,
         8.7227e-01,  8.0153e-01,  1.8585e-01,  7.7129e-01, -7.2006e-01,
        -5.4700e-01,  1.1498e-01, -2.2355e-01, -3.5811e-01,  4.7487e-01,
         7.3270e-01,  1.8406e-01,  4.0577e-01, -2.0340e-01,  3.4538e-01,
         1.6658e-01, -1.8633e-01, -4.4712e-01, -7.2312e-01, -2.0496e-01,
        -3.5160e-01,  2.9628e-01,  2.3949e-01,  5.0435e-01,  4.4786e-01,
         1.5389e-01,  4.1173e-01, -2.6572e-01, -2.5505e-01, -4.0771e-01,
        -6.0550e-01,  3.1387e-01, -6.6431e-02,  1.5570e-01,  7.2951e-01,
         7.0999e-01, -3.7764e-01, -8.2843e-01,  1.8367e-01, -4.5869e-01,
        -1.9632e-01, -3.0394e-01,  3.9258e-02,  1.8109e-01,  5.0432e-01,
        -8.8690e-01,  7.6409e-01, -2.6125e-01, -1.8583e-01,  4.1646e-01,
        -8.2012e-01,  4.3596e-01, -1.6329e-01, -5.1821e-01,  4.3687e-01,
         6.4619e-01,  3.2922e-01,  4.5480e-01,  1.5283e-01, -1.3336e-02,
        -2.4762e-01,  5.6427e-01, -7.0557e-02,  4.0132e-01,  6.3091e-01,
        -4.2916e-01, -2.6038e-01, -1.5562e-01,  1.7777e-03,  8.6079e-01,
        -5.7730e-01, -8.1445e-01,  3.9845e-01, -1.0178e-01,  4.8614e-01,
        -3.6195e-01, -5.8363e-02, -3.6801e-01, -6.0021e-01,  7.5503e-02,
         1.6195e-01,  9.6998e-02,  2.8824e-01, -5.8987e-01,  3.3965e-01,
        -1.3238e-01, -7.6980e-01,  4.9255e-01,  5.8379e-01,  4.4379e-01,
         8.2987e-01, -8.3540e-01, -6.2861e-01, -3.1679e-01,  5.0581e-01,
         7.8928e-01,  6.2387e-01,  2.7605e-01, -3.3427e-01, -1.4004e-01,
        -7.2008e-02, -3.0912e-01, -1.3452e-01, -3.8243e-01,  6.4999e-01,
         2.6715e-01, -5.6851e-01, -1.8232e-02,  4.6537e-02,  4.7179e-01,
        -4.6163e-01, -1.2866e-01, -5.8180e-01, -1.0542e-01, -4.1032e-02,
        -4.8307e-01,  6.9934e-01, -2.5370e-01,  3.5310e-02,  5.3386e-01,
        -9.8106e-02, -3.7415e-01, -3.3455e-01, -4.5479e-01, -4.2427e-01,
        -3.9676e-01, -5.6673e-01,  7.6070e-01,  5.7691e-01, -5.6167e-01,
        -5.4812e-01,  5.2135e-02,  7.5848e-01, -2.6464e-01,  3.0533e-01,
        -8.2575e-01,  3.7486e-01,  3.1499e-01,  2.9737e-01, -9.4461e-02,
         6.2445e-01,  2.6755e-01, -5.1067e-01, -1.6076e-01,  1.9494e-01,
         3.6585e-01,  7.6616e-01, -4.7416e-01, -7.1285e-02, -3.0023e-01,
        -5.2581e-01, -5.0803e-02, -8.4398e-01,  1.9538e-01, -6.5466e-01,
        -8.4294e-01, -1.9139e-02,  3.4904e-01,  3.9519e-01,  9.2109e-01,
        -1.7633e-01, -5.4802e-01,  5.3088e-01,  2.5727e-02,  6.3969e-01,
        -3.3534e-01,  5.7273e-01, -2.2086e-01,  3.6733e-01, -1.5154e-02,
         6.1641e-01,  1.8304e-01,  3.7887e-01, -6.1737e-01,  2.5331e-01,
         1.6771e-01, -7.0253e-01, -1.3290e-04, -1.2419e-02,  3.0560e-01,
         3.5797e-01,  2.4023e-01, -5.7943e-01, -5.1950e-03,  2.7001e-02,
         5.5636e-01, -1.3985e-01, -6.4807e-01,  8.0862e-01,  3.7200e-01,
        -7.2323e-01,  7.5062e-01,  3.9904e-01, -3.5612e-03, -3.3472e-01,
         6.0133e-01, -6.0354e-01,  2.1735e-01,  3.8363e-01,  5.9141e-01,
        -4.9168e-01, -2.9729e-02, -3.0446e-01, -2.5705e-01, -3.9677e-01,
        -5.7524e-01, -1.1261e-01,  1.4665e-01, -5.4087e-01,  1.8365e-01,
        -1.0141e-01, -6.6036e-01,  6.8093e-01,  3.9853e-01, -6.5898e-01,
        -3.8202e-02,  5.6801e-01, -9.7991e-02,  6.0558e-01,  5.9967e-01,
        -5.6350e-01, -8.4162e-01,  7.4622e-01,  2.8055e-01,  7.2297e-01,
        -7.3784e-01,  7.4728e-01,  7.7416e-01, -5.3978e-01,  1.2757e-02,
        -6.1710e-01,  3.5613e-01, -4.8250e-01,  1.3063e-01,  5.6315e-01,
         4.1444e-01, -2.3680e-01,  6.8124e-02,  6.6341e-01,  5.1267e-02,
        -3.8454e-01,  5.3243e-01,  3.5894e-01,  6.7267e-01, -2.1445e-01,
         1.9426e-01,  6.3045e-01, -4.9685e-01,  8.9794e-01, -5.9318e-01,
         5.4050e-01, -8.6697e-01, -5.8413e-01, -1.1788e-01,  4.6423e-01,
        -3.9926e-01, -7.1664e-01,  4.6062e-01, -1.4632e-01,  3.4249e-01,
         9.2375e-01, -7.5522e-01, -3.4956e-01, -6.1206e-02,  5.2739e-01,
        -9.4390e-01,  5.1927e-01,  9.3218e-01,  5.1784e-01, -1.5915e-01,
        -9.0567e-01, -2.8423e-01, -3.9799e-01, -3.3298e-02, -5.2235e-01,
        -2.1439e-01,  7.0285e-01, -6.4544e-01, -8.0743e-01, -3.0910e-02,
         4.9448e-01, -2.4072e-01, -4.4516e-01, -4.6964e-01, -5.9851e-01,
         8.5873e-02, -7.0732e-01, -5.9193e-01,  7.1588e-01, -4.7911e-01,
         8.8391e-01, -1.1975e-01, -7.4217e-01,  9.7965e-02,  5.7526e-01,
        -8.8319e-01, -5.4963e-01,  1.2493e-02, -3.2858e-01,  7.5441e-01,
         5.4440e-01, -2.5196e-01, -7.9182e-01, -6.0026e-01,  6.6042e-01,
         8.0412e-01, -2.9944e-01,  1.8149e-01,  6.4183e-01,  1.4476e-01,
        -1.8264e-01,  2.2214e-01, -3.6765e-01,  8.3500e-01, -8.3792e-01,
        -2.8633e-01, -3.3166e-02, -4.7831e-01,  3.5110e-01,  7.8115e-01,
        -2.1808e-01,  6.3299e-01, -3.7711e-01, -4.5851e-01, -1.4742e-01,
         7.9671e-01,  1.3068e-02, -2.2693e-01, -9.4583e-01,  5.7642e-02,
        -6.8820e-01,  5.5310e-02,  3.7303e-01, -8.2183e-01,  8.0593e-01,
        -7.4788e-02,  2.3823e-01, -4.5912e-01,  8.3237e-01, -8.9725e-01,
        -2.6535e-01, -3.9084e-02, -6.8491e-01,  4.8401e-01, -3.0332e-01,
         7.5546e-02,  2.0472e-01, -2.0130e-01,  3.4590e-01, -6.6832e-01,
        -2.3342e-01,  6.5501e-01,  6.6976e-02, -8.7684e-01,  5.5508e-01,
        -9.7928e-02,  5.6602e-01,  3.4691e-01,  6.5027e-01,  7.1009e-01,
        -9.2420e-01, -2.6232e-01, -3.8989e-01,  8.9940e-01, -8.8065e-01,
        -7.6236e-01, -4.0859e-01, -2.5991e-01,  5.5377e-02, -6.6675e-01,
        -8.4802e-01,  4.5426e-01, -5.5935e-01,  2.0720e-01, -7.2766e-01,
        -1.7513e-01,  5.4032e-01, -2.2568e-01, -1.6074e-01, -7.1501e-01,
         4.5302e-01,  7.2998e-01,  7.3944e-02,  3.4646e-01,  6.3564e-01,
        -3.4754e-01,  3.5139e-01,  1.8386e-01, -2.8692e-01,  5.4075e-01,
         4.4601e-01,  4.5847e-01, -7.2678e-01,  8.6011e-01,  7.4227e-01,
        -5.5730e-01, -1.7351e-01, -4.5067e-01,  5.7081e-01, -8.6473e-01,
         4.9139e-01, -6.7263e-01, -8.9456e-01,  2.6810e-01,  4.7883e-01,
         6.6677e-01,  2.8295e-01, -6.1651e-01, -2.2737e-01,  5.6311e-01,
         3.3606e-01,  7.6379e-01,  3.7698e-01,  9.2217e-02, -8.8347e-01,
        -6.5527e-02, -8.5190e-02, -4.9368e-01, -4.3750e-01, -1.7410e-01,
         3.4077e-01, -9.5897e-02, -9.4916e-01,  4.2093e-01, -7.0371e-01,
        -1.8882e-01, -9.0263e-01,  8.5557e-01, -8.5675e-01, -1.3630e-01,
         4.3070e-01, -5.2925e-01,  4.3914e-01, -6.9373e-01,  5.1567e-01,
        -4.3472e-01, -2.8241e-01, -8.3530e-02,  2.4898e-01,  4.0673e-01,
         2.1564e-01,  6.2820e-01, -6.7764e-01,  6.5792e-01,  6.7212e-01,
        -4.3080e-01,  7.3992e-01,  3.7322e-01,  6.4781e-01, -5.2401e-01,
         6.8713e-02,  3.2508e-01, -5.6011e-01, -9.3008e-01,  3.7286e-01,
         1.3345e-01, -5.5241e-01, -3.4397e-01,  1.0159e-01,  6.4173e-01,
         5.4437e-02,  4.3334e-01,  7.6310e-01,  8.1032e-01, -9.2263e-01,
        -1.2996e-01,  7.7284e-01,  3.7030e-01, -4.9841e-01, -4.2973e-01,
        -2.2005e-01, -2.4428e-01, -1.1243e-01,  6.6135e-01, -2.6125e-01,
         7.2464e-01, -6.0048e-01,  2.2232e-01, -1.4335e-01,  4.6381e-01,
        -4.3083e-01, -7.0497e-01,  2.2742e-01, -4.9609e-01, -7.9682e-01,
        -5.1856e-02,  4.8046e-01,  4.8585e-01, -8.1838e-01, -2.0917e-02,
        -8.1503e-01, -8.0395e-01,  3.5530e-01, -9.6320e-02, -7.0443e-01],
       device='cuda:1')
R 状态矩阵： torch.Size([5000, 1000])
r0 初始状态： tensor([-5.5085e-02, -2.1537e-02,  8.1369e-02,  8.3185e-02,  1.1990e-02,
        -3.1712e-02, -5.5489e-03, -4.4253e-02, -1.8134e-02, -7.6120e-02,
         8.3193e-02,  4.2987e-02, -4.2256e-02,  5.3379e-02, -1.2074e-03,
         1.2567e-03,  3.5160e-02,  7.2890e-02, -7.9426e-03,  2.8680e-02,
         3.6925e-02,  3.3733e-02,  7.1515e-02,  5.0927e-02, -5.5493e-02,
         9.4562e-04,  3.4489e-02,  8.4455e-02,  5.0712e-03, -2.8906e-02,
        -6.0552e-02, -2.3220e-02, -3.4912e-02,  7.0682e-03, -1.7289e-02,
         1.8246e-02,  1.4894e-02, -4.1172e-02, -8.3647e-02,  7.4996e-04,
        -5.5052e-03,  4.6017e-02, -1.1693e-02, -7.1581e-02, -3.3675e-02,
        -3.1280e-02, -1.6378e-03, -3.4755e-02,  4.5370e-02,  1.6235e-02,
         7.3498e-02, -3.0070e-02,  2.0388e-02, -4.7912e-03, -8.0636e-02,
        -5.8522e-02, -3.1612e-02,  3.7315e-03, -7.1811e-02, -3.0890e-03,
        -2.8019e-02,  9.6072e-03,  2.7216e-02,  1.3390e-02, -2.4655e-02,
         2.2701e-02, -2.3616e-02, -3.3888e-02, -3.4572e-02, -4.6109e-02,
        -3.3645e-02,  3.1640e-02,  3.4984e-03, -3.5995e-02,  6.6580e-02,
         9.6004e-03,  4.1761e-02, -6.8466e-02, -1.5014e-02,  5.5378e-03,
        -2.7161e-02,  5.5634e-02, -1.3647e-02, -1.6744e-02, -1.0432e-03,
         6.1534e-02,  4.5032e-02, -2.3304e-02,  2.4757e-02, -3.9550e-03,
         1.9423e-02,  1.6019e-02,  6.0008e-02,  6.7047e-02,  1.5821e-02,
         8.9569e-03, -9.8064e-03, -4.6204e-02,  3.2186e-02, -4.4236e-02,
         6.3654e-02, -1.9299e-02, -2.2761e-02,  2.5740e-02,  3.5417e-02,
         2.8370e-02, -2.4977e-02,  1.1083e-01, -5.3736e-02,  2.9801e-02,
         1.0103e-02,  2.5942e-02,  1.0062e-01, -3.0979e-02, -3.0601e-02,
        -9.5233e-03,  3.4140e-02,  8.8387e-03, -6.3431e-02, -4.9325e-02,
         7.4653e-02, -2.5194e-02, -3.3139e-02, -1.4999e-03,  2.7240e-02,
         6.4107e-02,  8.4325e-02, -1.2853e-02, -4.3687e-02,  9.1312e-02,
        -5.7040e-03,  5.5422e-02, -3.7455e-02, -1.7499e-02, -2.0198e-02,
        -1.5169e-02,  1.0944e-02, -3.4919e-02,  3.2842e-02,  6.3610e-02,
        -1.1164e-01,  3.2782e-02,  7.8943e-02,  3.7000e-02,  3.0277e-04,
         4.9589e-02, -3.3167e-02,  4.0963e-02,  1.8939e-02,  4.6592e-02,
        -2.1808e-02, -9.8366e-03,  9.8537e-02, -2.6193e-02, -5.9116e-03,
         7.2185e-02,  3.1151e-02,  2.9477e-02,  7.7108e-02,  7.3263e-03,
        -4.5557e-02,  7.6869e-03,  3.6669e-03, -2.7941e-02, -3.9945e-02,
        -2.9987e-02, -3.7066e-04,  4.4407e-02,  7.1752e-03, -4.1132e-02,
        -3.7743e-02, -6.3678e-03,  7.2640e-03,  1.2577e-02,  2.1310e-02,
         1.8147e-02, -6.9633e-02,  4.8268e-02, -3.9667e-02, -1.1204e-02,
        -8.5777e-02, -4.5063e-02, -4.0712e-02,  1.5639e-02, -2.8277e-02,
        -2.2584e-02,  5.6726e-03,  1.4114e-02, -8.6496e-02, -7.2665e-02,
        -1.0672e-02, -6.4723e-02,  3.6221e-02,  4.0530e-02,  4.1960e-03,
         6.7054e-02,  1.9405e-02,  5.2312e-02, -3.4456e-02, -2.8933e-02,
        -2.9870e-02,  2.3346e-02,  2.0187e-02,  4.3152e-02,  2.1377e-02,
         8.1554e-02,  4.5195e-03, -2.0872e-02,  6.2509e-02,  4.9049e-02,
         3.3947e-02,  4.7798e-02, -6.6487e-02, -6.8281e-02,  2.3877e-02,
        -1.7658e-02, -5.0663e-02, -1.5849e-03, -1.4233e-02,  3.4626e-02,
         4.5417e-02, -7.8958e-02, -1.4257e-02,  5.3659e-02,  1.4440e-02,
         1.3626e-02,  3.3306e-02, -8.9692e-02, -2.5105e-02, -2.4372e-03,
        -3.8319e-02,  8.7211e-03,  8.6931e-03, -2.9855e-02,  7.7735e-02,
        -5.4722e-02,  1.2210e-02, -8.3943e-03, -1.8281e-02,  5.1127e-02,
         4.2804e-02,  7.7928e-03, -2.0163e-02, -5.3855e-02, -6.1026e-03,
         4.5757e-03,  5.3407e-02, -4.7695e-02,  1.9656e-02,  2.3144e-02,
         5.9104e-02,  1.5594e-01, -3.0418e-02, -2.2408e-01, -1.2845e-01,
        -3.4344e-02, -1.4424e-01,  1.8196e-02,  2.0718e-01, -2.3386e-01,
        -3.3244e-01, -1.7509e-01,  4.9626e-02,  1.0038e-01, -9.5908e-02,
         1.2705e-01,  9.1884e-02, -1.7116e-01, -9.1442e-02,  1.1368e-01,
        -4.7858e-02, -1.4658e-01,  7.0941e-02, -1.6649e-01, -8.8954e-02,
        -2.7966e-01,  6.1620e-02, -9.8882e-02,  9.8718e-02,  4.5445e-02,
        -1.2616e-02,  2.2209e-02, -5.9038e-02,  1.0968e-01, -2.2992e-01,
         3.2597e-03, -1.3744e-01, -8.1681e-02,  1.2892e-01, -8.3921e-02,
        -7.1034e-02, -5.8778e-02, -3.4229e-02,  1.5945e-03, -9.3760e-02,
         2.4630e-01,  1.8451e-01,  3.0873e-01, -2.2225e-02, -8.9341e-02,
        -2.5868e-01, -2.2165e-02,  9.4518e-03,  9.7236e-02,  3.7470e-02,
         1.7733e-02,  1.1057e-01, -1.6182e-01, -3.3975e-02,  1.6383e-01,
         2.9222e-03,  3.3961e-02, -2.2981e-02, -1.8295e-02,  5.6152e-02,
        -1.2657e-01,  6.6430e-02, -2.2678e-02,  4.7619e-02,  4.0050e-02,
        -2.0547e-01,  8.5511e-02,  6.7673e-02,  3.1108e-01,  3.0421e-02,
         1.9577e-01, -5.1502e-02, -1.0393e-01,  7.7291e-02,  1.0770e-01,
         1.6464e-02, -4.1351e-04, -2.5237e-01, -2.5411e-01,  1.1441e-01,
         4.3060e-02,  4.1971e-02,  1.0888e-02, -9.3969e-02, -1.5976e-01,
         1.9647e-01,  6.6816e-02, -1.3503e-01,  7.7192e-02, -9.7108e-02,
        -1.2621e-01, -1.2246e-01,  2.7421e-01, -1.3170e-01, -1.0112e-01,
         6.3795e-02, -1.3495e-01,  3.4853e-02, -3.4095e-02, -7.3659e-02,
        -5.0449e-02,  1.2266e-01,  1.1959e-01,  6.2616e-02, -1.0430e-02,
        -1.7333e-01, -3.4014e-02,  5.9831e-02, -2.1389e-02,  8.3082e-03,
        -9.3856e-02,  1.0905e-01, -1.1732e-02,  5.2376e-02, -6.3711e-02,
        -9.1786e-02, -2.0239e-01,  6.2627e-02, -1.4979e-01,  6.5222e-02,
         1.9320e-01, -1.2473e-01, -5.7901e-03, -1.3365e-01, -1.9891e-01,
        -7.7511e-03,  5.0728e-02, -1.1619e-01,  2.5824e-02,  7.8501e-02,
         8.7079e-02,  5.5107e-02, -6.1050e-03, -5.3153e-02, -8.7829e-02,
        -2.1563e-01,  1.0029e-01, -8.1136e-02,  1.2927e-01,  2.6333e-01,
        -8.6741e-03, -5.8380e-03, -1.0922e-01,  4.4146e-03,  1.4731e-01,
         8.7909e-02, -3.6560e-02, -3.3955e-01, -1.0703e-02, -8.4326e-02,
        -9.6023e-02,  2.5226e-01, -1.5980e-01, -3.0185e-02, -1.1723e-01,
        -2.7490e-02,  1.5819e-01,  1.7196e-01, -2.6507e-01,  1.8093e-02,
         2.3903e-01,  8.5273e-02,  5.4032e-02, -4.4455e-02,  1.4335e-01,
        -5.9389e-03,  1.2031e-01, -1.2064e-01, -2.8920e-02,  6.2149e-03,
        -8.9886e-02,  1.6757e-01, -1.4166e-01, -1.0677e-01, -1.1284e-01,
        -1.9072e-01,  9.1209e-02,  6.8178e-02, -1.1816e-01,  1.6930e-01,
        -2.3750e-02,  1.5954e-01, -9.2005e-02, -1.8242e-01, -1.6540e-01,
         1.2226e-01,  9.4434e-02, -2.5812e-02, -9.7120e-02, -1.6082e-01,
         5.4024e-02, -2.2820e-01,  6.5438e-02,  1.1512e-01,  1.0171e-01,
        -2.0016e-01,  1.4742e-01, -8.2087e-02, -9.7753e-03, -1.7685e-01,
         1.2061e-01,  1.9905e-01, -4.9535e-02, -7.3158e-02,  1.4847e-01,
         6.0367e-02,  5.5430e-02,  1.1285e-01,  1.5035e-01, -2.0265e-02,
        -1.7030e-01, -1.2299e-02,  1.8690e-01,  6.1326e-02, -3.8030e-02,
         1.9983e-01, -2.5661e-01, -8.8584e-02, -1.2683e-02,  1.1953e-01,
        -1.8425e-02,  2.3762e-02,  1.5426e-01, -9.2645e-02,  2.7871e-02,
        -9.6128e-03, -9.3221e-02, -2.5285e-02, -2.4946e-01, -8.7626e-02,
         3.1527e-02, -8.6216e-03, -4.8249e-02, -5.3034e-02,  1.4374e-02,
         5.4888e-02, -2.6064e-02, -1.0217e-01,  1.8592e-01,  1.8433e-01,
         1.4940e-01,  1.0859e-01,  1.4167e-01, -6.0131e-02, -1.7512e-01,
        -3.1604e-01,  3.7315e-02, -5.7358e-01,  7.0379e-01, -6.2382e-01,
         4.3387e-01,  6.4854e-01,  3.6335e-02, -6.7831e-01,  3.7428e-01,
        -5.8816e-01,  2.0902e-01,  4.2501e-01, -2.1572e-01,  4.5791e-02,
        -7.0785e-01, -5.1412e-02,  3.0000e-01, -7.2688e-02, -5.8720e-01,
        -6.7035e-01, -2.5586e-01, -3.1052e-01,  4.1281e-01,  1.9191e-02,
         4.0740e-01,  2.7123e-01, -2.5107e-01,  3.4516e-01, -3.2668e-01,
        -1.9641e-01,  1.3690e-01,  7.7975e-01,  2.0317e-01,  7.0756e-01,
         5.3901e-01, -1.1828e-01,  1.8634e-02,  5.9112e-03,  2.0283e-01,
        -3.1462e-01,  2.3884e-01,  7.6140e-01, -5.0058e-01, -1.1594e-01,
        -4.7847e-01, -2.7749e-01,  6.1821e-01,  3.1598e-01, -5.0433e-01,
        -5.0614e-01,  2.3094e-01, -1.6686e-01, -5.6634e-01, -2.2477e-01,
         1.6897e-01, -4.9030e-01, -7.0827e-01, -5.2946e-01,  4.1273e-01,
         6.8794e-01,  2.0232e-01, -4.5498e-01,  5.6299e-01, -4.4474e-01,
         6.6611e-01, -1.3295e-01,  1.2460e-01, -4.6425e-01, -4.2878e-01,
         3.7659e-01,  7.2641e-02, -2.0256e-01,  5.0299e-02, -4.4018e-01,
        -4.4954e-01,  2.0168e-01, -3.0563e-01, -7.4099e-01,  2.5102e-01,
        -7.9804e-01,  5.8212e-01, -6.7923e-01,  2.2907e-01, -7.5769e-01,
        -3.3808e-01,  4.0010e-01, -2.3775e-03, -4.9264e-01,  4.8016e-01,
        -3.3509e-01, -7.6306e-01,  4.7349e-02, -2.2971e-01, -6.5168e-01,
         3.8922e-01,  1.4222e-01, -7.3057e-01, -5.8215e-01,  3.1069e-01,
        -1.2800e-01, -1.8916e-01,  4.1773e-03, -8.5162e-01,  5.0165e-01,
        -4.6536e-01,  2.4804e-01, -6.9713e-01,  2.5327e-01,  4.5759e-01,
        -4.1929e-01,  5.9281e-01,  4.5757e-02, -5.0987e-02,  5.9673e-01,
         2.7781e-01,  4.1392e-01,  1.3763e-01, -4.3381e-01, -5.8247e-01,
        -4.1418e-01,  6.6947e-01, -3.8610e-01,  7.3236e-01,  1.0335e-01,
         4.6917e-01,  1.1248e-01,  3.1704e-01,  3.8289e-01,  6.2084e-01,
         6.6400e-01,  2.7744e-02, -3.1335e-01, -2.9230e-01, -7.0140e-02,
        -2.3025e-01,  8.6271e-01, -2.9498e-01, -8.4212e-01, -3.5287e-02,
         8.0751e-02,  3.0783e-02,  6.0331e-01, -4.7824e-01, -6.5500e-01,
         4.2241e-01,  3.4878e-02, -1.1144e-01,  5.0930e-01, -9.7670e-02,
        -3.9599e-01,  4.7159e-01,  7.7576e-01,  4.0074e-02,  4.7235e-01,
         3.0874e-01, -3.3499e-01, -7.5925e-01,  2.4221e-01,  1.2910e-02,
        -7.0458e-01,  4.9321e-01,  2.4138e-01, -9.0591e-01, -2.2525e-01,
         4.4306e-01, -6.9980e-01,  3.4215e-02, -5.0976e-01,  2.5661e-01,
        -4.5051e-01, -9.1444e-02, -8.3840e-01,  6.3446e-01,  1.5732e-01,
        -2.5258e-01, -1.1263e-01,  2.8041e-01, -3.7562e-02,  5.0691e-01,
         7.9512e-01,  4.6446e-01,  7.4553e-01,  5.5362e-01,  5.4705e-01,
        -2.5670e-01,  1.2549e-01, -1.6461e-01, -5.2973e-01, -4.0301e-01,
         4.9385e-01,  4.4375e-01, -2.8781e-01, -6.1948e-01,  6.2804e-01,
         7.1865e-02, -4.4262e-01,  2.2394e-01, -5.7373e-01,  3.1447e-01,
         7.0831e-01,  1.1308e-01,  5.1159e-01,  4.6684e-01, -2.1238e-01,
         3.3864e-01, -5.7487e-01, -8.4280e-01,  6.4160e-01, -5.4542e-01,
        -7.2891e-01,  2.3773e-01, -7.8658e-01, -7.8229e-01,  6.2391e-01,
        -6.3551e-01, -3.9976e-01, -6.5393e-01, -7.5830e-01,  1.9257e-01,
        -4.6656e-01, -2.2239e-01,  7.8334e-01, -1.0790e-01,  7.3609e-01,
        -6.0881e-01,  6.5247e-01, -2.7204e-01,  3.6824e-01, -5.4442e-01,
         7.7556e-01, -4.9970e-01, -4.6477e-01, -4.1327e-03, -4.7674e-01,
        -3.7338e-01, -3.4073e-02,  2.7587e-01,  1.2025e-01,  7.1370e-01,
         7.7175e-01, -6.9505e-01,  2.2472e-01,  6.7550e-01,  5.4267e-01,
        -6.1563e-01,  7.2221e-02, -1.6655e-01, -8.3891e-02,  4.6781e-01,
         4.2296e-02, -1.0931e-01, -9.3901e-03, -1.6156e-01,  4.5866e-02,
        -1.4158e-01, -2.4879e-01,  6.7419e-02, -3.0631e-01,  8.9285e-02,
        -2.4565e-02,  6.1372e-02,  3.6943e-02,  1.9572e-02,  2.0131e-01,
        -1.3561e-01,  4.2968e-01, -2.1385e-01, -1.2689e-01,  2.1592e-01,
         1.3670e-01, -3.4709e-01, -3.5120e-01,  8.0622e-02, -4.4893e-03,
        -2.6888e-02,  1.8818e-02, -3.7925e-02,  2.1707e-01,  7.1682e-02,
         1.2067e-01,  1.2665e-01, -2.5486e-01,  8.8473e-02, -4.6918e-02,
        -3.8087e-01, -7.4280e-02,  4.6697e-02, -2.2676e-01,  1.4751e-02,
        -1.1503e-01,  2.2840e-01, -2.6370e-01, -8.0147e-02,  1.9432e-01,
        -1.4092e-01,  2.6787e-01, -1.5366e-01, -1.0698e-01,  8.9164e-02,
         1.7255e-02, -1.8339e-01, -4.1779e-01, -2.7872e-01, -9.3741e-02,
         2.0731e-01, -2.9266e-02,  5.4715e-02, -2.4661e-01,  3.0661e-01,
         2.1426e-01, -3.8408e-01, -9.1600e-02, -2.8015e-01, -1.9096e-01,
        -2.8497e-01,  1.3410e-02, -1.7388e-01, -2.0611e-01,  3.7632e-01,
         5.6490e-03,  2.1394e-01, -1.3725e-01, -4.7092e-02,  9.2611e-03,
        -2.7138e-01, -6.2369e-02, -1.3799e-01,  1.6665e-01,  4.0971e-01,
        -2.0135e-01, -1.6777e-01, -2.3536e-01, -1.5300e-01,  1.7478e-01,
        -2.1841e-02, -5.7198e-02, -1.5142e-01, -1.7061e-01,  4.8150e-02,
        -2.2161e-01, -2.9661e-01, -2.6618e-01,  5.4351e-02,  3.6259e-01,
         1.5720e-01,  2.9489e-01,  1.2439e-01, -2.6379e-01,  1.6994e-01,
         1.8818e-01,  2.5302e-01, -2.4140e-01,  1.6583e-01, -2.2341e-01,
         1.4517e-01,  1.0435e-01, -1.1119e-02,  4.2696e-01, -2.2438e-01,
        -2.4676e-01, -1.5040e-01, -2.2966e-01, -2.6530e-02,  1.6656e-02,
         1.9179e-01,  2.0427e-02,  1.0226e-01, -3.8981e-01,  8.0371e-02,
        -2.4917e-01, -8.4537e-02,  1.3843e-01,  1.2916e-01, -4.9228e-02,
         2.5492e-02,  1.1975e-01, -2.1585e-01,  5.2740e-02,  1.0775e-01,
         5.7891e-03, -6.5563e-02, -1.8142e-01, -7.8927e-02, -2.2164e-03,
        -8.8984e-02,  1.1096e-01, -1.1517e-01, -1.7291e-01,  1.9216e-01,
         1.7992e-01,  3.0413e-01,  4.2557e-02,  2.6195e-01,  1.0325e-02,
         4.6514e-02,  1.0642e-01,  4.5965e-01, -3.8297e-01,  3.3042e-02,
         9.1202e-02,  3.0732e-01,  2.2257e-01,  1.4235e-01, -5.0820e-02,
         2.2540e-01,  2.2691e-01,  3.5316e-01, -1.8376e-01, -2.1277e-01,
         1.3066e-01,  4.9977e-02, -3.8689e-02,  3.3499e-02, -1.5884e-01,
         1.5850e-01, -2.6956e-01, -4.7961e-02, -3.1727e-02,  1.5611e-01,
        -3.9780e-02, -2.0867e-02,  4.8187e-01, -2.6996e-01,  2.2493e-01,
         2.6044e-01, -3.0085e-01,  3.7101e-02,  4.1194e-01, -1.0510e-01,
         2.0754e-01,  6.6160e-02, -9.6243e-02,  3.7103e-01,  3.5067e-01,
        -1.3798e-01,  5.9218e-02,  2.5954e-01,  1.5110e-01,  2.8335e-01,
        -2.2279e-03,  1.0816e-02, -4.1742e-02, -1.7147e-01, -4.6070e-02,
         2.3067e-01,  2.0382e-01, -3.0369e-01,  2.7731e-01, -1.6387e-01,
        -2.3204e-01,  2.0768e-02, -5.7760e-02,  9.7243e-02,  8.4584e-02,
        -1.8200e-01,  1.1637e-01, -1.0165e-01, -1.0739e-01,  1.3747e-01,
        -1.7266e-03, -1.5866e-01,  2.0985e-02, -2.6033e-01,  1.5847e-01,
         2.4786e-01, -4.4550e-02,  4.2189e-01, -8.4084e-02,  3.8470e-02,
        -1.8867e-01, -2.7491e-01, -3.6013e-01,  1.3445e-01, -3.1343e-01,
        -1.9058e-01, -1.5349e-01, -8.1495e-03, -3.7258e-01,  2.1925e-01,
         4.6715e-03,  3.4275e-02, -6.8516e-02, -2.3917e-01,  1.6968e-02,
         1.5577e-01, -3.2925e-01,  1.5665e-01,  2.3066e-01, -4.2842e-01,
        -2.5004e-02,  2.0501e-01,  1.1673e-01,  1.1868e-01, -2.6753e-04,
         1.2223e-01,  1.0032e-01, -5.9780e-02,  2.2557e-01,  9.3419e-02],
       device='cuda:1')
R 状态矩阵： torch.Size([5000, 1000])
r0 初始状态： tensor([ 2.0206e-02, -1.8313e-01,  3.7890e-02, -6.0546e-02,  2.5914e-01,
        -1.6006e-01,  1.3429e-01, -4.4097e-02, -5.8383e-02,  1.3346e-01,
        -2.7243e-01, -1.3901e-01, -4.0437e-01, -1.4554e-01,  1.6209e-01,
         1.0685e-01,  7.4945e-02, -1.1345e-01, -6.1384e-02, -1.4342e-01,
        -3.6630e-01, -1.8148e-01, -3.0833e-01,  2.4064e-01,  2.1535e-01,
        -2.4578e-01, -2.3019e-01, -2.8473e-01,  2.2909e-01, -3.0547e-02,
         3.1188e-01, -2.4850e-01,  5.7335e-02, -2.7278e-01,  1.0765e-01,
        -3.3068e-02,  4.5083e-02,  1.8972e-01, -1.4604e-01, -2.1802e-01,
         1.4710e-01, -1.1835e-01,  6.7436e-02, -1.0402e-02, -6.6190e-02,
         2.8457e-01,  4.2179e-02, -3.1168e-01,  1.1870e-01, -1.1847e-01,
        -2.5998e-01,  1.3690e-01,  1.8574e-01, -3.3750e-01, -1.6678e-01,
         2.1109e-01,  2.9042e-01,  8.6159e-03, -2.0125e-01, -1.4629e-01,
        -6.5911e-02, -1.1774e-01,  2.6345e-02, -7.8453e-02,  3.8216e-03,
        -1.8181e-01, -2.7414e-01, -1.2828e-01,  2.1019e-01,  1.5786e-01,
        -5.4274e-02, -5.6090e-02,  1.1822e-01, -5.0054e-02, -3.4109e-02,
         1.4087e-01,  1.8026e-01,  2.6769e-01, -2.9045e-01, -5.6753e-02,
        -1.2351e-02, -3.4314e-01, -5.6773e-02, -6.5160e-02,  4.7449e-01,
        -8.9778e-02, -1.0559e-01,  8.4804e-02,  1.6941e-01,  4.0632e-01,
         1.4916e-01,  5.4797e-02,  3.2665e-01, -1.3193e-01,  3.2374e-01,
         2.8635e-02,  8.4837e-02,  3.4672e-02, -1.4484e-01, -1.3874e-01,
        -1.8599e-01, -3.1315e-01, -2.1968e-02,  9.0778e-02, -4.8810e-02,
         3.2460e-01,  5.0774e-02, -2.0516e-01, -2.4398e-01,  2.0613e-02,
        -5.5938e-02,  1.6951e-01, -3.0518e-02, -1.3134e-01, -2.5784e-01,
         5.4446e-02,  3.0499e-01, -7.8405e-03,  2.9280e-02, -4.2117e-02,
        -4.6539e-02, -2.0009e-01, -2.5097e-01, -3.4361e-01, -3.9717e-01,
         1.0742e-01, -2.3139e-01,  9.7618e-02,  4.6946e-02, -2.2577e-01,
         3.8417e-02,  1.2951e-01, -2.1653e-01, -2.8311e-01,  1.0746e-01,
        -6.1345e-02,  4.8875e-01, -1.5688e-01, -2.5518e-01,  1.7563e-01,
         1.7631e-01, -1.0253e-01,  2.3203e-01, -7.1733e-02,  1.9540e-01,
        -4.3868e-02,  2.6993e-01, -5.0859e-03,  2.1072e-01,  5.8860e-03,
         6.8156e-02,  2.2275e-01, -2.8259e-02, -1.6312e-01, -3.1038e-01,
        -8.5515e-02, -8.4307e-02,  5.6804e-02,  9.5121e-02,  2.3785e-01,
         2.7536e-01,  2.7029e-02,  3.3742e-01, -8.1126e-03, -2.5583e-01,
        -1.0802e-01,  2.2035e-02, -1.4247e-01, -2.8720e-01, -1.2472e-01,
        -2.4330e-01,  1.1030e-01,  2.3359e-02,  7.8200e-02,  9.5266e-02,
         2.0025e-01,  1.7571e-01, -1.7489e-01, -4.6469e-01, -2.2969e-01,
        -3.2322e-01,  3.2335e-01,  3.9015e-01, -9.5191e-02, -2.3400e-01,
         2.0188e-01, -2.0816e-01, -1.5113e-01, -3.4843e-01,  1.4138e-01,
        -1.4057e-01,  1.4785e-01,  8.5248e-02, -2.8681e-01,  1.8848e-01,
         1.0100e-01,  1.4295e-01, -2.0335e-01,  1.2574e-01,  2.7642e-01,
         2.2284e-01,  2.1412e-02, -3.8484e-02, -2.5695e-01, -2.4340e-01,
         5.7594e-02, -3.3584e-03, -1.6576e-01, -2.7193e-02,  6.8129e-02,
         1.9978e-02,  7.5165e-02,  8.3573e-02, -1.6103e-01, -5.7961e-02,
        -3.2374e-01, -1.4683e-01, -1.8597e-01, -2.9181e-01, -9.5287e-02,
        -2.0969e-01, -1.2088e-01, -2.9542e-01,  3.0475e-01,  1.8113e-01,
         2.8687e-01,  5.0962e-02,  1.1155e-01,  9.4103e-02,  2.2998e-01,
        -2.4412e-02,  8.4954e-02, -1.9479e-01,  6.5323e-02, -3.6628e-01,
         2.6837e-01,  3.0055e-02,  8.6618e-02, -1.5195e-01,  1.4498e-01,
        -1.5490e-01,  1.6893e-01,  3.3269e-01,  2.2529e-01,  1.6107e-01,
        -1.4434e-02,  1.5598e-02, -1.3923e-01,  2.0861e-02, -2.9945e-03,
         3.7083e-03,  1.2657e-02, -1.5374e-03, -1.3397e-02,  2.5639e-03,
        -5.8210e-03, -1.4299e-02, -7.7369e-04,  3.5194e-03, -1.0078e-02,
         9.3820e-03, -7.0949e-04,  9.4240e-03, -2.5841e-03,  1.1043e-02,
        -7.5018e-03, -3.2467e-03, -9.0775e-03,  5.7159e-03, -1.4827e-02,
        -1.1836e-02,  1.2953e-02, -8.3925e-03, -5.7381e-04, -1.8588e-02,
         1.7191e-04,  6.0958e-03, -1.1029e-02, -1.4378e-02,  3.1179e-04,
        -5.9849e-03, -2.5555e-03,  1.4397e-02,  8.2375e-04, -1.7623e-05,
         6.6417e-03,  1.8817e-02, -5.3283e-03, -1.8525e-02, -1.1372e-02,
        -9.9007e-03, -9.9320e-05,  3.3263e-03,  8.0309e-03, -1.3717e-02,
        -1.5522e-02,  2.1433e-02,  8.7384e-03, -4.7781e-03, -4.2966e-03,
        -7.0109e-03, -1.0717e-02, -1.3769e-02, -3.1491e-03, -6.6880e-03,
        -4.2112e-03,  2.3976e-03, -1.2443e-02,  4.9202e-03,  4.2533e-03,
         1.6119e-03,  1.1022e-02, -2.1411e-04,  1.0137e-02,  1.4950e-02,
         1.6156e-05,  1.6705e-03, -1.0106e-02, -4.1607e-03, -2.0942e-02,
         6.0665e-03,  5.6237e-03, -3.2883e-03,  2.5805e-03,  2.3104e-03,
         3.3976e-03,  1.4879e-02, -1.6138e-02, -3.0128e-03,  2.1888e-03,
        -1.3558e-03, -4.1343e-03,  2.1376e-02,  8.1785e-03, -1.5526e-02,
         4.1270e-03, -1.9398e-03,  1.9016e-03, -1.2097e-02, -6.8776e-03,
        -1.0076e-03,  8.4573e-03,  1.9443e-02,  2.3810e-03,  1.1867e-02,
        -2.0340e-03, -1.4244e-02,  5.2891e-03,  3.8586e-03,  5.9237e-03,
         7.9362e-03,  5.3549e-03, -5.9888e-03,  7.9881e-03, -7.3309e-03,
        -1.3906e-02,  8.7779e-03, -5.4471e-03,  2.1610e-03,  1.1841e-02,
        -4.7681e-04, -1.9695e-02, -5.0615e-03, -7.0199e-03, -4.8488e-03,
         1.7123e-02, -1.6617e-03,  1.0919e-02, -8.9757e-03,  9.1200e-04,
        -4.9544e-03,  2.3542e-02,  6.6361e-03, -1.5320e-02, -1.6773e-02,
        -6.4813e-03, -5.3568e-03, -6.3851e-03, -1.6494e-02, -4.6825e-03,
         8.8323e-03,  4.3582e-03, -6.1497e-04, -5.3306e-03, -1.5747e-02,
         7.9974e-03, -1.6872e-02, -4.6023e-03,  1.2158e-02, -8.9862e-03,
        -4.6971e-03,  4.4843e-03,  7.6391e-03, -1.0996e-02,  1.1222e-03,
         1.0692e-02, -4.3737e-03, -1.8788e-03, -2.1128e-03,  9.0869e-03,
        -5.2241e-03, -1.3458e-03, -5.8634e-03, -1.3494e-03, -6.3461e-03,
         1.4007e-02,  1.5660e-02, -7.8015e-03, -1.6299e-02, -1.3323e-02,
        -7.2658e-03,  7.0312e-03,  1.6455e-03, -1.0550e-02, -4.1087e-03,
         2.3233e-03,  6.8101e-03,  9.9896e-03, -9.6890e-03, -2.2676e-03,
        -8.4823e-03, -1.3926e-03, -7.2007e-03, -1.9828e-02,  9.9352e-03,
        -1.3320e-02,  5.5451e-04, -3.3920e-04, -8.5144e-03, -3.2085e-03,
         9.3333e-03,  1.6891e-02,  2.8912e-03, -9.0327e-03,  2.9666e-03,
         9.1339e-03, -1.5151e-03,  4.1966e-03,  3.1506e-03,  1.5319e-02,
        -8.8527e-03,  7.0377e-03, -1.3466e-03, -1.6896e-02, -1.7125e-02,
        -1.3449e-03,  1.0332e-02,  4.5798e-03, -6.6567e-03, -4.4343e-03,
         1.2610e-02,  4.8178e-04, -1.0315e-03,  3.4115e-03,  3.7144e-03,
         8.5148e-03, -8.6480e-03,  6.5599e-04,  6.1699e-03,  1.6826e-02,
        -7.5692e-03,  7.1488e-03, -2.0265e-02,  8.8896e-03, -3.3635e-03,
         1.7723e-02,  3.9659e-03,  8.7703e-03,  7.1688e-03,  8.0019e-03,
        -4.1514e-03, -6.8110e-03,  1.0154e-02,  1.1539e-02,  6.7905e-04,
        -4.3748e-03, -1.2428e-02, -2.5303e-02, -1.1264e-02,  1.4790e-03,
         1.3785e-02, -2.1344e-03,  3.0304e-03, -1.2002e-02, -9.9842e-03,
        -2.0193e-02,  9.1200e-03, -5.8844e-03, -1.9696e-02, -1.0053e-03,
         4.7661e-03,  6.9683e-03, -2.8849e-03, -7.3707e-03, -1.7394e-02,
         6.5780e-03, -3.0081e-03, -8.7976e-03,  2.3258e-02, -6.3381e-03,
        -5.1986e-01,  7.7136e-02, -2.8255e-01, -3.3718e-01, -6.1810e-01,
        -7.1963e-02, -7.5363e-01,  3.2099e-01,  2.9419e-01,  2.2189e-01,
        -2.8396e-01,  4.9335e-01,  5.9673e-01,  4.0268e-01,  4.1448e-01,
         5.2637e-01,  6.1622e-02,  3.5016e-01,  1.7813e-01, -6.0334e-01,
        -1.2580e-02,  1.6776e-01, -4.4246e-01, -6.5524e-01, -1.0437e-01,
         1.8740e-02,  4.7789e-01, -5.8552e-01,  4.9442e-01,  3.1180e-02,
        -7.3876e-02, -2.2522e-01, -2.4795e-01, -1.8510e-02, -2.1046e-01,
         3.0657e-01, -3.2012e-01,  1.9847e-01,  5.4376e-01, -5.4709e-01,
         2.6167e-01,  4.9253e-02, -3.3847e-01, -1.3007e-01, -2.9442e-01,
         2.0423e-01, -1.0284e-01,  7.0508e-01, -5.6338e-01, -7.5316e-01,
         1.6511e-01,  7.8267e-01,  3.6016e-01, -3.4726e-01, -1.9752e-01,
         6.3520e-01, -5.3021e-01, -2.4739e-01, -4.8188e-01, -5.7930e-01,
        -5.0260e-01, -9.5410e-02,  1.7620e-01, -2.5983e-01, -1.6468e-01,
         3.4166e-01,  1.1182e-01, -5.4638e-01,  7.0894e-01, -6.4370e-01,
         3.7619e-01, -3.6878e-01, -1.4546e-01,  3.8375e-01, -1.2688e-01,
        -1.6321e-01, -3.0763e-01, -3.6731e-01, -3.8097e-02, -2.7949e-01,
        -5.9319e-01,  4.7735e-01, -7.6018e-02,  3.0625e-01, -2.5729e-01,
        -5.0441e-02, -2.8634e-02, -1.1495e-01, -3.5393e-01,  1.7558e-01,
        -6.7692e-01,  7.8600e-01, -6.0495e-01,  4.4611e-01,  1.0447e-01,
         2.4244e-01,  4.8571e-01, -1.1358e-02, -1.3232e-01, -5.5891e-01,
        -1.1400e-01,  2.6824e-01,  2.7935e-02, -4.9170e-01,  2.2376e-01,
        -3.4349e-01, -6.2382e-03,  5.1280e-01, -6.9478e-01,  5.2539e-01,
         4.3377e-01, -3.5928e-01,  5.0289e-01,  1.9632e-01, -1.4466e-01,
         1.4398e-02,  3.0754e-01,  3.2302e-01, -5.0527e-01, -4.4546e-01,
         6.5728e-01,  2.7237e-01, -6.4839e-01, -3.4408e-01,  3.7036e-01,
        -1.6106e-01, -4.7381e-01, -2.9451e-01, -1.0342e-01, -1.2470e-01,
        -1.0158e-02, -1.3912e-01, -4.6092e-01, -4.1621e-03, -2.0006e-01,
        -4.1608e-01, -3.3363e-01,  5.8441e-02,  3.7318e-01,  2.3861e-01,
        -4.2987e-01, -5.5258e-04, -5.8383e-02,  2.9100e-01,  4.1013e-02,
        -3.3819e-01,  2.2552e-01, -1.0499e-01,  5.9546e-01,  4.9011e-01,
         5.7209e-01, -4.0299e-01, -1.6126e-01,  1.6352e-01, -2.4838e-01,
         2.7003e-01,  1.4688e-01, -3.7718e-01,  5.8671e-01, -1.5775e-02,
         4.2271e-01,  7.6684e-02,  6.4082e-01,  6.1874e-01, -2.0487e-01,
        -6.7696e-02, -6.0684e-01, -1.7370e-01, -1.8802e-01,  3.0186e-01,
         4.9326e-01, -7.6502e-01,  5.6684e-01,  1.0922e-01,  2.1410e-01,
        -3.0516e-01, -1.0577e-01,  2.2792e-01, -8.4883e-01, -2.4615e-01,
         3.5164e-01,  5.0169e-01, -2.7730e-01,  1.6609e-01, -6.0256e-01,
        -6.4778e-02,  7.1379e-02,  1.9270e-01,  3.4153e-01, -1.6937e-01,
         2.0367e-01, -2.4480e-01, -8.9360e-02,  4.6985e-01, -1.4051e-01,
         3.7739e-01,  7.6002e-01,  2.5772e-01, -5.3364e-01, -1.9148e-01,
        -5.4277e-01, -8.5683e-01,  1.1064e-02,  5.0954e-01,  6.6657e-01,
        -7.3522e-02,  4.5658e-01,  5.2860e-01, -3.3051e-01,  6.0749e-01,
        -4.0386e-01, -4.3061e-01, -3.0522e-01, -4.3901e-01,  1.8142e-02,
         3.4313e-01, -6.8537e-01, -5.2643e-01,  2.0555e-01, -4.6765e-01,
         1.9480e-01, -4.1904e-01,  3.5178e-02, -3.4471e-01, -6.0110e-01,
        -1.8604e-01,  4.8192e-01,  4.9309e-01,  5.9761e-01,  6.7346e-01,
        -2.1146e-01, -5.1641e-01, -2.7265e-01,  2.0220e-01,  5.8114e-01,
        -6.9862e-02, -4.6271e-01, -1.8283e-01,  4.3035e-01,  3.5578e-01,
        -4.8786e-01, -3.6203e-01,  2.7866e-02, -2.5207e-02,  1.9895e-01,
        -2.0393e-01,  6.3251e-02, -7.3186e-01, -6.3307e-01, -5.8582e-01,
        -4.4304e-01,  6.4786e-02,  5.0524e-01,  1.4031e-01, -2.5451e-01,
        -4.7863e-01, -9.7171e-02, -5.5487e-01, -6.8031e-02,  2.1736e-01,
        -8.2158e-01,  5.7127e-01, -5.0696e-01,  2.1331e-01, -5.0108e-01,
        -3.4418e-01,  1.5100e-01,  2.1164e-01,  4.6443e-01,  5.3895e-01,
         5.4409e-01,  2.8373e-01, -3.8748e-01, -8.0174e-01,  5.7476e-01,
        -6.9552e-01,  4.9405e-01, -6.5653e-01,  1.1539e-01,  4.7257e-01,
         1.3574e-01,  8.7602e-02, -2.1505e-01, -2.6961e-01, -6.5543e-01,
        -2.3330e-01, -6.0644e-01,  1.7370e-01, -3.8633e-01, -4.3536e-01,
        -4.9732e-01,  4.8063e-01,  8.6081e-02, -1.6918e-01, -3.3109e-01,
        -1.9902e-01,  4.6674e-01, -1.2877e-02, -7.2432e-01,  1.7571e-01,
        -5.1087e-01, -5.3192e-01,  5.4144e-01, -1.9846e-02, -4.7154e-01,
        -4.4316e-01, -2.2616e-01,  1.0380e-01,  1.5895e-02,  2.7128e-01,
         6.1126e-01, -5.5288e-01, -1.0400e-01,  4.9878e-01,  3.4995e-01,
        -3.8879e-01, -1.1323e-01, -1.7791e-01, -3.0970e-01,  2.4134e-01,
        -5.2433e-01, -9.3070e-02, -3.2047e-01, -4.5007e-01,  6.4400e-01,
         1.1645e-01,  6.7580e-01, -5.4046e-02,  7.0296e-01, -2.0258e-01,
        -6.3475e-01, -3.1426e-01, -3.4499e-01, -3.6444e-01, -4.1336e-02,
        -2.9435e-01, -5.1926e-01,  1.1010e-01, -1.1839e-01,  4.7982e-01,
         1.2846e-01,  4.9367e-01, -6.2051e-01,  7.0511e-01,  5.4503e-01,
         4.4391e-01,  4.4335e-01, -6.5236e-01,  6.4748e-01, -7.3758e-01,
        -1.5859e-01,  5.0699e-01,  1.8741e-01, -1.7501e-01,  3.8367e-01,
        -7.5868e-01, -4.4236e-01,  2.8191e-02, -3.3332e-01, -1.3345e-02,
         3.4803e-02,  2.1955e-01, -2.9749e-01,  8.4669e-03,  7.2605e-01,
         4.0324e-01,  3.2955e-01, -7.3351e-01,  5.1804e-01, -3.4638e-01,
         4.2272e-01,  6.1856e-01,  2.8014e-01, -2.8066e-01,  4.5180e-01,
         3.9573e-01, -1.8510e-01, -4.8199e-01,  2.2507e-02, -5.9112e-01,
         3.6047e-01, -4.3240e-02, -3.6507e-01, -3.4075e-01, -3.9439e-01,
         1.5634e-01, -3.1784e-01,  1.4457e-01, -7.2709e-02,  5.5591e-02,
         4.7839e-01, -4.1096e-01, -2.2502e-01,  1.5281e-01, -9.6908e-02,
        -7.4460e-01, -3.2224e-01,  6.4535e-01,  8.4390e-02, -4.5606e-01,
        -2.4631e-01, -9.9289e-02,  7.2085e-01,  3.4764e-01,  2.0505e-01,
        -2.7260e-03,  1.3212e-01,  3.7025e-01,  4.2208e-01,  2.0035e-01,
        -2.7229e-02, -4.9489e-02,  2.7646e-01,  6.3291e-01, -1.1308e-01,
        -1.5146e-01,  1.8035e-01, -4.0427e-01,  1.4058e-01, -7.9529e-01,
         6.7201e-01, -6.6195e-01,  3.0180e-01, -1.7699e-01,  2.0224e-01,
         9.9888e-02, -3.0813e-01,  4.6505e-01, -3.7199e-01,  6.0819e-02,
        -1.7684e-01,  4.0974e-01,  6.3843e-01,  2.7781e-01, -5.6389e-01,
         1.8637e-01, -4.5911e-01,  4.7648e-01,  1.8318e-01, -4.4010e-01,
        -3.8873e-01, -5.1209e-01, -4.7247e-01,  3.4478e-01, -4.0335e-01,
        -2.6676e-01,  4.0608e-01, -1.9012e-01,  4.5393e-01, -4.1094e-01,
        -1.1803e-01,  3.6941e-01, -2.6574e-01,  4.7100e-01, -4.3567e-01,
        -1.5390e-01,  3.9347e-01, -4.1033e-01,  2.2277e-01,  7.9285e-01,
        -2.5072e-01,  5.9686e-01,  9.0301e-02, -5.7142e-01,  6.1292e-01,
         4.5852e-02, -2.3126e-01, -2.1370e-01, -4.3823e-01, -6.6807e-01,
         3.8755e-01,  7.1750e-01,  1.5643e-01, -5.4615e-01,  2.9688e-01,
         5.8768e-01, -4.1862e-01, -2.5255e-01,  2.1003e-01, -4.2971e-01,
        -1.8838e-01, -1.3486e-01, -3.5768e-01, -4.8258e-01, -6.4046e-01,
         2.7226e-01,  4.7971e-02,  3.5480e-01, -5.9296e-01, -9.0241e-03,
        -6.7347e-01,  2.1606e-01,  2.1382e-01, -6.7043e-01, -2.6880e-01,
         4.0717e-01,  5.9335e-01, -8.5683e-01, -6.7979e-02,  1.7035e-01],
       device='cuda:1')[I 2025-10-02 13:06:22,540] Trial 5 finished with value: 128294105552.0 and parameters: {'n_units': 1000, 'alpha': 0.8, 'sigma_in': 0.4, 'rho': 0.8, 'tikh': 1e-06, 'option': 1}. Best is trial 1 with value: 0.7970945835113525.
[I 2025-10-02 13:07:13,790] Trial 6 finished with value: 266100864.0 and parameters: {'n_units': 5000, 'alpha': 0.6, 'sigma_in': 0.1, 'rho': 0.8, 'tikh': 1e-05, 'option': 1}. Best is trial 1 with value: 0.7970945835113525.
[I 2025-10-02 13:07:49,674] Trial 7 finished with value: 20.89223289489746 and parameters: {'n_units': 4000, 'alpha': 0.4, 'sigma_in': 0.30000000000000004, 'rho': 0.8, 'tikh': 0.1, 'option': 1}. Best is trial 1 with value: 0.7970945835113525.
[I 2025-10-02 13:08:26,531] Trial 8 finished with value: 937.8900629679362 and parameters: {'n_units': 2000, 'alpha': 0.5, 'sigma_in': 0.7000000000000001, 'rho': 0.9, 'tikh': 0.0001, 'option': 3}. Best is trial 1 with value: 0.7970945835113525.
[I 2025-10-02 13:09:04,206] Trial 9 finished with value: 3240642.3333333335 and parameters: {'n_units': 4000, 'alpha': 0.4, 'sigma_in': 0.2, 'rho': 0.30000000000000004, 'tikh': 0.001, 'option': 1}. Best is trial 1 with value: 0.7970945835113525.
[I 2025-10-02 13:09:38,778] Trial 10 finished with value: 2.780738433202108 and parameters: {'n_units': 3000, 'alpha': 0.2, 'sigma_in': 1.0, 'rho': 0.2, 'tikh': 1e-08, 'option': 2}. Best is trial 1 with value: 0.7970945835113525.
[I 2025-10-02 13:10:11,553] Trial 11 finished with value: 3.6208657224973044 and parameters: {'n_units': 3000, 'alpha': 0.1, 'sigma_in': 1.0, 'rho': 0.1, 'tikh': 1e-08, 'option': 2}. Best is trial 1 with value: 0.7970945835113525.
[I 2025-10-02 13:10:45,525] Trial 12 finished with value: 6.678142189979553 and parameters: {'n_units': 3000, 'alpha': 0.1, 'sigma_in': 1.0, 'rho': 0.1, 'tikh': 1e-08, 'option': 2}. Best is trial 1 with value: 0.7970945835113525.
[I 2025-10-02 13:11:08,076] Trial 13 finished with value: 0.7581153710683187 and parameters: {'n_units': 3000, 'alpha': 1.0, 'sigma_in': 0.7000000000000001, 'rho': 0.4, 'tikh': 0.1, 'option': 2}. Best is trial 13 with value: 0.7581153710683187.
[I 2025-10-02 13:11:33,909] Trial 14 finished with value: 0.7672797441482544 and parameters: {'n_units': 3000, 'alpha': 1.0, 'sigma_in': 0.8, 'rho': 0.5, 'tikh': 0.1, 'option': 2}. Best is trial 13 with value: 0.7581153710683187.

Test Loss for each rep: [102728240.0, 383958840000.0, 820745000.0]
R 状态矩阵： torch.Size([5000, 5000])
r0 初始状态： tensor([ 0.0448, -0.0175, -0.0644,  ..., -0.0873,  0.1371, -0.2320],
       device='cuda:1')
R 状态矩阵： torch.Size([5000, 5000])
r0 初始状态： tensor([ 0.0186, -0.0026, -0.0110,  ...,  0.1627,  0.0017, -0.0543],
       device='cuda:1')
R 状态矩阵： torch.Size([5000, 5000])
r0 初始状态： tensor([ 0.0290, -0.0739, -0.0007,  ...,  0.0180, -0.0757, -0.1408],
       device='cuda:1')
Test Loss for each rep: [531294460.0, 231841810.0, 35166320.0]
R 状态矩阵： torch.Size([5000, 4000])
r0 初始状态： tensor([-0.1148, -0.0861, -0.1276,  ...,  0.1929,  0.1881, -0.1458],
       device='cuda:1')
R 状态矩阵： torch.Size([5000, 4000])
r0 初始状态： tensor([-0.0159,  0.0576, -0.0154,  ..., -0.3026,  0.0957,  0.2693],
       device='cuda:1')
R 状态矩阵： torch.Size([5000, 4000])
r0 初始状态： tensor([ 0.0062,  0.0385, -0.0130,  ...,  0.3779, -0.0517,  0.0920],
       device='cuda:1')
Test Loss for each rep: [32.344067, 27.105972, 3.2266598]
R 状态矩阵： torch.Size([5000, 2000])
r0 初始状态： tensor([ 0.6154,  0.3293, -0.0917,  ..., -0.5981, -0.4944, -0.1004],
       device='cuda:1')
R 状态矩阵： torch.Size([5000, 2000])
r0 初始状态： tensor([-0.7382,  0.1154, -0.0723,  ..., -0.1958, -0.3174,  0.2744],
       device='cuda:1')
R 状态矩阵： torch.Size([5000, 2000])
r0 初始状态： tensor([ 0.2506,  0.0335, -0.4772,  ...,  0.1842,  0.0763,  0.1044],
       device='cuda:1')
Test Loss for each rep: [117.70315, 2259.8772, 436.08984]
R 状态矩阵： torch.Size([5000, 4000])
r0 初始状态： tensor([-0.0995, -0.0322,  0.0273,  ...,  0.4899,  0.2199,  0.0419],
       device='cuda:1')
R 状态矩阵： torch.Size([5000, 4000])
r0 初始状态： tensor([-0.0284, -0.0307,  0.0202,  ..., -0.0815, -0.0305, -0.0700],
       device='cuda:1')
R 状态矩阵： torch.Size([5000, 4000])
r0 初始状态： tensor([ 0.0514,  0.0445,  0.0091,  ...,  0.0023,  0.0020, -0.0044],
       device='cuda:1')
Test Loss for each rep: [4137083.8, 2730766.8, 2854076.5]
R 状态矩阵： torch.Size([5000, 3000])
r0 初始状态： tensor([ 0.2425, -0.0685, -0.1255,  ..., -0.3105,  0.0881, -0.4801],
       device='cuda:1')
R 状态矩阵： torch.Size([5000, 3000])
r0 初始状态： tensor([ 0.0536,  0.0029, -0.0636,  ...,  0.2768,  0.6764,  0.1955],
       device='cuda:1')
R 状态矩阵： torch.Size([5000, 3000])
r0 初始状态： tensor([-0.4064, -0.0089, -0.3075,  ..., -0.4074, -0.7636,  0.5566],
       device='cuda:1')
Test Loss for each rep: [0.61703825, 0.7828224, 6.9423547]
R 状态矩阵： torch.Size([5000, 3000])
r0 初始状态： tensor([-0.0372, -0.2323, -0.0151,  ..., -0.2622, -0.2330,  0.3836],
       device='cuda:1')
R 状态矩阵： torch.Size([5000, 3000])
r0 初始状态： tensor([-0.1580, -0.0575,  0.2284,  ..., -0.0333,  0.1159, -0.0927],
       device='cuda:1')
R 状态矩阵： torch.Size([5000, 3000])
r0 初始状态： tensor([-0.1005, -0.2250,  0.2203,  ...,  0.0239, -0.1644, -0.7255],
       device='cuda:1')
Test Loss for each rep: [0.5623687, 9.835449, 0.46477926]
R 状态矩阵： torch.Size([5000, 3000])
r0 初始状态： tensor([-0.3861, -0.5494, -0.1021,  ..., -0.1876,  0.1891, -0.0192],
       device='cuda:1')
R 状态矩阵： torch.Size([5000, 3000])
r0 初始状态： tensor([-0.3581, -0.2573,  0.0025,  ..., -0.5249, -0.2586, -0.3210],
       device='cuda:1')
R 状态矩阵： torch.Size([5000, 3000])
r0 初始状态： tensor([ 0.0114, -0.0088, -0.0560,  ...,  0.2986,  0.1458, -0.1982],
       device='cuda:1')
Test Loss for each rep: [1.0377802, 14.6558275, 4.340819]
R 状态矩阵： torch.Size([5000, 3000])
r0 初始状态： tensor([-0.2102,  0.2739, -0.1496,  ..., -0.7495, -0.4721, -0.3946],
       device='cuda:1')
R 状态矩阵： torch.Size([5000, 3000])
r0 初始状态： tensor([-0.0746,  0.2116,  0.1745,  ...,  0.2856,  0.3680,  0.5222],
       device='cuda:1')
R 状态矩阵： torch.Size([5000, 3000])
r0 初始状态： tensor([-0.5306,  0.3164, -0.3240,  ...,  0.1158, -0.4618, -0.7133],
       device='cuda:1')
Test Loss for each rep: [0.7437264, 0.8313734, 0.69924635]
R 状态矩阵： torch.Size([5000, 3000])
r0 初始状态： tensor([ 0.2356,  0.2050,  0.3659,  ..., -0.1947,  0.3619,  0.0983],
       device='cuda:1')
R 状态矩阵： torch.Size([5000, 3000])
r0 初始状态： tensor([-0.3725,  0.3232, -0.0841,  ..., -0.3742,  0.2723, -0.5148],
       device='cuda:1')
R 状态矩阵： torch.Size([5000, 3000])
r0 初始状态： tensor([-0.0105, -0.2663,  0.4454,  ..., -0.5922,  0.3417, -0.2055],
       device='cuda:1')
Test Loss for each rep: [0.8546502, 0.6288574, 0.81833166]
R 状态矩阵： torch.Size([5000, 1000])
r0 初始状态： tensor([-0.0735,  0.0911, -0.3639,  0.2888,  0.0042,  0.4512, -0.0745,  0.2282,
         0.1584,  0.1053, -0.1337,  0.3714,  0.1878,  0.1742,  0.1674,  0.2000,
        -0.0189, -0.2292,  0.2130, -0.3184,  0.0555,  0.0744,  0.0287, -0.0484,
         0.3364,  0.1220, -0.0458, -0.1346, -0.2539, -0.0251, -0.1920,  0.0490,
         0.3945, -0.3056,  0.2398,  0.3630,  0.0796,  0.3972, -0.1999, -0.3156,
        -0.0984, -0.4183,  0.1976, -0.1565, -0.3410,  0.1336, -0.1508, -0.1582,
         0.3022, -0.0048, -0.4033,  0.1288, -0.2826, -0.3804, -0.0283,  0.0444,
        -0.1607, -0.1698,  0.1708,  0.0384,  0.2041,  0.2172, -0.0097,  0.0926,
         0.0141, -0.1996,  0.2400, -0.2795, -0.2706, -0.0356,  0.0039, -0.3050,
        -0.3291, -0.1426, -0.1358, -0.0527, -0.2018, -0.0406,  0.2240, -0.0176,
         0.0817, -0.1238, -0.2530, -0.0590, -0.4173, -0.2267,  0.1327, -0.2268,
         0.2193, -0.0902,  0.2209,  0.1507,  0.1287, -0.1471,  0.4114,  0.0161,
         0.1254,  0.0368, -0.0334, -0.1835,  0.2694,  0.2311, -0.2288,  0.1054,
         0.1562, -0.3045, -0.2188,  0.1059, -0.2269, -0.0292,  0.0148,  0.0563,
        -0.4292,  0.0380,  0.2450,  0.1171, -0.1129,  0.1234,  0.3185, -0.3417,
         0.1256, -0.1788, -0.3409,  0.0684, -0.2875,  0.0875, -0.0554, -0.1232,
        -0.1059, -0.4588, -0.0491, -0.4080,  0.2533,  0.2726,  0.5186,  0.0628,
         0.2127,  0.0624, -0.0175,  0.3030, -0.1572,  0.0192,  0.1607,  0.1651,
         0.0924,  0.1363, -0.1504,  0.1523, -0.4230, -0.1493, -0.3475,  0.2821,
        -0.0418, -0.1136,  0.0367,  0.0282,  0.0357,  0.4207, -0.4813,  0.3115,
        -0.1826, -0.1331,  0.2199, -0.1899, -0.0644,  0.0041, -0.0577,  0.1183,
        -0.0140,  0.0140, -0.3877,  0.2020,  0.1937, -0.1248,  0.2895,  0.2410,
        -0.0966, -0.1839,  0.3186,  0.1031, -0.0784, -0.0963,  0.1540,  0.1385,
        -0.2638,  0.0271,  0.0279,  0.1005, -0.1106,  0.0236, -0.0167, -0.1610,
         0.0803, -0.2925, -0.4432,  0.0963, -0.3241, -0.1673, -0.1098, -0.3758,
         0.2107, -0.0225,  0.1404,  0.3132,  0.0113,  0.2013, -0.0887, -0.1123,
        -0.0279,  0.3432, -0.1527,  0.3238, -0.3369,  0.0857,  0.4919, -0.2981,
         0.0849,  0.1415, -0.2155,  0.0759,  0.1034,  0.0031,  0.2519, -0.2725,
         0.0558, -0.2926, -0.0553,  0.3328, -0.3311, -0.0313, -0.0034, -0.3573,
         0.3204,  0.1439,  0.3598,  0.1436,  0.2071, -0.2218,  0.0262, -0.1855,
         0.1545,  0.3296,  0.1043,  0.2876,  0.2032, -0.0268, -0.0880, -0.1448,
        -0.4563,  0.1544,  0.0982,  0.1924, -0.0989,  0.2212, -0.0010, -0.0936,
        -0.1035, -0.1073,  0.0330,  0.0019,  0.1149,  0.1029,  0.1201,  0.1686,
         0.1170,  0.0156, -0.2173, -0.1336, -0.0205,  0.2334, -0.0385,  0.0169,
         0.0363, -0.0075, -0.0961,  0.0168,  0.0388,  0.1834,  0.0292, -0.0740,
         0.0047, -0.1222, -0.0756,  0.0346,  0.0432,  0.0930,  0.1637,  0.0158,
         0.2605,  0.0679, -0.0715,  0.1876, -0.1194,  0.1799,  0.0300, -0.0413,
         0.1039,  0.1203,  0.1708, -0.0401, -0.0263,  0.1213, -0.0066,  0.0623,
         0.1415,  0.0414, -0.0145,  0.1257,  0.0159, -0.1030,  0.1546,  0.0156,
        -0.0913,  0.0366,  0.1363,  0.1739, -0.0776, -0.2354,  0.0449, -0.1284,
         0.0334, -0.2264, -0.1514, -0.0013, -0.0204, -0.1489, -0.2208, -0.0209,
         0.0455, -0.1960, -0.0990,  0.0217,  0.0985,  0.1584, -0.1281,  0.2046,
        -0.1179, -0.2010, -0.0054, -0.0687, -0.0266,  0.0139,  0.1127, -0.0804,
         0.0817, -0.0747,  0.2232, -0.0883,  0.1025,  0.0994, -0.1938,  0.1016,
         0.1055, -0.1812,  0.0726, -0.1024, -0.1327,  0.0034,  0.1675,  0.0763,
         0.1076,  0.1518,  0.0760,  0.1127, -0.0200, -0.0608,  0.0978,  0.1776,
         0.2452,  0.0935,  0.0674,  0.0111, -0.1056, -0.0023, -0.0159, -0.0350,
         0.1535, -0.0378, -0.1329, -0.1495,  0.0849, -0.0318, -0.0871,  0.0543,
         0.1142, -0.1627, -0.0158,  0.0705,  0.0650, -0.1420,  0.0557, -0.0777,
         0.0149,  0.1321, -0.0306,  0.1509, -0.1610, -0.0195, -0.0703,  0.1796,
         0.1727, -0.1094, -0.0037, -0.2760, -0.1655,  0.1000, -0.1412,  0.0482,
         0.0429,  0.0774,  0.0389, -0.0247, -0.0948,  0.0088, -0.1233, -0.2141,
        -0.0519, -0.0124, -0.1879,  0.0342, -0.0475,  0.0648,  0.0819,  0.1322,
        -0.1086,  0.1217,  0.1624,  0.0787,  0.0238, -0.0485,  0.0361,  0.0325,
        -0.1033,  0.0098,  0.1115,  0.1527, -0.1362, -0.0126,  0.1485, -0.1028,
         0.1131, -0.0583,  0.0771, -0.0367,  0.0409, -0.1047, -0.1050, -0.0909,
         0.1414, -0.1794, -0.1455, -0.0142, -0.0237,  0.0973,  0.0379, -0.1184,
         0.0606, -0.0269,  0.2124,  0.1057,  0.1036,  0.1349, -0.1088,  0.0807,
        -0.0497, -0.1994, -0.0870,  0.0673,  0.1786,  0.0339, -0.0955, -0.0227,
         0.1649, -0.0381,  0.1631, -0.1109, -0.0875, -0.1337, -0.1648, -0.0163,
        -0.1290,  0.0114, -0.0254, -0.0683,  0.1272, -0.0536, -0.0069, -0.0659,
         0.1828, -0.1084,  0.1958,  0.0397,  0.1622,  0.0877, -0.0175, -0.0212,
        -0.1053,  0.0578, -0.0511, -0.0849,  0.0593,  0.0538,  0.5871,  0.1769,
        -0.4113, -0.4500, -0.2333,  0.2944, -0.0634,  0.0427, -0.5380,  0.7012,
         0.1949,  0.6023,  0.0747, -0.6323, -0.2345,  0.4486, -0.0740,  0.3449,
        -0.4477, -0.4186,  0.1139,  0.4208,  0.2742, -0.4504,  0.2674,  0.2055,
         0.0314, -0.3579,  0.0635, -0.0065, -0.1638,  0.4681, -0.0494,  0.1044,
        -0.0399,  0.3746,  0.4109,  0.5942,  0.1972,  0.3914,  0.0956,  0.2658,
        -0.3260, -0.0629,  0.1551,  0.0922, -0.0605,  0.3886, -0.2138,  0.1493,
        -0.0309,  0.5778, -0.2968,  0.3262, -0.1827, -0.1221,  0.0034, -0.5442,
         0.0751,  0.0615, -0.3485, -0.2380, -0.4363, -0.4047, -0.2510, -0.0931,
        -0.1641, -0.0038, -0.2169,  0.5122,  0.1568, -0.1388,  0.2331,  0.3983,
         0.4113,  0.2732, -0.0522, -0.4747,  0.2194, -0.3824, -0.3774, -0.1366,
         0.5094,  0.1914, -0.3871,  0.1188, -0.6077,  0.1161,  0.0666, -0.3339,
        -0.1831, -0.3540,  0.3828,  0.1297, -0.2438,  0.1353, -0.3555, -0.1531,
         0.0836,  0.0306,  0.2144, -0.0452,  0.6118,  0.2127, -0.0549, -0.3721,
        -0.4256,  0.4777,  0.2649,  0.2984, -0.0832, -0.3698,  0.5958,  0.1821,
         0.1531,  0.7356,  0.0229, -0.1297,  0.3389, -0.6653, -0.0829,  0.2872,
         0.1475, -0.1793,  0.1093, -0.4916, -0.0179, -0.1857, -0.4077, -0.0765,
        -0.1522, -0.0084,  0.3035,  0.0039,  0.0130,  0.4300,  0.2449,  0.4527,
        -0.0292, -0.0678,  0.0404, -0.5878, -0.1602,  0.2597,  0.3592, -0.1869,
         0.0050,  0.1357, -0.2106,  0.4509,  0.3129,  0.5438, -0.4147, -0.3618,
         0.3829, -0.1484,  0.2194,  0.3318,  0.0310,  0.2845, -0.3891, -0.4105,
        -0.3435,  0.3077, -0.0772, -0.0551,  0.3561, -0.5305, -0.2942, -0.3171,
        -0.5618,  0.0077,  0.4833,  0.3534,  0.5818, -0.4373,  0.6559, -0.0861,
        -0.6652,  0.0044, -0.1535, -0.4929,  0.0047,  0.3349,  0.0343,  0.6734,
        -0.6170, -0.2710,  0.1468, -0.3024, -0.2747,  0.0286,  0.1414, -0.7583,
        -0.5164, -0.0158,  0.1315, -0.4694,  0.3859, -0.4862, -0.0301,  0.3162,
         0.0552, -0.0679, -0.0275, -0.3444,  0.1126,  0.2159,  0.3935, -0.1816,
        -0.1730,  0.7879, -0.1760, -0.3616, -0.4652, -0.2716,  0.2559, -0.3492,
         0.3920, -0.3508,  0.4457, -0.2257,  0.2899,  0.2059,  0.2192,  0.3534,
        -0.1009,  0.4937, -0.3435, -0.3332,  0.0128, -0.3538,  0.0656, -0.3178,
        -0.2935, -0.1369,  0.2973,  0.0971, -0.1299,  0.1560,  0.5913, -0.3976,
        -0.2148, -0.0530,  0.3176,  0.3099, -0.5258,  0.1644, -0.5967,  0.1710,
         0.7630,  0.3303, -0.1676, -0.3578,  0.1179,  0.6694,  0.0607, -0.2819,
        -0.5272, -0.1468,  0.1333, -0.7394,  0.6282, -0.6266, -0.8064, -0.1328,
         0.3594, -0.3329,  0.2859,  0.6137,  0.3031, -0.6640, -0.3445,  0.4911,
        -0.4663,  0.4676,  0.6562,  0.2431, -0.1566, -0.5372,  0.1538,  0.1464,
        -0.5637, -0.3688, -0.2815,  0.5734,  0.8451,  0.3621, -0.4521,  0.3960,
         0.8358,  0.4350,  0.6431,  0.6718, -0.4654, -0.2297,  0.0133, -0.0634,
         0.5272, -0.0307, -0.4334, -0.2764, -0.6357,  0.4157, -0.2678,  0.2052,
         0.1259,  0.0918,  0.1348,  0.3004,  0.5653, -0.2735,  0.1674, -0.3385,
        -0.0839, -0.5295,  0.4388, -0.3937, -0.2441, -0.3150,  0.4143, -0.0136,
         0.0405, -0.3300, -0.1069,  0.4347, -0.6081, -0.3529,  0.3951,  0.6576,
         0.0412, -0.2191,  0.0959, -0.6174, -0.2436,  0.4552, -0.2071,  0.7800,
         0.4114,  0.1457, -0.7396, -0.0052, -0.0547,  0.2838,  0.4245, -0.2216,
        -0.1650, -0.1321,  0.3228,  0.3737,  0.5772, -0.2951, -0.1269, -0.4853,
         0.3959, -0.7120,  0.5681, -0.2262, -0.1261, -0.4676, -0.0143, -0.5652,
         0.2921,  0.1389,  0.0911, -0.6837, -0.3893,  0.4667, -0.5318, -0.4475,
         0.4189, -0.2444,  0.2926, -0.3905,  0.2355, -0.1627, -0.6470,  0.6334,
        -0.2938,  0.6407,  0.2886, -0.2143,  0.0630,  0.5421,  0.0713,  0.4691,
         0.3083, -0.8028,  0.1756,  0.5849,  0.1990,  0.0243,  0.5551,  0.3079,
         0.7954,  0.2749,  0.0744,  0.0585,  0.3279,  0.5955, -0.0547,  0.3571,
         0.2311, -0.5839, -0.2192, -0.5965, -0.0040,  0.6014, -0.0419, -0.2940,
        -0.0086,  0.0908, -0.5463, -0.5606, -0.3739, -0.6816,  0.1826,  0.3330,
         0.2967, -0.4806,  0.2993, -0.0069, -0.0526, -0.4777, -0.1879,  0.2794,
        -0.4551,  0.2922,  0.2589, -0.5176,  0.4069, -0.3327,  0.1723,  0.1125,
         0.0089, -0.2962,  0.0764, -0.1364, -0.4525, -0.2166, -0.6394,  0.2363,
         0.2331,  0.5590,  0.3998,  0.4600, -0.0226, -0.1029,  0.0102, -0.0550,
        -0.3208, -0.2412, -0.1506,  0.0790, -0.3815,  0.2388, -0.3356,  0.0431,
        -0.5561,  0.3745,  0.2838, -0.6168,  0.1036, -0.2802, -0.6400, -0.3740,
        -0.7313, -0.3878,  0.4660,  0.2114, -0.2167,  0.1338, -0.3915, -0.5552,
         0.2009,  0.0095,  0.2973, -0.0752,  0.0736,  0.3760,  0.0366, -0.1535,
         0.3232,  0.1661,  0.4595, -0.3112,  0.2187, -0.6354,  0.2344,  0.3873,
        -0.7552,  0.2606,  0.4481, -0.0888,  0.5284,  0.2945, -0.1641,  0.3863],
       device='cuda:1')
R 状态矩阵： torch.Size([5000, 1000])
r0 初始状态： tensor([ 1.8505e-01, -2.7037e-01,  1.6578e-02, -4.5164e-01, -1.6511e-01,
        -1.4891e-01,  3.8998e-02,  2.1772e-01,  2.2840e-01,  2.7934e-01,
        -1.7741e-01,  3.3948e-02,  5.6490e-02, -4.9197e-01,  2.4967e-01,
        -6.5432e-02,  4.6600e-01, -4.8642e-01, -5.5127e-02, -7.6693e-02,
        -3.4466e-01, -1.4243e-01,  9.7541e-02,  2.7887e-01,  3.9749e-01,
        -9.3479e-02,  2.8413e-01, -5.5259e-01,  3.5713e-01, -4.1861e-01,
        -4.2229e-01,  1.4592e-01,  4.4948e-01,  4.8932e-01, -1.1796e-02,
         3.9763e-01, -2.7854e-01, -5.2354e-01, -4.3268e-02, -3.3566e-01,
         3.3715e-01, -3.8128e-01,  2.0470e-01, -4.2979e-01, -4.5940e-01,
        -3.8555e-01, -6.5890e-02, -3.0388e-01, -1.1040e-01, -3.9581e-01,
        -2.4356e-01,  3.9201e-01, -3.2039e-01, -3.0461e-01, -3.1378e-01,
        -2.1583e-01, -1.1943e-01,  3.6987e-01, -6.4274e-02, -2.8169e-02,
         3.9365e-01, -1.9521e-02,  4.8227e-01, -1.7566e-01,  3.2010e-01,
         1.7673e-01, -1.8507e-01, -3.1556e-01, -4.0813e-01,  2.8786e-01,
         7.1610e-03, -1.9192e-01,  1.9352e-02, -1.0334e-01,  1.6128e-01,
         3.7147e-01,  2.7383e-01,  3.1991e-01, -2.0951e-01,  1.6869e-01,
        -1.0319e-02,  2.0171e-03, -1.2357e-02, -2.6789e-01,  2.1543e-01,
        -7.8963e-02, -2.9684e-01,  4.1319e-01,  3.5458e-03, -1.3893e-01,
        -3.4302e-01, -2.1460e-01, -6.1097e-02, -5.7484e-02,  1.6168e-01,
        -2.9306e-01, -4.1434e-01, -1.7454e-01,  1.2546e-01,  2.7180e-01,
        -2.8037e-01, -2.0212e-01,  2.8736e-01,  2.6135e-01, -2.0430e-01,
         1.7192e-01,  2.6259e-01,  4.2642e-01, -6.8851e-03, -1.3453e-01,
        -1.9130e-01,  5.2830e-01,  4.5366e-01,  3.5442e-01,  2.0382e-01,
         2.6165e-01,  1.3477e-01, -7.5081e-02, -1.3833e-01, -2.7138e-01,
         3.6871e-01,  2.9213e-01, -3.7618e-01, -1.6092e-03, -3.9458e-01,
        -3.0739e-01,  3.1969e-02, -3.7615e-01,  1.6929e-01, -2.8453e-01,
         6.5360e-02, -1.8153e-01,  1.1336e-01,  2.4531e-01, -3.6991e-01,
        -1.9073e-02,  8.8475e-02,  8.4264e-02, -1.0359e-02, -2.1926e-01,
         2.9733e-01,  3.0459e-01, -1.6565e-01, -2.9840e-01, -1.6719e-01,
         2.9099e-01, -1.2336e-01,  2.1504e-01, -3.1705e-01, -3.8240e-01,
         2.9066e-01, -3.4271e-01,  1.3547e-01, -3.4282e-01,  5.1464e-01,
        -3.0037e-01, -1.5672e-01,  2.3940e-01,  2.3151e-01, -3.5569e-01,
         3.1382e-01,  1.3645e-01, -4.7589e-02, -7.3621e-02,  1.6135e-01,
        -3.5381e-01, -1.9485e-01, -3.3517e-01,  3.4674e-01, -4.3875e-02,
         3.5974e-01, -1.5820e-01, -3.1960e-02,  3.0626e-02, -1.3323e-01,
         2.4500e-01, -3.5648e-01,  1.5532e-02,  1.5844e-01,  4.4525e-05,
         1.9651e-01,  1.4054e-01,  2.8624e-01,  7.8209e-02, -9.7329e-02,
         5.1730e-01, -1.1872e-02, -2.6067e-01,  1.9457e-01, -3.4635e-02,
        -4.9994e-01,  5.9530e-01,  1.0619e-01, -2.8484e-02, -3.5871e-01,
         7.4872e-02, -2.8528e-01,  2.0358e-01, -2.2551e-01, -1.9930e-01,
        -3.2092e-01,  1.4885e-01, -1.4552e-01, -2.5368e-01, -1.1835e-01,
        -3.7502e-01, -2.0169e-01,  2.0132e-01, -1.0547e-01, -8.2461e-02,
         1.4039e-01,  3.3785e-01,  1.9425e-01, -1.3814e-01, -1.6191e-01,
         3.4701e-01,  3.1691e-01,  2.2073e-01,  1.6517e-01,  4.4855e-01,
         1.0575e-01, -8.2029e-02, -3.7843e-01,  3.2190e-01,  4.9339e-01,
         4.9303e-02,  2.7681e-01, -5.5994e-01,  3.1291e-01,  6.3448e-01,
        -4.0440e-02, -2.1356e-01, -1.3790e-01, -2.9811e-01,  1.5614e-01,
        -2.4603e-01, -3.1235e-01, -8.6774e-02,  3.2075e-01, -3.0461e-01,
        -5.9830e-01,  5.3003e-01,  9.7109e-02, -9.6880e-02, -2.6232e-01,
         1.3470e-01, -1.4584e-01,  2.0332e-01, -2.9876e-02, -3.8686e-02,
        -5.8976e-02,  3.1609e-01, -4.8099e-01, -6.1220e-02,  3.9784e-01,
         3.5041e-01, -5.5258e-01, -9.7140e-02, -5.0161e-01, -6.2894e-02,
        -1.8074e-01, -8.4258e-02, -2.4730e-01, -3.5814e-02, -1.1610e-01,
         3.3432e-01,  7.7446e-02,  3.3403e-01, -2.3553e-02, -3.2077e-01,
         3.8906e-01, -9.5108e-02, -1.1330e-01, -2.4301e-01, -1.4380e-01,
         1.9899e-01,  2.3768e-01, -1.5960e-03, -4.2178e-01,  2.1155e-01,
         3.7544e-01,  4.9126e-02,  5.7114e-01, -2.4356e-01,  9.1357e-02,
         2.8055e-01,  3.7647e-01,  3.2740e-01,  3.0025e-02, -2.2742e-01,
         6.2855e-02,  2.3868e-01,  3.8899e-01,  3.7392e-02,  1.0411e-01,
         5.3801e-01, -8.7195e-02, -2.8243e-01, -2.0235e-01, -1.8387e-01,
        -1.9570e-01,  2.5945e-01,  7.2465e-02, -2.9409e-01, -1.0424e-01,
        -1.0115e-01, -1.2168e-02, -2.2148e-01, -4.8881e-02, -5.8130e-01,
        -1.0823e-02, -4.0953e-01, -1.4137e-01,  2.8252e-02, -3.0078e-02,
        -1.9400e-01, -4.8992e-01,  3.2375e-01, -3.3447e-01,  1.4647e-01,
         2.8301e-02, -2.3882e-01, -1.5513e-01,  4.1365e-01, -3.8161e-01,
        -5.3675e-01, -4.1064e-01,  4.6816e-01,  1.1453e-02, -5.7087e-01,
         5.0684e-01,  6.6566e-04, -8.0607e-02, -9.1536e-02,  3.4767e-01,
        -5.2688e-01, -2.2379e-01,  2.3865e-01,  3.2648e-01,  6.5220e-01,
        -2.5145e-01, -1.9624e-01,  3.8676e-01, -1.3777e-01,  9.1188e-02,
        -1.1160e-01, -1.4066e-02, -9.0760e-02,  3.0733e-01,  4.0704e-01,
         2.4298e-01, -7.7901e-02,  2.4259e-01, -2.2391e-01,  2.0774e-01,
        -7.3894e-02,  2.3174e-01,  8.9726e-03, -3.6477e-01,  3.4999e-01,
         3.5047e-01,  1.7825e-01, -2.4951e-01, -4.0708e-01, -3.1757e-01,
         1.4821e-01,  1.7700e-02,  9.2664e-02,  3.3913e-01, -2.6290e-01,
         5.2622e-01, -1.6285e-01, -3.3717e-02,  6.0290e-01,  4.0453e-01,
        -5.2177e-01,  1.3111e-01,  2.5529e-01,  4.2863e-01, -2.4923e-01,
        -2.0896e-01, -6.9669e-02,  1.7385e-01,  2.1693e-01,  2.6065e-01,
        -3.1800e-01, -3.1612e-01,  3.8763e-02,  4.1407e-01,  3.5731e-01,
        -7.8770e-02,  3.4804e-01, -4.2009e-01, -1.0750e-01, -6.0773e-02,
         2.4171e-01, -1.5914e-01,  1.6597e-01,  2.2659e-01,  7.1062e-02,
        -1.2357e-01,  1.8178e-01,  8.9341e-02, -1.3453e-01,  3.6223e-01,
        -1.9277e-01, -1.5871e-01, -3.5989e-01, -2.1976e-01, -2.0682e-01,
         4.9875e-01, -1.9027e-01, -3.8685e-02, -2.6619e-01,  4.3995e-02,
         5.2064e-01,  2.1069e-01, -1.9653e-01, -3.8796e-01,  7.1670e-01,
         2.2408e-01, -3.9666e-02, -3.9179e-01,  2.3747e-01,  2.8725e-01,
        -1.1798e-01, -4.4113e-01,  4.5504e-01,  1.9403e-01, -3.7678e-01,
         1.9388e-01, -5.4924e-01, -1.5933e-01,  8.4650e-02,  3.0823e-01,
         1.1226e-02,  4.7581e-01, -1.7003e-01,  4.1079e-01, -2.3929e-01,
        -4.3590e-01,  6.7845e-01, -1.7783e-01,  3.0066e-02,  2.8669e-01,
         5.6918e-01, -1.3961e-01, -2.4011e-01,  8.5531e-02,  2.4117e-01,
         4.4196e-02, -3.7997e-01, -4.3261e-01, -2.0212e-01,  3.9896e-01,
         2.5251e-02, -3.1953e-01,  6.1580e-01, -7.6275e-02, -5.4996e-03,
        -6.1290e-01,  1.5418e-01,  1.6614e-01, -3.5633e-01, -1.9250e-01,
         3.2434e-02,  4.1254e-01,  3.5659e-02, -3.7070e-02,  4.0187e-01,
         3.1422e-01,  3.9198e-03, -4.2333e-01, -4.7083e-03, -3.5038e-02,
        -2.4765e-01,  4.1880e-01, -6.6950e-02, -5.0848e-01,  2.0695e-01,
        -2.1472e-01, -4.4959e-01, -2.8767e-01, -2.9478e-01,  4.0786e-01,
         2.6411e-01,  8.2032e-02, -1.5492e-01,  1.5323e-01, -1.1405e-01,
        -4.3388e-02, -4.7089e-01,  3.7830e-01, -4.7995e-02, -3.3241e-01,
        -1.2498e-01,  2.9064e-01, -4.6648e-01,  5.2306e-01, -2.4310e-01,
        -5.8098e-01,  6.3839e-01,  4.3534e-01,  7.4819e-01,  3.6734e-01,
         1.0091e-01, -6.0758e-01, -5.2590e-01, -2.3783e-01,  2.8608e-01,
        -1.2052e-02, -4.8989e-01,  1.5792e-01,  5.6791e-02,  1.8472e-01,
         3.6258e-01,  4.7198e-01,  2.0737e-01, -7.2414e-01,  5.3322e-01,
         6.5898e-01,  1.2937e-01,  5.6023e-02, -2.5373e-01, -3.9036e-01,
         2.5778e-01, -2.8750e-01,  3.0336e-01, -3.2554e-01,  4.8562e-02,
         7.3213e-01, -2.6041e-01,  5.3720e-01,  3.0237e-01, -2.2005e-01,
        -4.6169e-01, -1.8203e-01, -5.7618e-01, -1.2719e-01,  3.0590e-01,
         3.0175e-01,  5.6951e-01,  2.9553e-01,  4.1755e-01,  6.6432e-01,
        -6.1233e-01,  5.3363e-01, -1.9104e-01, -5.8238e-01, -3.7954e-03,
         6.6661e-01,  1.6762e-01, -6.0867e-01,  1.9019e-01,  3.1182e-01,
         3.1340e-01,  7.3817e-01,  1.1996e-01,  5.6462e-01, -7.2885e-01,
        -1.1271e-01,  3.3261e-02, -4.7777e-01, -1.0365e-01, -7.9948e-01,
        -4.5514e-01,  1.2420e-02,  4.1329e-01,  2.1020e-01, -1.0618e-01,
        -7.6377e-01,  1.6150e-01, -8.2695e-01, -4.4529e-01, -4.5568e-01,
        -9.8433e-02,  2.7224e-01,  3.2329e-01, -5.6613e-01, -6.3038e-01,
        -6.8685e-01,  4.6442e-01,  1.3993e-01, -3.2348e-01,  4.1587e-01,
         4.3601e-02, -5.1267e-01, -4.2023e-01, -7.1775e-01,  3.2314e-01,
        -5.5081e-01,  6.9435e-01, -2.2020e-01, -8.2434e-02, -8.2492e-01,
        -5.0080e-01,  5.8597e-02, -5.5537e-01, -5.1923e-01,  3.6032e-01,
         5.8610e-01, -1.1841e-01, -5.5985e-01, -3.3860e-01, -3.4563e-01,
        -6.4405e-01,  7.5130e-01,  3.4191e-01, -3.2630e-01,  1.2456e-01,
        -6.2011e-01,  7.4270e-01, -6.7731e-01, -1.0008e-01,  8.7046e-02,
        -4.9143e-01, -1.2927e-01, -6.0264e-01,  4.1598e-01, -1.6883e-01,
        -6.2301e-01, -2.9300e-01,  2.9973e-01, -2.3157e-01,  9.0826e-02,
        -7.2330e-01,  5.8727e-03,  6.4380e-01, -6.8286e-01, -6.7801e-01,
        -2.3458e-01, -3.9306e-01, -2.7325e-01, -3.9754e-01,  3.4594e-01,
        -7.0955e-01, -5.3742e-01, -4.1390e-01,  6.0187e-02, -4.3991e-01,
        -4.7951e-01, -3.9883e-01,  2.4558e-01,  5.4116e-01,  5.3219e-02,
        -4.6654e-01, -4.9523e-01,  7.7588e-01, -3.1668e-01,  2.8079e-01,
        -5.5059e-01,  2.7250e-01, -1.7475e-01,  6.8415e-02,  5.0230e-01,
         3.4528e-01, -6.4856e-01, -7.8585e-02,  3.9040e-01,  3.5907e-01,
        -5.1421e-01,  2.7549e-01,  2.1460e-01,  8.2625e-01,  1.5203e-01,
         3.8156e-01,  6.5993e-01,  8.2103e-02, -9.4283e-02, -2.5552e-01,
         5.4806e-01, -3.2311e-01,  2.8650e-01, -2.1225e-01, -2.3152e-01,
         6.1237e-01, -1.0681e-01, -7.2420e-01, -4.6861e-02,  5.7065e-01,
         2.9005e-01, -2.4414e-02,  2.9328e-01, -6.4460e-03,  3.1303e-01,
         7.1535e-01, -5.6813e-01,  1.7907e-01,  1.5983e-01,  2.7480e-01,
        -4.1549e-01,  5.5281e-01,  1.8683e-01, -2.7039e-01, -1.6465e-01,
         2.4829e-01, -3.5710e-02,  5.5602e-01, -6.8185e-01,  1.8168e-01,
         1.9967e-01, -2.8603e-01,  6.1379e-01,  1.8822e-01,  1.8097e-01,
        -4.9570e-01, -7.2623e-01,  1.9747e-01,  5.2269e-01,  1.6452e-01,
        -3.5882e-01,  6.0855e-01,  4.6555e-01,  2.6478e-01, -1.3999e-01,
        -4.4050e-01, -7.0182e-01,  1.3654e-01, -2.2391e-01,  3.9709e-01,
         1.8083e-01,  1.7961e-01, -6.0764e-01, -5.7479e-01, -4.2909e-01,
        -2.7746e-02,  3.8346e-01,  5.0622e-02,  1.6922e-01,  6.0509e-01,
        -2.4218e-01,  5.6184e-02,  1.5724e-01, -5.1804e-01, -3.8435e-01,
        -4.2090e-01,  2.7116e-01, -6.4867e-01,  2.4714e-01, -1.5381e-01,
        -5.8057e-01,  3.8851e-01, -3.4142e-01,  4.0724e-01, -4.1782e-01,
         8.4368e-01,  7.4285e-01,  2.1680e-01, -1.4132e-01,  8.4451e-02,
         5.3926e-01,  2.0208e-01, -7.2956e-01,  2.7154e-01,  7.8160e-01,
         5.3926e-01,  3.2618e-01, -8.9733e-02,  3.6934e-01,  6.8518e-01,
        -3.1001e-01,  5.5323e-01, -6.9790e-01,  3.2138e-01, -2.9281e-01,
        -7.1786e-01, -2.5678e-01, -1.8234e-01, -7.5768e-02,  1.9003e-01,
         6.9362e-01,  8.2336e-01,  5.2673e-02,  1.5486e-01, -6.2270e-01,
         1.5154e-01, -5.3742e-02, -5.7344e-01, -3.6864e-02,  7.2186e-01,
        -3.3465e-01,  2.5893e-01, -3.7086e-01, -3.1906e-02, -1.2122e-01,
         2.7738e-01,  4.6951e-02, -2.1847e-01,  7.2649e-02,  2.1528e-01,
        -7.0752e-01, -5.7719e-02,  9.2507e-02, -2.9125e-01, -2.0661e-01,
         3.9118e-01, -3.3556e-01,  3.4256e-01,  6.7329e-01,  6.3635e-01,
         7.9749e-01,  6.5357e-01,  9.2276e-02,  1.3516e-01,  5.5525e-01,
        -6.3989e-01, -6.8086e-01, -8.7891e-01,  8.3132e-01, -2.1730e-01,
         1.4939e-01,  4.1016e-01, -4.7420e-01,  2.2430e-01,  4.7282e-02,
         2.0995e-01,  5.0710e-01,  4.6665e-01,  6.5980e-01, -2.8325e-01,
        -5.3331e-01, -4.1879e-01,  1.1736e-01,  6.7437e-01,  5.5894e-01,
        -8.1648e-01,  1.9833e-02,  2.4532e-01, -6.2232e-01,  7.4126e-01,
         7.9793e-01,  1.1103e-01,  2.3047e-01, -3.8117e-01, -1.5669e-01,
         5.5289e-02, -5.1053e-01, -3.6942e-01, -6.7974e-01, -1.6411e-01,
        -1.6492e-01, -9.4640e-01,  2.4657e-03, -6.6764e-01, -4.6358e-01,
         4.4319e-01, -1.9988e-01, -8.2787e-01,  2.7170e-01, -6.8977e-02,
        -8.5485e-01,  7.5386e-01, -8.0349e-01,  6.0462e-01, -3.4181e-01,
        -4.6279e-01,  3.5428e-01,  8.4654e-02,  2.9399e-01, -7.4607e-01,
         4.8009e-01, -4.5767e-01, -2.4833e-01, -5.2693e-01,  4.1764e-01,
         7.0637e-01, -6.7808e-01, -2.2508e-02, -8.2624e-03,  8.6038e-01,
         5.7248e-01,  2.6319e-01, -8.0032e-01,  6.0424e-01, -1.0201e-01,
         5.2952e-01, -8.3781e-01,  3.2691e-01,  6.5584e-01, -8.3231e-02,
        -3.9625e-01, -5.0895e-01, -2.7168e-01, -3.8756e-01,  7.8893e-01,
         6.4644e-01,  3.2919e-01,  1.0686e-01,  3.9304e-02,  8.4991e-02,
        -6.7396e-01,  4.4077e-01, -3.7118e-01,  2.9572e-01,  3.1225e-01,
        -5.9272e-01, -4.2089e-01, -7.8351e-01, -4.4608e-01,  5.9658e-01,
        -4.0583e-01, -1.2723e-01, -4.6435e-01,  7.5758e-01,  9.1151e-02,
         1.3341e-02, -4.1374e-01, -6.2484e-01,  3.5127e-01, -7.7300e-01,
         7.1112e-01,  3.4218e-01, -5.8887e-01,  2.2958e-01, -1.2920e-01,
         1.7016e-01,  1.8456e-01, -7.7454e-02,  5.6383e-02, -3.5054e-01,
        -7.7580e-02,  6.2735e-01, -3.5461e-01,  2.3655e-01,  3.1929e-01,
        -6.7269e-01,  1.3367e-01,  2.0792e-01, -7.8476e-01, -1.5758e-01,
        -2.5345e-01,  4.9807e-01, -2.2108e-01,  7.6458e-01,  1.3283e-01,
        -2.4573e-01, -5.7508e-01, -4.0263e-01,  1.8016e-01, -6.1623e-01,
         2.5409e-01,  1.5235e-01, -5.0046e-01,  1.0716e-01, -2.4914e-02,
        -6.1911e-01,  2.7663e-01,  9.0723e-02, -6.5458e-02,  4.5095e-01,
        -2.2406e-01, -3.3659e-01, -4.8712e-02,  7.1501e-02, -3.0023e-01,
        -8.9238e-02,  3.3984e-01, -6.7121e-01, -3.1597e-01, -7.1603e-01,
        -6.7958e-01, -4.3424e-01, -1.1653e-01, -6.6375e-01,  2.6803e-01,
         1.5463e-01, -8.5040e-02, -3.4669e-01, -3.2599e-01, -2.3878e-01,
         9.9740e-02, -2.2521e-02, -5.3771e-01, -6.6013e-01, -6.1800e-01,
         5.0347e-01,  6.0907e-01, -6.4564e-01,  4.8606e-01,  4.7115e-01,
        -1.3429e-01, -4.5256e-01, -2.3401e-01,  3.2162e-01, -6.1178e-01,
         8.5207e-03,  1.2858e-01,  4.8631e-02, -2.9893e-01,  5.1823e-01,
        -5.0484e-01,  7.0847e-01,  4.0805e-01,  5.3808e-01,  6.4313e-01,
         2.5045e-01, -2.5314e-01, -5.5472e-01,  4.9998e-01, -2.8293e-01],
       device='cuda:1')
R 状态矩阵： torch.Size([5000, 1000])
r0 初始状态： tensor([ 3.9298e-01, -2.8725e-01,  5.6357e-01,  2.5116e-01, -3.0921e-01,
        -2.6014e-01,  4.9193e-01,  2.0167e-01, -2.5788e-01, -3.8559e-01,
        -1.7007e-01,  3.9409e-01, -4.3790e-01, -1.8836e-02,  3.7009e-01,
         8.7211e-02,  3.5001e-01,  1.4192e-01, -3.2290e-01, -9.2949e-02,
         4.2254e-01, -1.2623e-01, -1.6615e-01, -3.1524e-01,  1.9648e-01,
         2.0185e-01, -1.2012e-01, -1.7202e-02, -4.8339e-01, -3.8828e-01,
        -4.9285e-01, -3.9315e-01, -3.9675e-01, -9.4806e-02, -7.2937e-02,
        -4.9560e-02,  3.2904e-01,  6.5834e-01,  3.8476e-02,  1.0682e-01,
         3.0809e-01, -1.3310e-01,  2.9053e-01, -3.4561e-01, -2.3192e-02,
        -5.1343e-01,  2.3161e-01,  3.5699e-02, -7.9139e-02, -1.6263e-01,
        -5.8448e-01, -3.6186e-01,  7.9293e-02,  9.0692e-02, -2.6404e-01,
        -1.3868e-01, -3.2052e-02,  5.2037e-01,  9.5263e-03, -3.3383e-01,
         9.6472e-02, -3.7013e-01,  2.5287e-01,  4.7294e-01,  1.5211e-01,
         1.0703e-01, -1.2163e-01,  2.1903e-01, -1.8640e-01, -1.4064e-02,
        -1.5712e-01,  3.3290e-01, -3.8981e-01,  4.1876e-01, -3.5279e-01,
         1.1700e-02,  1.8841e-01, -4.3973e-01,  3.8879e-01, -4.7715e-02,
         8.2760e-02, -2.5122e-01, -2.7888e-02,  2.1148e-01,  8.1859e-02,
        -3.7857e-01,  2.6167e-01,  1.5028e-01, -4.6099e-01,  3.8447e-01,
         2.6785e-02, -4.0671e-01, -5.7367e-01, -1.1050e-01,  3.0192e-02,
        -3.3262e-01, -3.2994e-01, -3.4707e-01,  2.7228e-01,  3.0945e-01,
        -2.1165e-01,  1.5024e-01, -4.1454e-02,  4.5373e-01,  3.7939e-01,
        -2.4844e-01, -1.6064e-02, -3.2605e-01, -2.0856e-01, -5.8384e-01,
         2.8063e-01, -1.4909e-01, -4.0577e-01, -1.9352e-01, -2.4236e-01,
         4.0512e-01,  3.0424e-02, -7.6423e-02, -2.2347e-01, -2.1149e-01,
        -1.3573e-01, -2.0914e-01,  4.5768e-01,  3.2277e-02,  3.1486e-01,
         2.7087e-02,  3.1092e-01,  3.8723e-01,  3.5797e-01,  1.1785e-01,
         2.3469e-01,  1.5256e-02, -3.2956e-02,  3.4212e-03,  4.2002e-01,
        -5.1857e-01, -1.3015e-02,  1.5423e-01,  3.3385e-01,  4.8914e-01,
         1.6263e-01, -1.5891e-02, -1.3031e-01,  1.4404e-01, -3.0978e-02,
        -3.3125e-01, -5.3382e-01, -2.2104e-01, -1.2772e-01, -5.2039e-01,
        -6.2694e-02,  3.1319e-02,  2.8447e-01,  1.5533e-01, -2.8337e-01,
        -1.4934e-01, -7.8947e-02,  2.4904e-01, -1.7450e-01,  3.6061e-01,
         1.1402e-01,  2.9045e-01,  6.5626e-01, -3.7771e-01, -9.2345e-03,
         3.3864e-01,  1.5402e-02,  3.0762e-02, -9.5322e-02,  2.6111e-01,
        -1.1360e-01,  2.7800e-01,  4.8154e-01, -1.8086e-01, -2.9883e-01,
        -2.2926e-02,  2.2533e-01,  3.8066e-01,  1.9152e-01,  4.0758e-01,
        -2.6314e-01,  1.8927e-02, -1.4565e-01,  1.9198e-01, -1.7427e-01,
        -3.2312e-01,  1.8731e-01,  9.1054e-02, -1.9640e-01, -2.9951e-01,
         7.1161e-02, -1.2597e-01,  3.0160e-01, -5.1496e-01, -3.0148e-01,
         5.7441e-02, -1.8451e-01,  6.0908e-01,  3.4643e-01,  7.1860e-02,
         5.8892e-01,  1.5643e-01,  3.5807e-01, -4.8696e-01,  2.0117e-02,
        -1.8088e-01,  3.0830e-01, -2.0631e-01, -1.1495e-01,  1.5436e-01,
        -1.4505e-02, -2.2674e-01,  5.4122e-02,  1.8877e-01, -2.1481e-01,
        -5.5393e-01, -3.0047e-01, -3.1882e-01, -2.8900e-01,  4.7375e-01,
        -3.4407e-01, -1.5545e-01, -3.3106e-01,  1.8593e-01, -3.1519e-02,
         2.4077e-01,  4.1815e-01, -2.0147e-02, -1.8056e-01, -2.7727e-01,
         3.8988e-01, -9.7638e-02,  3.4778e-02,  1.9784e-01,  9.6802e-02,
        -1.2164e-01,  4.0034e-01, -4.6362e-01, -3.7100e-01, -4.1481e-01,
         2.5377e-01,  6.5914e-02, -3.0178e-02, -8.0896e-02,  1.6641e-01,
        -1.9211e-01, -3.3115e-01,  6.0009e-02, -2.0698e-02, -5.6645e-01,
         6.6628e-02, -1.7705e-03, -5.7263e-01,  4.0267e-02,  1.3575e-01,
         3.1576e-01,  1.2367e-01,  3.4002e-01, -2.6919e-01, -5.6576e-02,
        -5.1930e-01, -1.4656e-01, -1.8658e-01,  9.9435e-02, -1.9637e-01,
        -5.9044e-01,  7.0686e-02, -4.2153e-02,  4.1806e-01,  9.4306e-02,
        -2.2072e-01,  7.5567e-02, -7.6438e-02,  2.7128e-01, -3.0162e-01,
         7.0538e-02, -3.7910e-01, -2.6794e-01, -5.5178e-01, -1.4307e-01,
         1.6686e-02,  2.5766e-01, -1.5776e-01, -1.7220e-01,  1.1281e-01,
         4.7958e-01,  6.6855e-01, -3.2265e-01, -6.5936e-01,  1.8038e-01,
        -3.4375e-01, -6.4020e-01, -6.0517e-01,  5.0337e-01,  5.3007e-01,
        -3.3239e-01,  1.1219e-01, -3.7236e-01, -2.1836e-01,  3.2285e-01,
         2.6745e-01,  2.0544e-01, -1.2294e-01,  6.0476e-02,  3.7337e-02,
         3.6500e-01,  2.1017e-01, -3.1960e-01, -8.1940e-02, -2.1483e-02,
        -3.0270e-02,  2.8610e-01, -5.5828e-01, -1.9989e-02,  4.5077e-01,
        -4.7565e-01,  5.8887e-01, -4.4880e-01, -9.2175e-02,  6.5490e-02,
        -4.0065e-02, -1.8938e-01,  3.8855e-01, -1.7787e-01, -4.4136e-01,
         2.8034e-01,  2.9069e-01,  3.8593e-01, -4.1952e-01, -5.4238e-02,
        -9.5677e-02,  2.2143e-01, -4.3090e-01, -5.1523e-01,  3.2959e-01,
         3.0426e-02,  1.9031e-01, -3.5362e-01, -1.1631e-01,  3.4563e-01,
        -1.4731e-01, -4.6038e-01, -3.2124e-01,  3.2758e-01,  2.3202e-01,
        -1.3601e-01,  4.9477e-01,  1.3911e-01, -2.2104e-02, -2.3418e-01,
         1.3771e-01,  2.5047e-01,  2.9447e-01,  2.5230e-01,  2.2581e-01,
        -3.6017e-01,  3.2056e-02, -3.5748e-01,  4.2201e-01,  5.0243e-01,
        -1.8199e-01,  2.2300e-01,  4.4172e-01,  3.0771e-01, -1.8813e-01,
        -1.0024e-01,  1.9087e-01, -4.1430e-01, -4.7319e-01,  2.4399e-01,
         1.3724e-01, -5.7329e-01, -2.9279e-01, -3.4715e-01, -3.4743e-01,
        -2.8030e-01, -4.1746e-01, -5.2923e-01, -3.4618e-01, -2.2198e-01,
         4.1751e-01,  5.8599e-01,  2.1850e-01,  1.5527e-01, -1.5272e-01,
        -1.6709e-02,  1.4584e-01,  5.3053e-01,  1.7232e-01, -2.1756e-01,
         1.1209e-01, -2.1209e-01,  4.4297e-01, -3.9292e-02, -3.2473e-01,
        -2.5213e-01, -2.8465e-02, -3.2848e-01, -5.1442e-01,  3.0939e-01,
        -5.7743e-02,  5.3605e-02,  5.8596e-02, -2.3052e-01, -1.9497e-01,
         6.0979e-01,  4.9548e-01, -2.8916e-01, -4.6014e-01, -2.2135e-01,
        -5.6487e-02,  4.3419e-01,  4.7354e-01,  3.0712e-01, -2.4970e-01,
         3.3407e-01, -1.7562e-01,  7.7738e-02,  2.7955e-02,  1.4527e-01,
         3.4788e-01, -2.4404e-01,  1.0867e-01, -1.5387e-01,  6.1511e-01,
        -3.8418e-01,  2.9244e-01,  4.2713e-01, -4.3890e-01,  1.2634e-01,
         4.4679e-01, -8.5185e-02,  3.1243e-01,  9.9292e-02, -2.6719e-01,
         1.0270e-01, -3.9420e-01, -2.3554e-01,  1.5179e-01,  4.9156e-01,
        -7.9563e-02, -2.1894e-01, -3.9645e-01, -1.7032e-01, -4.6854e-01,
         7.1982e-02, -1.8471e-01,  3.6477e-01,  3.2384e-01, -3.1996e-01,
         1.6482e-02, -3.3947e-01, -1.5500e-01,  4.4615e-01, -2.3693e-02,
        -2.1937e-03,  5.9276e-02, -1.2049e-01,  3.5071e-01,  2.7685e-01,
        -3.5464e-01,  2.0696e-01, -2.6241e-01,  4.2838e-01, -2.9983e-01,
        -3.8089e-01,  1.5954e-01, -6.4894e-01,  3.5748e-01, -5.4525e-01,
         4.1263e-02, -2.9726e-01, -2.5998e-01, -1.7526e-02, -2.4327e-02,
         5.0131e-01,  1.9163e-01, -3.0459e-01,  4.2933e-01, -1.9049e-01,
         1.3982e-01, -3.9550e-01,  2.0334e-01,  3.5744e-01, -4.0164e-01,
         2.5662e-01,  4.5816e-01,  2.4860e-01, -3.8531e-01, -7.4614e-02,
         2.6283e-01,  3.6091e-01,  2.7542e-01, -6.0240e-02,  1.8678e-01,
        -1.1424e-01,  1.5631e-01, -1.9588e-01,  2.8974e-01,  5.0386e-01,
         1.4325e-01,  5.7968e-01,  5.1618e-02, -6.0450e-01,  3.7488e-01,
         3.1479e-01,  3.8037e-01, -1.6612e-01,  5.6054e-03, -2.4163e-01,
         3.9768e-01, -2.8145e-01,  3.3236e-01,  2.9400e-01,  3.4499e-01,
        -2.5529e-01, -3.4459e-01,  8.4193e-02, -2.8791e-01,  5.8941e-02,
         3.8463e-01, -4.4200e-02,  3.6557e-01, -2.4141e-01, -2.8937e-01,
         4.1332e-01, -5.7472e-01, -1.0250e-01,  2.1977e-01,  4.6827e-01,
         1.0818e-01,  3.2120e-01, -1.8801e-01,  5.8899e-02,  1.7903e-01,
        -2.3029e-01,  6.0475e-02, -2.3767e-01,  3.9907e-01, -3.6089e-01,
        -6.2151e-01,  5.8591e-02, -8.7574e-02, -3.9609e-01, -3.3285e-02,
        -4.4741e-02,  1.1156e-01,  5.3830e-01, -1.1437e-01,  2.0764e-01,
         5.2973e-01, -2.9320e-01,  4.9177e-01, -4.5768e-01, -3.4830e-01,
         2.5905e-01,  4.9537e-01,  1.6601e-01, -5.3749e-01, -5.7866e-01,
         4.3032e-01, -9.4876e-02, -1.6114e-01,  5.7239e-01, -1.7226e-01,
        -3.6694e-01,  3.7523e-02, -4.3772e-01,  2.0859e-01, -4.9823e-01,
         4.4425e-01,  6.3579e-01,  4.3448e-01,  2.0323e-01, -3.0819e-01,
         4.7196e-01, -2.0381e-01, -8.4360e-02, -3.8432e-01, -1.0028e-01,
         1.1688e-01,  5.9200e-01, -3.4546e-02,  7.3845e-02, -4.7385e-01,
         4.2964e-01,  1.3813e-01, -4.5791e-01, -3.4101e-01, -8.7408e-02,
         3.8315e-01,  4.1803e-01,  3.6999e-01, -9.2814e-02,  1.1728e-01,
         2.8391e-01,  4.7573e-01, -1.2283e-01,  3.8820e-01,  1.7004e-01,
        -1.4058e-01,  3.1482e-01,  1.6478e-01,  3.7531e-02,  3.7687e-01,
         2.2639e-01,  4.0062e-01, -3.7439e-01, -3.8316e-02, -2.5504e-01,
         3.7934e-01, -2.9824e-01,  2.4541e-01, -7.2037e-04, -5.6890e-02,
        -2.0412e-01, -3.1395e-02, -1.4299e-01,  1.7747e-01, -3.4460e-01,
         5.1054e-01, -4.8506e-01, -2.5002e-01,  3.9357e-01,  7.8093e-02,
        -2.2730e-02, -3.2106e-02, -3.0364e-01,  1.9140e-01,  1.2907e-01,
        -3.5435e-01,  8.0844e-02, -1.6154e-01, -5.1864e-01,  5.3507e-01,
        -3.3100e-01,  3.1954e-01, -4.5621e-02, -3.7087e-01,  2.6333e-01,
         7.4209e-02, -2.3071e-01,  1.9595e-01,  4.1002e-01, -4.7902e-01,
         7.4813e-02, -1.6703e-01, -3.8841e-01, -4.1707e-01, -2.3020e-01,
         1.0391e-01,  4.8462e-01,  4.2211e-01,  4.3349e-01, -4.5360e-01,
        -4.8901e-01, -3.7403e-01,  2.9046e-01, -4.2184e-01, -2.9426e-01,
         2.6689e-01,  2.8447e-01, -1.6022e-01,  6.3293e-01, -4.9223e-01,
         2.8076e-01,  3.2014e-01,  1.8064e-01,  2.3520e-01,  3.1502e-01,
         3.3638e-01,  2.1985e-01,  3.4516e-01,  4.6220e-01, -2.7006e-01,
         4.4623e-01,  4.0936e-02, -3.8275e-01, -1.8150e-01,  3.4329e-01,
         3.0760e-01, -1.3734e-01, -4.6035e-02,  7.4078e-01, -5.3869e-01,
        -2.1221e-01,  3.4748e-01,  2.0062e-01, -3.8526e-02,  5.0315e-01,
         2.4121e-01, -3.3049e-01, -7.6246e-02, -1.9450e-01,  3.1128e-01,
         4.6133e-01,  2.8213e-01, -2.9062e-01,  1.9514e-01, -1.6828e-01,
        -5.9533e-01,  4.9204e-01, -2.1783e-01,  5.2792e-01,  1.7048e-01,
        -5.3761e-01,  1.7432e-01,  4.6754e-01, -3.7540e-01, -3.8705e-01,
         4.1204e-01,  3.2790e-01,  4.4017e-02, -4.2862e-01, -5.7690e-01,
         4.4464e-01, -5.4014e-01,  4.1199e-01, -3.3013e-01, -2.3151e-02,
        -5.0552e-01, -8.1507e-02, -3.7231e-01,  2.6254e-02,  2.5090e-02,
         1.9747e-02, -3.5823e-02, -1.7305e-01,  3.5992e-01, -1.8814e-01,
         3.8997e-01,  6.2711e-01,  5.7674e-01, -9.4007e-02, -2.8599e-02,
         6.9321e-01,  4.5879e-01,  4.1181e-01,  2.8274e-02, -1.0984e-01,
        -3.8039e-01,  3.3695e-01, -1.6607e-01,  4.4266e-01,  2.0114e-01,
        -3.0768e-01,  2.8912e-01, -2.6584e-01, -9.5695e-02,  5.0124e-01,
         7.3559e-02, -2.6585e-02, -2.1847e-01,  1.0729e-02, -2.5727e-01,
         5.4719e-01,  3.3833e-01,  1.0974e-01,  2.2584e-01, -2.2028e-02,
        -3.8888e-01, -2.5114e-01, -6.1710e-01, -9.3682e-02,  2.0986e-02,
         1.5249e-01,  9.3117e-02,  5.1275e-01, -1.0507e-01,  6.5321e-01,
         8.0267e-02, -5.7936e-01, -3.5532e-01,  6.1353e-01,  2.2265e-01,
        -6.5329e-01, -2.3890e-01,  7.3826e-01, -5.9956e-01, -4.4069e-01,
        -3.0674e-01,  4.7964e-01,  3.4443e-01, -1.2449e-01,  4.8115e-01,
         4.4432e-01, -5.2432e-01, -5.0231e-02, -2.2027e-01,  4.3311e-02,
        -2.8910e-01, -4.3374e-01, -5.7910e-01, -2.9166e-01,  3.1422e-01,
        -4.5873e-01, -2.5732e-01, -3.0881e-01,  3.8409e-01,  4.4572e-01,
        -5.4038e-02,  1.6392e-01,  7.1511e-01,  4.1190e-01,  4.3137e-01,
        -1.1682e-01,  1.1967e-01,  2.1371e-01, -2.2471e-01, -2.5562e-01,
        -4.9850e-01, -1.8714e-01,  3.1965e-01,  1.8681e-01,  2.6102e-01,
        -1.5021e-01, -4.4336e-01,  1.4370e-01,  1.9878e-01, -4.1707e-01,
        -5.4126e-01, -6.3743e-01, -7.2718e-01, -3.0344e-01, -2.9930e-02,
         5.0609e-01, -9.4214e-02, -6.9903e-01, -5.1242e-01,  2.9465e-01,
         5.7632e-01,  1.7417e-02,  1.1293e-01, -2.0400e-01, -6.8042e-01,
         5.6065e-01, -3.3769e-01,  2.3594e-01, -2.7281e-01,  1.2929e-01,
        -5.3188e-01, -1.8607e-01, -3.4800e-01,  3.9022e-01, -1.5698e-01,
         3.4762e-01,  4.7014e-02, -4.4362e-01,  6.2885e-01, -5.7981e-01,
        -1.7697e-01,  1.7916e-02,  1.9504e-01,  5.2990e-01, -4.9536e-01,
        -7.7316e-01,  3.0004e-01, -6.1990e-01, -5.9364e-01,  3.8510e-01,
        -5.9517e-01,  4.9780e-01,  1.9575e-01,  3.0208e-01,  5.1042e-01,
         5.9504e-01,  3.5940e-01, -4.3272e-01, -5.1046e-01,  2.6654e-01,
        -4.8589e-01, -1.6719e-01, -3.8603e-01,  3.1509e-01, -2.7961e-01,
         3.1324e-01,  4.7463e-01, -6.2407e-01,  4.3367e-01,  1.7468e-01,
        -6.2353e-01, -6.3547e-01, -3.9665e-01, -6.1732e-01,  4.1560e-01,
         4.2083e-01,  1.6372e-01, -1.5499e-01, -2.9464e-01,  2.3435e-03,
        -4.9571e-01,  2.5221e-01,  2.1727e-01,  5.9571e-03, -5.5622e-01,
         4.7221e-01,  6.5721e-01,  5.9303e-01,  1.4816e-01, -5.7218e-01,
         7.2555e-02,  2.4762e-01, -4.5565e-01, -3.5675e-01, -6.1192e-01,
        -7.6994e-01, -4.6001e-01,  6.2629e-01, -2.3948e-01,  5.4258e-01,
        -3.5154e-01, -6.7077e-02, -1.8952e-01,  2.6230e-01,  1.9529e-01,
        -1.0244e-01, -7.1784e-01, -1.2723e-01,  2.0529e-01, -1.9979e-01,
         2.9445e-01, -1.2645e-01,  2.9272e-01, -2.3566e-01,  1.6145e-01,
         6.6548e-02, -2.0662e-01,  3.4736e-01,  2.7450e-01,  2.1046e-01,
        -2.2187e-01, -7.2735e-01, -2.1638e-01, -3.7875e-01,  1.1778e-01,
        -1.4544e-01,  7.6790e-02,  6.2432e-01, -2.6099e-01,  5.0745e-01,
         5.5288e-01,  2.0870e-01,  1.3815e-01,  4.8049e-01,  1.8374e-01,
        -1.5723e-01, -2.2041e-01, -6.0014e-01, -7.4572e-01, -5.6721e-01,
        -3.8705e-01, -4.5235e-01,  5.5123e-01, -6.8851e-01,  2.1613e-01,
        -2.4030e-01, -2.2289e-01,  3.3033e-01,  3.2152e-03,  2.6356e-01,
        -2.6861e-01, -2.0165e-01,  4.4695e-02,  4.1323e-01,  5.3294e-01,
         2.0686e-01,  3.3445e-02,  3.3299e-01, -4.9662e-01, -4.6313e-01,
        -1.1534e-01, -5.4044e-01,  4.2415e-01,  5.4075e-01,  1.2209e-01,
        -3.3547e-01, -3.4320e-01,  7.6617e-02, -1.3881e-01, -6.0998e-01,
        -5.2702e-01,  2.0772e-01, -3.4358e-01, -8.7457e-02,  5.6545e-01,
         3.9191e-01,  3.4371e-01,  3.5057e-01,  1.2657e-01, -3.7090e-01,
        -2.1362e-01, -3.9676e-01,  4.3494e-01,  6.1717e-01,  3.1504e-01,
        -5.1413e-01, -1.5747e-01, -2.8266e-01, -7.1155e-01, -4.1328e-01],
       device='cuda:1')[I 2025-10-02 13:11:44,864] Trial 15 finished with value: 0.780470053354899 and parameters: {'n_units': 1000, 'alpha': 1.0, 'sigma_in': 0.7000000000000001, 'rho': 0.5, 'tikh': 0.01, 'option': 2}. Best is trial 13 with value: 0.7581153710683187.
[I 2025-10-02 13:12:03,209] Trial 16 finished with value: 432.1155751546224 and parameters: {'n_units': 3000, 'alpha': 0.8, 'sigma_in': 0.8, 'rho': 0.4, 'tikh': 1e-07, 'option': 2}. Best is trial 13 with value: 0.7581153710683187.
[I 2025-10-02 13:12:39,116] Trial 17 finished with value: 0.8156550129254659 and parameters: {'n_units': 3000, 'alpha': 0.9, 'sigma_in': 0.8, 'rho': 0.6, 'tikh': 0.1, 'option': 2}. Best is trial 13 with value: 0.7581153710683187.
[I 2025-10-02 13:13:00,779] Trial 18 finished with value: 1.4403904676437378 and parameters: {'n_units': 3000, 'alpha': 1.0, 'sigma_in': 0.6, 'rho': 0.30000000000000004, 'tikh': 0.1, 'option': 2}. Best is trial 13 with value: 0.7581153710683187.
[I 2025-10-02 13:13:54,573] Trial 19 finished with value: 2.821989913781484 and parameters: {'n_units': 2000, 'alpha': 0.8, 'sigma_in': 0.8, 'rho': 0.4, 'tikh': 0.1, 'option': 2}. Best is trial 13 with value: 0.7581153710683187.

Test Loss for each rep: [0.88646257, 0.7376562, 0.7172914]
R 状态矩阵： torch.Size([5000, 3000])
r0 初始状态： tensor([ 0.0500,  0.2548,  0.0991,  ...,  0.3380,  0.3416, -0.1169],
       device='cuda:1')
R 状态矩阵： torch.Size([5000, 3000])
r0 初始状态： tensor([-0.3877, -0.3657,  0.3472,  ...,  0.2680, -0.5453, -0.2896],
       device='cuda:1')
R 状态矩阵： torch.Size([5000, 3000])
r0 初始状态： tensor([-0.3707, -0.1846,  0.2361,  ...,  0.5748, -0.5838,  0.3092],
       device='cuda:1')
Test Loss for each rep: [615.6141, 199.19405, 481.5386]
R 状态矩阵： torch.Size([5000, 3000])
r0 初始状态： tensor([ 0.6209, -0.3284, -0.2371,  ...,  0.4659, -0.6054, -0.7499],
       device='cuda:1')
R 状态矩阵： torch.Size([5000, 3000])
r0 初始状态： tensor([-0.0491, -0.1241,  0.2591,  ..., -0.2879, -0.1653, -0.0580],
       device='cuda:1')
R 状态矩阵： torch.Size([5000, 3000])
r0 初始状态： tensor([ 0.2111, -0.1098, -0.0652,  ...,  0.1839, -0.4699,  0.2804],
       device='cuda:1')
Test Loss for each rep: [0.8230702, 0.74956787, 0.87432694]
R 状态矩阵： torch.Size([5000, 3000])
r0 初始状态： tensor([ 0.0368,  0.2175, -0.0701,  ...,  0.7530, -0.1431,  0.0058],
       device='cuda:1')
R 状态矩阵： torch.Size([5000, 3000])
r0 初始状态： tensor([-0.1616, -0.1588,  0.1300,  ...,  0.3130, -0.0432, -0.0836],
       device='cuda:1')
R 状态矩阵： torch.Size([5000, 3000])
r0 初始状态： tensor([ 0.4629, -0.1581, -0.4513,  ..., -0.1637,  0.2145,  0.2233],
       device='cuda:1')
Test Loss for each rep: [2.2825108, 0.80628264, 1.232378]
R 状态矩阵： torch.Size([5000, 2000])
r0 初始状态： tensor([ 0.0066,  0.0265, -0.0083,  ...,  0.4362,  0.2150, -0.2466],
       device='cuda:1')
R 状态矩阵： torch.Size([5000, 2000])
r0 初始状态： tensor([ 0.2239,  0.3144,  0.0736,  ..., -0.1127,  0.2239,  0.2630],
       device='cuda:1')
R 状态矩阵： torch.Size([5000, 2000])
r0 初始状态： tensor([-0.4775, -0.1097,  0.7068,  ...,  0.0481, -0.2431,  0.1081],
       device='cuda:1')
Test Loss for each rep: [0.90766615, 0.63362145, 6.924682]
R 状态矩阵： torch.Size([5000, 1000])
r0 初始状态： tensor([ 5.3133e-03,  2.8361e-02,  1.3898e-01,  6.5285e-02,  9.4806e-02,
         1.2810e-01, -4.7472e-02,  5.8554e-02, -4.4133e-02, -9.7498e-02,
         5.4849e-02, -2.2284e-01,  9.0685e-02,  7.6171e-02, -6.7458e-03,
        -1.8543e-01, -3.7981e-03,  9.9171e-02,  1.0929e-01,  1.8115e-01,
         1.3672e-01, -1.4123e-01, -1.6340e-01, -1.5938e-02, -6.3898e-02,
         1.8124e-02,  9.0125e-02, -3.4863e-02, -1.1297e-01,  3.2436e-02,
         9.8766e-03,  8.7512e-02,  7.4549e-02,  1.1777e-01,  4.1708e-02,
        -9.4420e-02, -1.8316e-01,  1.6419e-02, -2.0899e-01,  1.1837e-01,
        -1.1507e-01, -1.8778e-02, -1.3068e-01, -2.4336e-02,  1.8303e-01,
         4.2088e-02, -5.3821e-02, -3.4759e-02,  1.0240e-01,  9.4787e-02,
         6.1468e-02,  8.6501e-03, -1.3245e-02,  1.1278e-01,  2.5218e-02,
        -1.8596e-01, -2.0009e-01, -2.9539e-03,  5.4423e-02,  1.9048e-01,
        -2.9157e-02,  5.2787e-02, -1.9805e-01, -3.9691e-02, -5.0388e-02,
         1.7256e-01,  7.5372e-02, -4.3670e-02,  1.0340e-01, -2.4112e-02,
        -9.9866e-03,  2.2219e-01,  4.7965e-02, -8.1367e-02, -2.2903e-01,
         1.8151e-02, -1.3038e-01, -4.7396e-02, -1.7370e-01,  1.8665e-02,
         4.8879e-02,  6.6722e-04, -1.7929e-01, -2.1670e-02, -7.0190e-02,
         3.6097e-02,  4.1508e-02,  5.8120e-02,  3.3678e-02,  3.3463e-03,
        -6.0754e-02,  3.3552e-02,  4.6454e-02,  3.0941e-02,  1.0508e-01,
         1.1208e-01,  8.6002e-02,  1.2489e-01,  6.5606e-02,  1.2506e-01,
         9.0388e-02,  8.9439e-02,  2.5810e-02,  1.3865e-01, -2.9489e-01,
        -1.8558e-01, -1.0926e-01, -9.4083e-02, -3.3779e-02,  1.3623e-01,
         1.5658e-01, -2.0393e-02,  1.9385e-01, -2.0560e-01, -1.4189e-01,
         1.0492e-01, -2.3562e-01,  8.1755e-02,  1.3090e-01, -1.6466e-01,
        -3.9679e-02,  2.1251e-02, -4.8348e-02,  6.4000e-02,  1.8255e-01,
        -1.0618e-01, -3.4290e-02, -2.0625e-01, -1.8195e-02, -5.8856e-02,
        -1.0142e-01,  2.7833e-03,  8.7355e-03,  4.7164e-02,  1.5479e-01,
         4.7395e-02, -1.2534e-01, -1.4213e-01,  1.2904e-01,  4.1430e-02,
        -9.3639e-02, -1.1337e-01, -1.1835e-01, -1.7296e-01,  2.6164e-01,
        -1.7749e-01,  4.4723e-02,  1.1475e-01,  6.7286e-02,  1.6831e-02,
         4.1148e-02, -6.0084e-02, -5.5250e-02, -3.2745e-01, -1.4822e-01,
        -2.3527e-01, -1.2683e-01,  1.5990e-01,  1.7542e-01,  1.1774e-03,
         4.5668e-02,  5.1963e-02,  2.1526e-01,  1.7070e-01,  1.7620e-01,
         1.4145e-01, -1.1502e-02,  9.6952e-03,  1.5189e-01,  9.5276e-03,
         2.9008e-02, -1.7060e-01,  1.3186e-01,  1.3478e-01,  4.1191e-02,
         1.0415e-01, -4.3717e-02,  8.6908e-02, -1.2674e-01, -1.2565e-01,
        -7.9256e-02, -2.3877e-01,  5.7963e-02, -3.3950e-01, -6.8775e-02,
        -1.1541e-01, -4.9205e-02, -1.1953e-01, -1.1390e-01,  9.1888e-02,
         1.0054e-02,  9.0093e-02,  1.5256e-01, -1.3561e-01,  2.2258e-01,
         1.0317e-02, -7.8667e-02, -1.1370e-01, -1.6065e-02,  1.4112e-02,
         2.2667e-01, -5.0561e-02, -1.7063e-01, -7.7580e-02, -1.6238e-01,
        -9.9694e-02,  2.4835e-02, -1.1114e-01,  4.7602e-02,  5.3247e-02,
         1.8357e-01, -1.1609e-01,  5.3184e-02, -2.5403e-01,  6.5405e-02,
         8.3257e-03, -1.0958e-01, -2.0423e-02, -2.0713e-02,  1.6995e-01,
        -6.8519e-02, -1.2472e-01, -4.4667e-02,  6.3373e-02, -2.1637e-01,
        -1.2872e-02,  1.4647e-02,  3.9118e-02, -8.0744e-02, -1.6538e-01,
         6.3052e-02, -1.6918e-01,  9.3131e-02, -1.2177e-02, -4.0716e-03,
        -1.4837e-01,  3.9509e-02,  3.4741e-02, -1.3255e-01,  1.1245e-01,
        -3.7165e-03,  8.4888e-02, -2.6094e-02,  2.3046e-01, -1.3377e-04,
         2.0675e-02,  1.0902e-01, -1.0980e-01, -2.1326e-02,  9.6303e-02,
         1.2712e-01,  4.5322e-02, -1.2538e-01,  1.8684e-01,  6.6677e-02,
         1.4276e-01,  5.1509e-02, -7.0356e-02, -3.9961e-02,  7.9628e-02,
        -5.3886e-02, -9.2933e-03,  1.2824e-01, -1.2834e-01, -2.6352e-01,
         1.8763e-01, -1.0224e-01, -1.1014e-01, -7.0634e-02,  2.3793e-01,
        -2.2932e-01,  1.6769e-01,  8.1506e-02,  3.4397e-02, -1.4894e-02,
        -4.0997e-02,  1.1415e-01, -1.4259e-01,  3.8071e-02,  2.8226e-01,
         1.9937e-01, -1.9542e-02,  1.9466e-01, -8.8925e-02, -3.2725e-01,
         2.6330e-01, -8.9384e-02,  1.6621e-01, -8.2848e-02, -7.6545e-02,
         1.0895e-01, -8.1933e-02,  1.0921e-01, -2.4704e-01, -8.6644e-03,
        -1.0789e-01, -9.5051e-02,  5.0517e-02,  1.1516e-01, -7.1658e-03,
         1.7846e-01, -2.8793e-01, -8.8543e-02,  2.5494e-03,  2.6074e-01,
         3.2395e-01,  1.9777e-01, -7.9941e-02, -1.3734e-01,  4.5928e-02,
        -2.0768e-02,  2.7378e-02, -1.5803e-01,  3.7672e-02, -3.0028e-01,
         1.0816e-01, -1.4070e-01, -2.5215e-01, -1.1239e-01,  2.1643e-01,
         3.9745e-01, -2.5455e-01,  1.2332e-02,  3.1027e-01,  1.1730e-01,
        -3.1854e-02,  3.2009e-01, -1.1769e-02, -1.7676e-01,  1.4151e-01,
        -1.1579e-01, -2.6872e-01, -1.3795e-01, -5.6158e-03, -1.1843e-02,
         2.4653e-02, -1.7239e-02,  1.0579e-01,  1.7345e-01, -1.5551e-01,
        -1.0462e-01,  1.3454e-01,  1.3074e-01, -1.3056e-01,  2.7082e-01,
         1.2115e-01,  1.4069e-02, -2.3083e-01, -6.9805e-02, -7.1999e-02,
         1.5317e-01,  1.6105e-02,  1.2559e-01,  4.6002e-02,  1.4459e-02,
         2.2903e-01, -5.1208e-02,  1.3782e-01,  2.2780e-01, -2.8463e-01,
        -1.6431e-01,  2.9962e-01,  6.6913e-02, -5.0646e-02,  2.4208e-01,
         1.9316e-01,  4.8390e-02, -5.8030e-02, -5.3761e-02, -2.3039e-01,
        -1.0495e-01, -7.6592e-03, -2.0316e-01,  1.7622e-01, -3.3983e-01,
        -1.2846e-01, -2.6798e-01,  9.1863e-03,  2.0077e-02,  8.5279e-02,
        -1.6405e-02, -3.3435e-01, -7.2031e-02,  9.1360e-02,  4.0383e-02,
         7.5037e-02, -1.1749e-02, -5.6126e-02, -2.2868e-01, -5.3676e-02,
        -1.7748e-01,  3.2875e-02,  1.4312e-01,  2.1554e-01, -1.0558e-01,
         3.3532e-01,  4.4228e-02, -2.3263e-02,  1.0849e-01, -2.2684e-01,
         1.0084e-01,  1.7137e-01,  1.6172e-01, -2.1348e-01, -2.0343e-02,
         1.0528e-01, -1.6447e-01, -1.8341e-01,  7.6023e-02, -2.2004e-01,
        -9.1122e-02, -1.1660e-01,  6.2707e-02,  2.5103e-01,  3.0078e-01,
        -9.8711e-03,  9.8324e-02,  3.6427e-02, -2.0829e-01,  2.1047e-02,
        -9.4760e-03, -1.9069e-01, -1.0620e-01,  1.0075e-02,  2.3588e-01,
         7.8577e-02, -1.8416e-01, -5.7794e-02,  9.7027e-02, -9.6196e-02,
        -1.3078e-01, -1.9578e-01,  3.4236e-01, -3.9433e-01,  5.5036e-02,
        -4.8722e-04,  5.1419e-02,  1.4145e-02,  2.6359e-01, -1.9703e-01,
        -6.9868e-02,  7.5190e-03, -2.5570e-01,  1.8981e-01, -8.6811e-02,
         2.6911e-01,  1.6429e-01, -1.2690e-02,  1.0957e-01,  1.6169e-01,
        -1.6597e-01,  1.1525e-01,  2.5400e-01,  2.2339e-02, -1.1284e-01,
        -2.1673e-01, -1.8845e-01,  7.3075e-02, -1.2322e-01, -3.1980e-01,
         2.2381e-01, -4.8632e-02, -3.1242e-01,  9.3431e-02, -4.8120e-02,
        -1.5975e-01, -1.8103e-01, -1.2921e-01, -1.6470e-01,  7.1875e-02,
         2.3221e-02,  6.0045e-02,  1.8039e-01,  2.0733e-01, -1.9363e-02,
        -9.9836e-02,  1.2219e-01,  2.2074e-01,  3.1747e-01,  1.5573e-01,
        -1.4038e-01,  5.8653e-02,  2.1892e-01, -3.1028e-02,  2.2390e-01,
         1.2155e-02,  1.6211e-01, -1.0155e-01, -2.5133e-01, -1.5132e-01,
         2.8665e-01,  7.7372e-02,  7.3095e-02, -3.3474e-01, -3.0200e-01,
        -1.0362e-01, -6.4734e-03, -6.1884e-02,  1.5347e-01, -1.0508e-01,
        -4.1379e-01,  4.3632e-01, -1.5241e-01, -1.9305e-01,  6.1722e-01,
        -1.4513e-01,  2.7493e-01, -2.6750e-01,  3.0482e-02,  1.5841e-01,
        -2.1807e-01, -3.8041e-01,  3.4386e-02,  4.3879e-01,  6.8727e-01,
        -5.5874e-02, -2.5089e-01, -4.7070e-01,  4.0701e-01, -2.8017e-01,
         7.7143e-01, -1.0858e-02, -7.2201e-01,  2.0952e-01,  7.2947e-01,
        -5.3519e-01,  4.0092e-01,  5.0476e-01,  5.6696e-01,  3.2018e-02,
        -4.1657e-01,  2.9215e-02,  7.2140e-01, -6.6977e-01, -1.5431e-01,
         1.0853e-01,  6.0922e-01, -4.2052e-01,  5.1554e-02,  3.6613e-01,
         3.8781e-01, -2.1304e-01, -7.7126e-04,  3.3823e-01, -4.7138e-01,
         5.1553e-01,  5.1260e-01, -1.1988e-01,  1.5115e-01, -6.8748e-01,
         4.7643e-01, -2.5320e-01,  5.9737e-01, -2.7170e-01,  3.1748e-01,
         4.3982e-01,  3.7933e-01,  1.7526e-01, -2.9371e-01, -1.1484e-01,
        -4.4179e-01, -5.6861e-03, -5.2089e-01, -6.5919e-01,  1.5538e-01,
         6.3538e-01,  5.8033e-01,  4.8896e-01, -3.7563e-02,  5.2312e-01,
        -4.5220e-01,  2.6793e-02,  3.2949e-01,  2.6633e-01,  2.9846e-01,
         1.8540e-01, -4.9452e-01, -4.5726e-01, -3.2848e-01,  3.0905e-01,
        -1.6697e-01,  2.3697e-01,  1.5806e-01, -1.6189e-01, -2.5342e-01,
         3.1956e-01,  1.6755e-01,  4.9066e-01,  1.5690e-01, -2.5041e-01,
         4.7386e-02, -6.9518e-01,  3.9623e-01, -2.7937e-01,  4.9935e-01,
        -1.7959e-01,  3.4651e-01, -4.9854e-01,  6.6761e-01,  3.0687e-02,
         4.9046e-01, -2.4567e-02, -6.1839e-01, -4.7592e-01,  6.2893e-02,
         3.6218e-01, -2.3117e-01,  1.6516e-01,  2.1652e-01,  1.5687e-01,
         1.6136e-01,  6.1003e-01,  5.2423e-02, -5.0409e-01,  3.1036e-02,
         6.0960e-01,  6.9583e-02, -7.6485e-02,  6.1633e-02, -6.9738e-01,
        -1.4924e-02,  2.1922e-02,  2.1047e-01, -6.5488e-01, -2.5229e-01,
         4.8414e-01, -5.9947e-01, -5.7961e-01,  2.8586e-01, -1.7024e-01,
        -6.1462e-01, -4.0934e-01,  2.8651e-01, -4.9930e-01,  5.5704e-01,
        -4.4412e-01, -3.7602e-01, -3.7166e-01, -5.8032e-01, -2.7348e-02,
         5.0496e-01,  3.7795e-01,  9.0338e-02, -1.5069e-01, -6.0745e-01,
         3.1494e-01, -7.2570e-01,  4.5171e-01, -3.5313e-01, -8.0471e-02,
        -1.1633e-01, -3.0287e-03,  1.4468e-01,  5.5809e-02, -3.3447e-01,
        -4.1872e-01, -3.3412e-01,  9.0879e-02,  5.1099e-01,  8.4706e-02,
        -6.2449e-01,  1.7358e-01, -1.6698e-01,  3.6664e-01, -2.8276e-01,
         2.5391e-01,  8.0422e-01,  7.9725e-02,  1.0147e-01, -7.2673e-01,
        -6.4254e-01,  1.2591e-01, -1.7445e-01,  3.7777e-01, -4.5404e-01,
        -5.1041e-03, -1.9424e-01, -1.2641e-01, -3.5521e-01, -1.8787e-01,
        -2.7998e-03,  2.3727e-01,  3.8078e-01, -2.9129e-01,  3.0820e-01,
         3.0052e-01,  4.5558e-01, -3.8692e-01, -7.1721e-01, -3.2341e-01,
        -2.9274e-01, -1.7887e-01,  2.1221e-01, -3.4399e-02,  2.4548e-01,
         1.4376e-02, -4.3928e-01,  4.3329e-02, -5.9787e-02,  6.6063e-01,
         3.2721e-01,  6.8841e-01, -2.0907e-01, -2.7339e-01, -7.1814e-02,
        -5.1355e-03, -2.3387e-01, -3.2791e-01, -5.0993e-03,  4.3876e-01,
         5.4138e-02,  1.8971e-01, -2.1679e-01, -6.2415e-01,  5.2507e-01,
         9.7419e-02, -3.6315e-01,  3.7027e-01, -1.6743e-01,  2.3570e-01,
        -2.7778e-01,  1.2631e-01, -5.1303e-02,  1.5287e-01,  3.8223e-01,
         3.9110e-01,  2.5569e-01,  4.1609e-01, -2.5356e-02, -6.2945e-01,
         7.8073e-01,  4.2509e-01,  2.0792e-01, -2.1138e-01, -2.6581e-01,
         5.5794e-01, -2.5831e-01, -3.5854e-01, -5.1060e-01, -3.1312e-02,
         2.9509e-01, -1.7934e-01, -8.0672e-01,  4.6640e-01, -3.8191e-01,
         2.3825e-02, -9.5439e-02,  7.2435e-01, -1.5930e-01, -6.2758e-01,
         6.7721e-01,  6.5558e-01, -5.2730e-02,  3.6479e-01, -3.3167e-01,
        -3.1708e-01,  8.9318e-02,  2.1005e-01,  2.4618e-01, -2.8330e-01,
         6.5494e-02,  2.9542e-01, -5.3545e-01,  5.1496e-01,  2.8864e-01,
         1.3074e-01,  2.2039e-01, -3.8958e-01, -1.1331e-01, -4.3016e-01,
        -2.3304e-01, -5.4048e-01,  2.5981e-01,  5.6190e-01, -1.7864e-01,
        -2.3247e-01,  2.6213e-01, -5.4939e-02, -2.6339e-01, -4.3695e-01,
        -4.6313e-01, -6.5860e-01, -4.3573e-01, -3.6791e-01,  2.2286e-01,
        -3.9839e-01, -3.1016e-01,  3.5421e-02,  4.7462e-01,  4.0814e-02,
         1.4932e-01,  2.1334e-01, -4.2527e-01, -3.5416e-01, -5.4581e-01,
        -5.1253e-01,  1.7379e-01, -2.1841e-01, -1.1619e-01,  8.8169e-02,
         1.7099e-01,  2.9141e-01, -1.7312e-01,  2.1847e-01,  1.3973e-01,
         5.6068e-01,  1.8683e-01, -6.5616e-01,  1.4813e-01,  9.8719e-02,
        -1.4298e-01, -4.8518e-01,  6.0140e-01, -6.6576e-02,  1.6194e-01,
         4.0509e-01,  6.9207e-02,  3.5518e-01, -2.2502e-01,  2.3343e-01,
        -5.2457e-01,  4.1944e-01,  4.3371e-01, -1.2607e-01,  4.3524e-01,
        -1.1019e-01,  7.9179e-02, -2.2922e-01, -1.0799e-01, -3.9487e-01,
         2.4723e-01,  1.5684e-01,  5.1544e-01, -3.0147e-01, -5.2184e-01,
         6.5492e-01,  1.8239e-01, -1.6109e-01, -2.1027e-01, -6.0580e-02,
         3.9193e-01,  1.6579e-02, -3.8172e-01, -2.5259e-01,  2.7955e-01,
        -2.1572e-01,  3.5352e-01, -1.7361e-01,  2.7979e-01,  3.3062e-01,
        -3.7987e-01, -3.2759e-01,  4.7072e-01,  4.4922e-01,  2.4305e-03,
        -2.5582e-01,  5.1455e-01,  4.1627e-01,  6.0586e-01,  3.2024e-01,
        -1.3159e-01, -2.6542e-01,  2.1958e-01,  1.8528e-01, -3.5860e-01,
         5.9360e-01, -6.2521e-01, -6.2018e-01, -1.0082e-01, -7.6349e-02,
         5.4877e-01, -6.8117e-02, -1.8334e-01,  5.4854e-02, -5.1016e-01,
        -3.0627e-01, -8.0734e-01,  2.8547e-02,  4.7758e-01, -2.7929e-01,
         1.4940e-01,  1.7396e-01,  2.5383e-01,  2.0449e-02, -3.2530e-01,
        -2.6488e-02, -3.1454e-01, -2.3426e-01, -4.1168e-01, -1.1044e-02,
        -4.9910e-02, -4.7624e-01, -4.9146e-01,  8.0676e-02, -2.1056e-01,
         2.2851e-01, -3.4306e-01,  6.0324e-01, -3.2409e-01, -5.5525e-01,
        -1.1145e-01, -2.2618e-02,  3.9306e-01, -1.6718e-02,  2.7390e-01,
         3.2171e-01,  5.7820e-01,  2.1006e-01, -4.6967e-01,  3.7675e-01,
        -2.8793e-01,  6.4508e-01, -1.1030e-01, -7.1489e-02, -7.9627e-02,
         6.0587e-02,  4.3709e-01,  4.5761e-01,  4.4393e-01,  2.9849e-01,
        -5.9998e-01, -1.0845e-02, -1.0204e-01, -5.2942e-01, -1.9099e-01,
        -1.7917e-01,  3.3028e-02, -5.0592e-01,  5.5175e-01, -6.7580e-01,
        -2.1463e-01,  6.0107e-01,  5.1410e-01,  4.7315e-01, -5.5134e-01,
        -2.2859e-01, -5.1128e-03,  1.7093e-02, -1.8770e-01, -5.7139e-02,
         1.5418e-01, -4.9769e-01,  2.8231e-01,  3.8687e-01, -3.7754e-01,
         1.3316e-01, -4.9637e-01,  1.9064e-01, -1.5826e-01, -2.7419e-01,
         8.9956e-02,  1.2192e-01, -6.1008e-01, -2.5588e-01,  9.5787e-02,
         3.8377e-01, -3.1464e-01,  4.3526e-01, -1.1405e-01, -7.1299e-01,
         6.0837e-01, -4.7698e-01, -2.0940e-01, -6.9445e-01,  1.0517e-01,
         2.1164e-01,  4.0009e-01,  3.3609e-01,  2.8441e-01,  8.1819e-02,
         3.6049e-01,  5.0613e-03,  2.0493e-01,  1.1638e-01,  2.0725e-01,
         2.5284e-01, -7.2727e-01,  6.3481e-01,  1.9537e-01, -3.5593e-02,
         5.3063e-01, -5.3259e-01, -5.7136e-01,  3.1543e-01,  3.4566e-01,
         1.1610e-01,  2.2887e-01, -2.5835e-02,  2.3667e-01,  5.5242e-01,
         1.6055e-01, -3.8169e-01, -3.3629e-01, -1.3770e-01, -5.1536e-01,
         3.2968e-01,  2.2109e-01, -4.5789e-01, -4.6481e-01,  5.4739e-01],
       device='cuda:1')
R 状态矩阵： torch.Size([5000, 1000])
r0 初始状态： tensor([-2.6153e-01, -3.6951e-02, -5.7480e-01, -1.2911e-01, -1.3006e-01,
         3.7410e-01,  2.6396e-01,  1.9122e-01,  1.4935e-01, -4.4856e-01,
         3.6798e-01,  1.6201e-01,  1.4788e-01,  7.1199e-01, -2.0402e-02,
         3.6561e-02, -4.1173e-02, -6.3063e-02,  7.3272e-02,  1.0619e-01,
        -6.5779e-01,  9.8938e-02,  4.4416e-01, -7.8521e-02,  8.3315e-02,
        -1.8643e-01, -1.1508e-01,  8.0891e-02, -1.2978e-01, -4.0795e-02,
         2.8007e-01, -7.4331e-01, -6.3571e-01,  1.1282e-01,  7.5820e-02,
        -3.7836e-01, -1.1537e-01, -4.5154e-01,  3.3682e-03,  1.8898e-01,
         4.9929e-01,  1.7819e-01, -3.1740e-01,  6.6388e-01, -3.5560e-02,
        -1.6164e-01,  2.8880e-01,  1.6355e-02,  3.9793e-02,  7.1550e-02,
         5.3066e-01,  1.7699e-01, -2.1713e-01,  1.7619e-02,  2.0131e-01,
         3.3667e-01,  5.2874e-01, -4.3503e-01, -8.0054e-02,  2.2384e-01,
         1.3463e-01, -1.0802e-01, -3.1131e-01,  2.1101e-01,  9.5208e-02,
        -1.0189e-01, -2.0042e-01,  1.3990e-01, -7.2684e-04,  3.4634e-01,
         2.9188e-01, -4.9299e-01,  5.1710e-01, -2.6950e-01, -6.8123e-01,
        -5.9042e-02, -2.7074e-01, -2.4180e-01,  8.5804e-02,  2.5963e-01,
         4.7769e-02, -4.1400e-01,  2.2470e-01,  5.6864e-01, -5.5335e-01,
         3.1587e-01, -6.8422e-02,  3.4110e-02, -2.8117e-01,  2.4490e-01,
        -3.9732e-01, -1.8729e-02,  1.4690e-01, -6.6742e-01, -6.6479e-01,
         4.7942e-01, -5.1566e-01, -7.1463e-02, -3.9649e-01, -1.0962e-01,
         3.8149e-01,  2.9727e-01, -1.4349e-01,  9.5465e-02,  6.9375e-02,
        -1.7277e-01,  1.4391e-01, -4.5522e-01, -4.6656e-01, -5.2917e-01,
        -1.7836e-02, -1.4603e-01, -5.0093e-01,  4.1401e-01,  3.7862e-01,
         2.5797e-01,  4.2648e-01,  5.3165e-01, -4.6493e-01,  6.0416e-01,
        -5.9752e-02, -2.8630e-01,  3.0084e-01,  8.5817e-03, -6.5072e-02,
         3.2861e-01,  9.9556e-02, -5.4185e-01,  2.5777e-01, -4.1301e-01,
        -5.3923e-01,  3.5081e-01, -4.1576e-01,  3.0388e-01,  5.1142e-01,
         1.1197e-01, -1.2873e-02,  5.7954e-01,  4.4205e-01, -1.3953e-01,
        -2.3402e-01, -5.5553e-01,  4.3740e-01,  4.7293e-01,  3.6919e-01,
         1.5030e-01, -5.9358e-01, -7.8482e-02,  6.4085e-01, -1.9546e-01,
        -5.0640e-01, -2.5604e-01,  5.1848e-03, -1.0797e-01,  5.5970e-01,
         4.2188e-01, -6.0973e-01, -3.2553e-01, -5.4248e-01, -7.6994e-02,
         4.7834e-01, -5.3405e-01, -3.1685e-01, -3.5583e-01,  7.9535e-02,
        -2.6344e-01, -3.2381e-01,  6.3363e-01, -2.8429e-01,  2.7432e-01,
        -9.1653e-02, -1.7127e-01,  1.5790e-01,  3.7823e-01, -4.0705e-01,
        -6.1739e-01, -7.0729e-01,  3.1781e-01, -6.7324e-02, -2.3300e-01,
        -1.4016e-02, -2.4328e-01, -2.9336e-01,  2.5206e-01, -5.7450e-01,
         6.1853e-01,  3.4562e-01, -1.2149e-02,  2.3538e-01, -1.0350e-01,
         1.2546e-01,  4.8341e-01, -2.2985e-02, -1.8726e-01, -2.0868e-01,
         7.1793e-02, -2.8303e-01, -1.3333e-01,  2.7047e-01, -5.9282e-01,
         5.3501e-01, -1.1295e-01, -1.0820e-01,  1.2006e-01,  4.6930e-01,
        -2.3503e-01,  3.5455e-01, -1.5987e-01, -7.7718e-02,  9.2766e-02,
         3.1209e-01,  1.9783e-01,  3.1966e-01, -3.2984e-01, -5.0210e-01,
        -9.6924e-02,  2.7753e-01,  2.8168e-01, -3.1288e-01,  1.6069e-01,
        -6.5744e-01,  2.2913e-01, -2.6770e-01, -6.2754e-02,  4.8631e-01,
         2.7674e-02, -3.4631e-01,  3.8652e-01,  5.3792e-02,  4.1665e-01,
        -8.9803e-02,  1.1546e-01, -3.0889e-01, -5.7018e-02,  5.9160e-01,
        -3.4078e-01,  2.6892e-02,  3.5989e-01,  4.1113e-01, -1.5952e-01,
         1.9150e-02, -4.6880e-02,  3.7139e-01,  5.0533e-01,  5.0627e-01,
         2.0245e-01, -7.4190e-02,  6.0155e-01,  3.6439e-01, -1.9143e-01,
        -2.2817e-01,  2.7764e-01, -5.8993e-03,  2.6889e-01, -1.0448e-02,
        -4.1428e-01,  4.1948e-02,  2.9716e-01,  8.1294e-02, -2.7237e-01,
         4.6113e-01, -6.4888e-02,  3.1979e-01, -5.1744e-01,  1.0759e-01,
        -9.4086e-02,  2.2984e-01, -5.9955e-01, -3.3212e-01, -2.9318e-01,
        -6.2503e-01,  3.6133e-01,  3.4196e-01, -1.2272e-01,  7.3763e-02,
        -1.5553e-01,  5.4104e-01, -5.0712e-01, -4.0848e-02, -2.8904e-02,
        -4.5609e-02,  1.8845e-01,  3.0017e-01,  8.2787e-02,  3.0338e-01,
        -1.2285e-01, -1.9838e-01,  2.3710e-01, -2.1134e-01, -3.0175e-01,
        -1.1649e-01, -2.3170e-03,  2.1761e-01, -1.2946e-01,  5.7999e-02,
         5.5989e-01, -5.1380e-02,  4.6440e-01, -5.9426e-01, -7.5172e-02,
        -1.1307e-01, -1.3871e-02,  1.7786e-01, -4.2652e-02, -2.4365e-01,
        -2.4328e-01,  2.7057e-01, -9.0946e-03,  6.0220e-01,  3.4603e-01,
        -3.6462e-01, -7.8879e-02,  3.9444e-01, -3.6416e-01,  4.7859e-01,
        -4.1683e-01, -5.0144e-02,  1.3183e-01, -2.1011e-01, -8.8632e-02,
        -2.9528e-01, -4.8274e-01, -3.0770e-01, -3.6944e-01,  1.5948e-01,
        -2.0470e-01, -4.0361e-01,  1.9471e-01, -2.7496e-01,  5.8298e-01,
        -6.0962e-01, -5.5623e-02, -4.9683e-01,  6.2682e-02, -1.1338e-01,
         3.5840e-01,  1.8692e-01,  3.5239e-01, -3.3222e-01,  9.1200e-02,
        -2.6716e-02,  4.2602e-02,  1.0702e-02,  3.2442e-01, -2.3800e-01,
        -5.6318e-01, -5.1821e-01, -4.1845e-01, -4.0847e-02, -2.3604e-01,
        -2.8333e-01, -5.3578e-01, -5.7140e-01, -2.5689e-01,  1.1857e-01,
         3.2310e-01,  1.7910e-01,  2.5284e-01, -2.0978e-01, -2.7792e-04,
        -2.6724e-01,  5.8457e-01,  5.5056e-02,  4.8929e-02,  1.1541e-01,
         2.9163e-01,  4.3271e-01, -8.4687e-02, -1.5325e-01,  1.8812e-01,
        -2.4533e-01,  4.0006e-01, -4.0174e-01,  1.2862e-01,  1.3429e-02,
        -3.2465e-01,  2.9437e-01,  2.7749e-01, -4.6023e-01, -3.8049e-01,
         3.3104e-01, -3.2480e-01, -3.4889e-01,  1.3123e-02,  4.3921e-02,
        -3.3145e-01, -5.6398e-01,  1.0559e-02,  3.9453e-01,  2.0839e-01,
        -4.1606e-01, -2.9880e-01, -1.2391e-01, -2.0504e-01, -6.4033e-01,
        -6.6629e-02,  2.2333e-01,  1.9872e-01, -2.6569e-01, -5.0751e-01,
         2.7517e-01,  8.1617e-02, -2.7546e-03, -1.5016e-01,  1.0383e-02,
         3.9361e-01, -5.2244e-02, -5.7308e-01, -4.2817e-01, -1.6296e-02,
         1.8392e-01,  1.4036e-01, -1.1047e-01, -1.6037e-01,  5.9072e-01,
        -3.9244e-01,  5.2626e-01,  6.5279e-03, -2.4810e-01,  5.0082e-02,
        -3.9106e-01, -1.6472e-01, -1.7227e-01, -5.4860e-02, -3.8648e-01,
        -1.4255e-01, -4.6683e-01,  3.6559e-01,  7.6760e-02,  4.8054e-01,
        -1.4691e-01, -2.6389e-03,  3.7959e-01,  2.6181e-01,  1.6456e-01,
        -2.0730e-01,  5.1132e-01,  3.1734e-01, -1.8551e-01, -1.2280e-01,
        -3.4645e-01,  4.4552e-01, -4.8418e-01, -1.0664e-01, -3.4755e-01,
        -2.9700e-01,  7.2190e-02, -3.2814e-01,  6.3958e-02,  1.9888e-02,
         4.3045e-01,  2.7986e-01,  6.4572e-01,  3.6087e-01,  2.5316e-01,
         1.5437e-01,  3.5340e-02, -2.8365e-01, -4.5356e-01,  3.4528e-01,
        -2.1059e-01,  2.2792e-01, -5.0988e-01, -2.7911e-01, -4.4431e-01,
         3.2141e-02, -2.8024e-01,  6.1176e-01,  2.3245e-01,  1.0770e-01,
         3.2980e-01,  6.8579e-01, -7.8810e-02,  5.4897e-01, -3.5016e-01,
         4.9057e-01,  2.3784e-01,  4.5882e-01,  2.1613e-01,  4.6920e-02,
         2.2432e-01, -2.0641e-01,  2.8743e-01, -5.4692e-01, -6.9799e-01,
         3.9977e-01,  6.6414e-01,  1.9749e-01,  7.9410e-03, -4.6620e-01,
         1.6259e-01, -2.0809e-01, -3.9518e-01,  1.9804e-01,  5.8739e-02,
        -1.9110e-01,  7.9210e-02, -5.1168e-01,  3.2306e-01, -5.1582e-02,
         4.5173e-01, -1.7310e-01, -1.3301e-01,  2.2670e-01,  3.8975e-01,
        -3.7183e-01,  5.2899e-01, -3.0556e-01, -3.5297e-01,  3.7516e-01,
        -4.4870e-01, -3.0719e-01,  4.1033e-01,  3.0856e-01, -9.6945e-02,
         4.4698e-01,  2.7425e-01, -4.9563e-01, -1.9380e-01,  1.5950e-01,
         4.9796e-01,  2.0084e-01, -3.8299e-01, -5.6877e-01,  4.2305e-01,
        -3.7951e-01,  1.8362e-01, -1.9018e-01,  3.1628e-02,  2.6175e-01,
         3.8459e-01, -7.6491e-02,  4.0803e-01, -2.1131e-01, -1.1923e-01,
         4.3435e-01, -2.2770e-01,  9.5455e-02,  2.8971e-01, -1.1107e-01,
         4.6999e-01,  2.7473e-01, -2.6586e-01,  1.1537e-01, -7.1468e-04,
        -3.0480e-01, -4.5495e-01,  1.1830e-01, -3.6016e-01,  3.6916e-02,
         2.7600e-01,  2.9122e-01,  4.3009e-01, -2.9701e-01, -3.8371e-01,
         1.3937e-01,  6.0783e-01, -1.9287e-01,  6.3546e-02,  3.7565e-01,
         2.9464e-01, -2.6838e-02, -4.8872e-01, -4.2472e-02,  2.2743e-02,
         4.7349e-01,  4.6520e-01,  3.6381e-01,  2.6753e-01, -6.4392e-01,
        -1.3427e-02,  2.1799e-01, -2.6871e-01,  3.8365e-02, -3.4382e-01,
        -3.6991e-01,  1.6619e-01,  1.8528e-01,  1.7701e-01,  6.0005e-01,
        -4.1068e-01, -1.7735e-01, -1.8710e-02, -4.5611e-01,  1.4988e-01,
        -7.2548e-02,  1.7325e-01, -9.4571e-02, -2.2819e-01,  1.6975e-01,
        -1.2629e-01,  6.1267e-02,  7.2756e-03,  4.7127e-01, -1.2257e-01,
        -4.1595e-01,  2.9932e-01, -3.4917e-02,  7.4956e-02, -4.7617e-01,
         4.2733e-02, -1.5172e-01,  4.0285e-01,  5.1799e-01,  7.1624e-02,
         6.3638e-01, -2.7553e-01,  4.3260e-01,  1.1553e-01,  3.2780e-01,
        -1.2390e-01,  9.7138e-02, -1.5829e-01, -7.3943e-02,  3.6030e-01,
        -2.0141e-01,  1.5143e-01,  1.9070e-01,  1.8321e-01,  2.1050e-01,
         4.3859e-01,  4.3341e-01, -2.7819e-01,  2.9702e-02,  2.7075e-01,
         5.9966e-01, -5.3047e-02, -9.6914e-02, -2.1318e-01, -5.7773e-01,
        -3.9989e-01, -1.2684e-01, -4.4121e-01,  2.4759e-01,  4.0902e-03,
         1.4795e-01,  3.0551e-01, -2.3805e-01, -2.1735e-01,  8.5197e-02,
         2.8425e-01, -2.2709e-01, -8.7081e-02,  4.1953e-01,  1.6239e-02,
        -2.6176e-01, -5.9848e-01,  2.4691e-01,  2.5459e-01,  5.3341e-01,
        -3.0207e-01, -3.7646e-01,  6.2945e-01,  9.0088e-02, -1.7352e-01,
         1.8613e-01,  2.2643e-01,  1.2950e-01, -4.6168e-01, -2.9365e-01,
         2.4717e-01,  1.4860e-01, -2.8754e-01,  1.4812e-01, -4.5605e-01,
         4.3743e-01, -5.2140e-01,  2.7218e-01,  3.7781e-02,  3.9943e-01,
        -4.2801e-01, -6.0662e-02,  2.6278e-01,  1.7649e-01,  3.5575e-01,
         7.2213e-01,  2.2356e-01,  2.7737e-01,  1.8634e-01, -3.4248e-01,
        -2.4157e-01,  2.0205e-01,  6.1430e-01, -6.3527e-02, -9.7764e-03,
         7.5431e-02,  2.1451e-01,  1.3392e-01, -1.8471e-01,  2.9571e-01,
         3.9384e-01, -8.5560e-02, -3.7609e-01,  1.0608e-02,  1.5310e-01,
        -4.1872e-01,  3.2359e-01,  3.6619e-01, -2.4928e-01,  1.0974e-01,
        -6.1125e-01,  6.2470e-03, -3.7291e-01,  6.1395e-02,  8.1480e-02,
        -2.4451e-02,  2.2873e-01,  5.5185e-01,  2.4633e-01,  5.9479e-03,
        -4.0378e-02,  3.3669e-01,  4.8697e-01, -2.5828e-01, -2.7055e-01,
         2.3801e-01, -2.4751e-02, -3.1270e-01, -5.5884e-01,  1.2483e-01,
        -5.6124e-01,  4.8940e-01, -2.5546e-01, -3.7898e-02, -2.9789e-01,
        -2.7339e-01,  2.5551e-04,  3.0015e-01, -6.9525e-01,  3.6017e-01,
         4.3897e-01, -5.8895e-01, -2.6445e-01, -8.7654e-02, -1.7800e-01,
        -2.2432e-01, -2.0380e-01, -1.8593e-01,  7.2729e-01,  3.5395e-01,
        -1.6054e-01,  3.0962e-01,  1.5055e-01, -8.8634e-02, -1.6506e-01,
         7.2487e-02,  3.4815e-01,  3.3872e-01,  3.2853e-01,  1.9758e-01,
         4.9276e-01,  4.9950e-01, -4.1667e-01, -2.8030e-01, -1.6151e-01,
         4.9510e-01, -1.5740e-01,  1.5321e-01,  6.1704e-02, -1.2769e-01,
        -6.1784e-01,  4.8517e-01,  3.2828e-01,  4.6626e-01, -3.8062e-02,
        -7.1167e-02, -5.0478e-01, -3.6251e-02, -3.0623e-01,  1.4472e-01,
         5.2166e-02, -1.9533e-01, -1.4242e-01, -3.2949e-03,  1.8063e-01,
        -5.0993e-01, -3.5697e-01, -3.6619e-01, -1.8726e-01,  5.0324e-01,
         1.9349e-01,  4.8367e-01, -7.9799e-02, -3.4427e-01, -6.1980e-01,
        -5.5004e-01,  2.0473e-01,  1.8445e-01, -2.8719e-01, -5.5266e-01,
         9.2983e-02, -5.7985e-01,  6.0062e-02,  3.7218e-01,  5.2331e-01,
         7.3363e-01,  3.7084e-01,  4.0336e-01,  7.1355e-02,  2.6320e-01,
        -7.9241e-03, -2.0463e-01,  8.0351e-02,  3.5764e-02, -8.1978e-02,
        -2.1443e-02, -4.8488e-01,  2.9142e-01,  4.2757e-01,  1.2919e-01,
         8.3706e-03,  2.8238e-01,  7.1320e-01, -3.1572e-01,  6.3250e-02,
         2.6905e-01, -4.0947e-01, -2.8028e-01,  2.5575e-01,  5.5050e-01,
        -5.0880e-01,  5.3780e-01, -5.5143e-02, -4.1600e-01,  5.5314e-01,
         5.7891e-01, -3.7317e-01, -9.1652e-02,  5.5698e-01,  1.5814e-01,
        -4.4499e-01,  5.0844e-01, -3.1499e-01,  3.6999e-03, -7.1003e-01,
        -2.9767e-01, -4.8937e-03, -4.2822e-01,  4.0266e-01, -1.8933e-01,
        -6.8577e-01, -1.7737e-02,  8.3955e-02,  6.9305e-01,  2.2986e-02,
         3.5796e-01,  3.3478e-01, -1.0237e-01,  2.6979e-01, -5.7518e-01,
        -4.3246e-01,  6.7489e-01,  6.2051e-02,  4.8018e-01,  1.1159e-02,
         9.5602e-02, -4.7463e-01, -6.0609e-01, -4.9878e-01, -1.6961e-01,
        -2.5102e-01,  4.4281e-01,  5.5162e-01,  2.7206e-01, -1.2016e-01,
        -2.3981e-01, -3.3544e-01,  2.6945e-01, -2.6573e-01, -1.4836e-01,
        -2.5940e-01,  3.3373e-01,  4.8198e-01, -3.1967e-03,  4.7297e-01,
        -2.6100e-01, -3.2432e-01, -2.6185e-01, -4.3355e-01,  5.6385e-02,
         2.9852e-01, -1.8759e-01, -2.3246e-02,  5.8828e-01,  3.6114e-01,
        -2.8884e-01,  3.9707e-01,  1.1827e-01,  6.5101e-01,  2.8915e-01,
        -4.3112e-01, -7.5448e-02, -1.6328e-02,  8.2691e-01, -9.3763e-02,
         6.7075e-02, -1.4301e-01,  1.9334e-01, -5.5506e-01,  1.1824e-01,
         5.5828e-01,  3.2067e-01,  5.9956e-02,  4.8769e-01,  3.9465e-02,
         6.1974e-01,  1.0047e-01, -3.7636e-01, -5.1596e-01, -1.6525e-01,
         3.2182e-01, -3.9590e-01, -5.1227e-01,  9.4148e-02, -2.7905e-01,
         2.7368e-01,  1.9914e-01,  6.8270e-02, -3.3523e-01, -4.5216e-01,
         7.5287e-02,  5.1198e-01,  1.8481e-01, -6.4777e-01,  2.7566e-01,
         6.8458e-01, -4.9623e-01, -1.5224e-02,  2.4583e-01, -2.7013e-01,
         1.9245e-01,  5.4057e-01,  2.6064e-01, -3.3440e-01,  1.8650e-01,
         1.5369e-01,  2.8373e-01,  5.1218e-01, -3.9197e-01,  1.1648e-01,
         4.5123e-01,  4.7749e-02, -5.3447e-01, -5.0665e-01, -1.8318e-01,
        -4.8484e-01, -9.7898e-02, -1.8309e-01, -2.8041e-01, -2.0683e-01,
         6.9857e-01,  2.1981e-01,  1.6431e-01,  3.7077e-01,  4.8552e-02,
        -6.8189e-02, -3.9817e-01,  5.4521e-01,  4.2152e-04,  4.8526e-01,
         7.4739e-01, -1.0316e-01, -6.7251e-01,  5.3467e-01, -1.9480e-01,
        -2.5164e-01,  3.3697e-01,  2.3566e-01,  3.3013e-01, -2.8025e-01,
         2.5047e-01,  6.7234e-02,  1.9950e-01,  2.2148e-01,  5.4406e-03,
         2.0564e-01,  1.6367e-01,  1.1737e-01,  3.8641e-02, -1.1017e-01,
         3.3923e-01,  2.4017e-02, -5.5944e-01, -5.1250e-01, -1.7915e-01,
        -8.2067e-01, -1.5191e-01, -5.6827e-01, -6.7287e-01, -2.7479e-01,
        -2.6956e-01, -7.3329e-01, -2.1220e-02,  6.9977e-01, -2.2426e-01,
         1.5677e-01,  2.3504e-01,  9.5069e-02,  2.5590e-01,  6.4712e-01],
       device='cuda:1')
R 状态矩阵： torch.Size([5000, 1000])
r0 初始状态： tensor([ 1.6129e-01,  8.2154e-02,  1.1813e-01,  3.3855e-01, -1.6975e-01,
        -8.6627e-02, -1.4497e-01, -7.1425e-02,  2.5333e-02, -1.9684e-01,
         1.2217e-01, -1.0597e-01, -1.5665e-01, -8.9796e-02,  6.4832e-02,
        -2.4794e-01, -5.2377e-02, -8.2898e-03, -1.4482e-01,  6.3712e-02,
         7.0199e-02,  9.7037e-02,  1.3442e-01,  5.9472e-02,  4.1572e-02,
         5.4623e-02, -1.2482e-01, -1.2195e-01,  9.8605e-02, -2.8518e-02,
        -1.0000e-01, -2.5658e-01, -1.1398e-01,  1.6870e-01, -1.3641e-02,
         7.6215e-02,  3.0835e-02,  2.0050e-01,  9.3552e-02, -1.0306e-01,
         4.9023e-02,  1.8451e-01, -1.1331e-02,  1.7763e-02,  1.3012e-01,
        -2.3057e-01,  6.9205e-02,  7.5297e-02,  2.4276e-02, -1.7126e-01,
         9.4910e-02,  2.4047e-01, -1.4785e-01, -5.6445e-02,  3.0814e-01,
        -5.2197e-02, -1.9345e-01, -1.2634e-01,  5.7760e-02,  3.1324e-03,
        -9.6760e-02, -2.0603e-01, -2.7967e-01, -2.2723e-02, -6.2468e-02,
        -2.9454e-02,  1.8394e-02, -3.2375e-02,  9.2493e-02, -2.0444e-01,
         6.1957e-02,  1.9023e-02, -6.2665e-02, -2.0929e-01,  1.6968e-03,
        -1.3094e-01,  2.0380e-02,  2.6620e-02, -1.3530e-01, -6.1742e-02,
        -3.8246e-02,  1.1219e-01,  2.0422e-01,  1.8908e-01, -1.6900e-02,
         6.6532e-02,  3.5356e-02, -4.2171e-03, -5.8362e-02,  5.7641e-02,
        -1.4844e-02, -2.4649e-01,  1.4892e-01,  8.4148e-02,  5.5209e-02,
         1.0029e-01, -3.0684e-03, -9.3953e-03,  1.0126e-01, -1.6635e-02,
         5.7521e-02, -1.3463e-01,  6.0563e-02, -1.8000e-01, -3.2352e-02,
        -2.0101e-02, -1.7326e-01,  2.0040e-01,  1.3779e-01,  2.3312e-01,
         1.9838e-02, -1.1567e-01,  1.3913e-01, -8.7925e-02, -6.5197e-02,
        -3.2979e-02,  3.8075e-02, -1.4901e-01, -9.0149e-03, -1.2243e-01,
        -1.3159e-01, -1.2727e-01,  3.8465e-02, -8.6739e-02,  8.9816e-02,
        -1.3710e-01, -2.4106e-02, -4.2680e-02,  1.5610e-01, -1.9829e-01,
        -2.7873e-02, -1.6846e-01, -4.5797e-02,  1.8063e-01,  2.2560e-01,
         1.2404e-01,  1.2607e-01, -1.1780e-01, -5.9903e-03, -7.3747e-03,
        -7.4837e-02, -5.8499e-02, -4.1065e-02,  1.5722e-01, -7.7396e-02,
         1.3815e-01, -1.4883e-01,  8.1927e-02, -1.4488e-01, -6.0179e-03,
         1.4177e-01,  1.3673e-01, -1.1487e-01, -3.1919e-02,  1.4441e-01,
        -2.0013e-01,  1.0220e-01, -2.2573e-04, -2.1277e-01, -3.0605e-02,
        -3.2973e-02,  1.2924e-01, -1.1114e-01, -1.2794e-03, -1.7018e-01,
        -4.2060e-02, -8.3242e-02, -7.0279e-02,  1.3217e-01, -1.6364e-01,
         1.8913e-01,  1.2620e-01,  3.0058e-02,  2.1771e-01, -1.2690e-01,
         8.6290e-02,  5.2924e-02,  2.8924e-02, -2.4814e-01, -2.0582e-02,
        -2.6064e-02, -7.9575e-02, -5.8976e-02, -9.8790e-02, -1.9368e-02,
         4.6771e-02,  9.0300e-03, -1.0255e-01,  1.1109e-01,  1.2347e-02,
         1.2502e-01, -1.2100e-01, -8.1508e-03, -2.7104e-01,  9.6025e-02,
        -3.4249e-01,  9.2683e-02, -1.2216e-01, -7.7025e-02,  1.8619e-02,
         1.1814e-01,  1.1123e-01,  2.1891e-01,  5.2558e-02, -2.5700e-01,
         7.3186e-02,  1.8338e-01, -7.9836e-02,  1.3102e-03,  1.2654e-01,
        -1.4975e-01, -1.8793e-01, -2.2859e-02, -3.4656e-03, -1.3413e-01,
         2.1645e-01, -1.7003e-01,  1.4847e-01,  1.3710e-01, -9.4447e-02,
        -1.2060e-01, -5.2140e-02, -3.6960e-02, -2.4174e-01,  4.8036e-02,
        -1.3146e-01,  1.6106e-01, -1.3320e-01, -6.5438e-02,  8.7340e-02,
        -5.2742e-02, -1.6453e-01,  1.6966e-03,  1.6795e-01, -2.6993e-01,
         7.1891e-02, -6.9248e-02, -1.6517e-01, -5.1842e-02,  6.0762e-02,
         8.1822e-03,  1.0193e-01,  5.0528e-02, -5.8592e-02, -3.9222e-02,
        -2.2890e-01,  6.2896e-02,  1.3532e-01, -3.8217e-02, -1.2761e-02,
         2.8331e-01, -2.7651e-02, -3.0387e-01,  3.6252e-01, -3.4371e-02,
         7.0941e-01,  2.7469e-01,  7.1547e-02, -3.8725e-01,  2.7435e-01,
        -6.0808e-01, -2.3296e-01,  1.6354e-02,  4.8719e-01, -2.5866e-01,
        -1.3388e-02, -5.9237e-01, -2.7937e-01, -1.1667e-01, -3.1531e-02,
         4.3187e-01,  2.0074e-01, -1.8916e-01,  3.9822e-01,  4.0185e-01,
        -1.9932e-03, -4.0076e-01,  5.2937e-01, -1.5323e-01, -3.8927e-01,
        -4.8961e-01,  1.2787e-01, -1.8821e-01,  5.6256e-01,  1.6709e-02,
         1.7676e-01,  6.1490e-01, -1.2947e-01,  2.8389e-01,  5.1654e-02,
         3.8742e-01, -1.8486e-01, -4.6150e-01, -3.7355e-01,  5.2954e-01,
         5.5675e-01, -7.2867e-01,  4.0967e-01,  3.8892e-01,  1.1133e-01,
        -3.3205e-02,  1.6241e-01,  1.0708e-01, -5.7260e-01, -1.9171e-01,
         6.5386e-01, -1.6142e-01,  1.9595e-01, -1.6015e-01,  3.2662e-01,
        -5.6161e-01, -1.1933e-01, -4.5667e-02,  3.1186e-01,  2.7259e-01,
        -6.2460e-01,  7.9065e-02,  4.0225e-01,  2.0793e-01, -2.8943e-01,
         6.5509e-01,  1.2643e-01, -4.8379e-01, -3.5242e-01,  4.3362e-01,
         6.6550e-01,  5.0824e-01, -4.7451e-01,  1.6731e-01, -1.3627e-01,
        -3.3874e-01, -5.3820e-01,  4.5915e-01,  1.8036e-01,  4.0839e-01,
         5.8024e-01, -5.7926e-01,  3.0608e-01, -3.5313e-01, -1.4733e-01,
         5.2079e-01,  6.0877e-01,  4.1176e-01, -9.9154e-02, -8.0574e-02,
        -8.5181e-01,  1.6938e-01, -5.0246e-01, -2.1446e-01, -4.2953e-02,
        -6.6370e-01, -3.7460e-01,  3.4904e-01,  4.4483e-01, -1.4565e-01,
         5.1417e-01, -5.9357e-01, -3.5432e-01,  1.8330e-01, -1.4245e-01,
         1.1189e-02, -6.7718e-01, -1.9260e-01, -5.6620e-01, -4.4028e-02,
         2.7768e-01,  3.7689e-01, -1.3783e-01,  6.6158e-02,  2.0587e-01,
         1.2652e-01, -2.4421e-02,  1.8199e-01,  3.7964e-01, -7.0063e-01,
        -1.8292e-01,  1.6678e-01,  4.8784e-01,  2.3916e-01,  5.2247e-01,
         3.7438e-01,  6.0288e-02,  2.9335e-01, -4.2278e-01,  5.7655e-01,
        -4.0115e-01,  1.9478e-01, -1.4505e-01,  3.7246e-01,  1.1036e-01,
         3.6716e-01,  4.2602e-01,  3.8058e-01, -4.2068e-01, -3.2782e-01,
        -2.0843e-01,  2.2137e-01,  4.8540e-01, -5.3218e-01,  5.7143e-01,
        -4.2927e-01, -2.2669e-01, -4.1240e-01,  4.1149e-02, -2.7574e-01,
         3.2645e-01,  2.3518e-01,  1.5507e-01,  3.5436e-01, -3.3286e-01,
         1.7705e-01, -4.2062e-01,  6.0330e-01,  1.0585e-02,  6.0158e-01,
         2.2917e-01, -6.4874e-01, -1.5892e-01, -1.0501e-02, -4.1413e-02,
        -2.6093e-01,  3.7205e-01, -6.0934e-01,  4.4164e-01,  5.3936e-01,
        -7.3365e-02, -5.6594e-01, -6.4503e-01, -2.7797e-01, -4.5871e-02,
         9.9856e-02, -1.4020e-01, -5.9893e-01,  3.0290e-01,  4.1481e-01,
         3.0525e-02,  3.2221e-01, -5.4863e-03, -1.8395e-01,  7.7311e-01,
        -3.7442e-02,  3.3252e-01, -5.5855e-01, -3.2331e-01,  7.0528e-01,
         7.0556e-01,  7.0580e-01, -3.6851e-02,  1.9834e-02,  5.4714e-01,
        -2.2684e-01, -1.5595e-01,  2.8333e-01,  6.6500e-01,  5.2917e-01,
         5.9668e-01, -6.1159e-02,  3.1652e-01, -3.8289e-01,  1.5973e-02,
         9.6474e-02, -1.7431e-01, -3.1304e-01,  3.1477e-01,  1.5388e-01,
         3.3854e-01,  6.8359e-01, -1.4024e-01, -3.7857e-01, -1.9476e-01,
         7.7639e-02,  5.5598e-01, -6.2790e-01, -4.6847e-01, -5.3547e-02,
        -6.5278e-01, -6.5039e-03, -4.6472e-01,  5.9320e-01, -1.5060e-01,
        -7.1610e-01,  4.2742e-01,  5.5807e-01, -6.2278e-01,  3.6915e-01,
         2.6131e-01, -3.3960e-01, -3.3417e-01, -1.3974e-01, -1.4782e-01,
        -2.7324e-02,  5.1604e-01, -5.5083e-01, -4.3358e-02, -1.6436e-01,
         1.5849e-01,  4.1566e-01,  4.1224e-01,  1.8921e-01,  4.5507e-01,
         1.9494e-01, -1.5361e-01,  8.1084e-05, -3.8072e-01,  2.0512e-02,
        -1.1589e-01, -2.0869e-01, -2.9579e-01,  1.8502e-01,  9.1592e-02,
         3.7711e-01, -3.3715e-01, -1.8203e-01, -5.0707e-01, -2.3260e-01,
        -4.3546e-01, -1.0046e-01, -3.0598e-01, -1.6202e-01,  3.6676e-01,
         4.9764e-01,  6.4690e-02,  2.5578e-01, -4.4579e-01, -1.5702e-01,
         2.7372e-01, -3.3252e-01, -2.7935e-01, -4.4240e-01, -7.3358e-02,
        -2.2869e-01, -4.4237e-03,  1.6807e-01,  2.8727e-01,  5.0137e-02,
         3.1179e-01,  2.6551e-01,  2.1363e-01, -4.5756e-01,  1.2156e-02,
        -2.5624e-01, -2.1155e-01,  3.0670e-01, -3.4409e-01,  7.3626e-02,
         3.5332e-02,  2.9832e-02,  3.0836e-01, -9.7828e-02,  2.5160e-01,
         6.2002e-01, -2.1813e-01, -1.9402e-01,  3.2684e-01, -3.8138e-01,
         1.2740e-01, -3.1414e-01,  4.2047e-02,  2.3149e-01,  3.5651e-01,
        -1.0937e-01, -2.8509e-01,  4.9438e-02, -2.9020e-01,  3.5472e-01,
         2.6984e-01, -2.4510e-01,  1.3509e-02,  5.7271e-02,  1.1591e-01,
         2.7305e-01, -4.0874e-01, -2.1340e-01, -3.2194e-01,  2.2679e-01,
         4.2529e-01, -1.0858e-01, -9.9968e-03,  8.3422e-02,  3.7382e-01,
        -2.3543e-01, -2.6141e-01, -1.2089e-01,  1.1000e-01,  7.0324e-02,
        -5.4525e-01,  2.8505e-01,  1.6470e-01, -4.0386e-01,  1.5958e-01,
        -1.8449e-01,  4.9462e-02,  9.0060e-02,  2.0928e-01, -2.8758e-01,
         2.4990e-01, -1.2867e-01,  1.6851e-01, -2.2849e-01, -4.4172e-01,
        -5.6711e-01,  5.0806e-01, -2.7922e-01,  3.0827e-01,  7.0946e-02,
        -9.3150e-02,  6.6707e-02,  4.6428e-01,  2.0772e-02, -1.2879e-01,
         4.0879e-01, -5.7574e-02,  3.9713e-02, -1.8102e-01, -3.8694e-01,
         5.0028e-03, -3.5036e-01,  3.4503e-01, -2.8820e-01, -7.0198e-02,
         4.6782e-02,  1.2673e-01, -2.1796e-01, -2.6540e-01, -4.8227e-01,
        -4.1415e-01, -1.6705e-01, -1.8397e-01, -1.5355e-01, -5.7115e-01,
         5.7481e-02, -4.6267e-02,  4.5759e-01, -1.0318e-01,  3.4272e-01,
         1.1588e-01, -4.6507e-01, -3.2791e-01, -2.4308e-01,  2.3495e-01,
         1.7741e-01,  2.1285e-01, -2.8078e-01, -2.5023e-01, -2.2549e-01,
         1.9228e-01, -2.5848e-01,  1.7070e-01,  3.6636e-01, -1.8826e-01,
         2.2837e-01,  2.6164e-01, -8.5821e-02,  6.6313e-01,  3.5784e-01,
         5.5962e-01,  1.4796e-01,  5.6978e-02,  1.4436e-01,  5.2145e-01,
         3.6024e-01,  7.7551e-02,  3.5807e-01, -4.4524e-01, -3.1506e-01,
        -2.6309e-01,  4.0977e-01,  2.4091e-01,  7.6748e-02,  7.2712e-01,
         7.0066e-02,  2.7425e-01, -1.6689e-01,  1.6431e-01, -3.1550e-01,
        -2.3549e-01,  2.8737e-02,  8.5003e-02, -1.1056e-01,  2.6811e-01,
        -1.8621e-01,  4.6766e-02,  5.3170e-01,  1.4545e-01, -4.3392e-01,
         6.4178e-02, -2.9814e-01,  5.9319e-01, -4.1551e-01, -1.8638e-01,
         5.2621e-01,  5.2969e-01,  2.1244e-01,  2.6253e-01, -1.4711e-01,
        -2.5162e-01, -3.2229e-01, -4.1071e-01, -1.7561e-01, -1.6716e-01,
        -1.7725e-01, -6.6530e-02,  3.1035e-01, -2.3947e-01, -2.4798e-01,
         2.4702e-01, -1.9664e-01,  1.0989e-01,  2.6448e-01, -1.9789e-01,
         3.3769e-01,  5.7045e-01, -5.9701e-01, -3.8247e-02, -2.7419e-01,
         1.8382e-01,  3.8026e-01, -5.3150e-01, -1.5481e-01, -2.5052e-01,
        -8.4893e-02,  2.4594e-01,  4.2129e-01,  8.7072e-03,  6.3311e-02,
        -2.4462e-01, -3.5230e-01,  4.9702e-02, -4.6918e-02,  2.9416e-01,
        -4.4492e-02, -1.9230e-01, -4.7708e-01, -2.7194e-01,  3.1660e-01,
        -2.2108e-01, -3.1571e-01,  1.7361e-02, -3.2950e-01, -1.0608e-01,
         1.4093e-01, -5.5932e-02, -2.9752e-01,  1.8051e-01, -1.7685e-01,
        -2.8365e-01, -3.1532e-01, -3.1602e-01,  2.4268e-01,  1.7720e-01,
         4.6691e-01,  1.3360e-01, -4.0799e-01, -1.2951e-01,  2.2191e-01,
        -2.6046e-02, -3.3155e-01,  1.4272e-02, -9.7766e-02, -2.9128e-01,
         4.0135e-01,  2.2003e-01,  2.2157e-01,  9.0112e-02, -3.8223e-02,
        -1.1637e-01,  1.8273e-01, -5.6745e-03,  2.3912e-01,  1.3419e-01,
         4.1011e-01,  2.8384e-01,  5.7968e-01,  8.5884e-02,  9.4654e-03,
        -3.7929e-01, -2.5094e-01, -2.1968e-01, -1.8551e-01, -4.3423e-01,
        -2.6577e-02,  3.4955e-01, -1.7545e-01,  4.8974e-01, -3.9506e-01,
         1.1004e-01, -2.9200e-01,  5.9756e-02,  1.4552e-01,  6.7586e-02,
         1.7440e-01, -3.7368e-02, -1.3295e-01, -2.2101e-01,  1.9477e-01,
        -1.3424e-01, -4.9664e-01,  2.1785e-01,  1.0254e-02,  4.5523e-02,
         2.7385e-01,  4.8786e-01, -1.2301e-01, -3.1729e-01, -1.9712e-01,
         3.7374e-01, -3.8290e-02,  9.6902e-02,  4.5989e-01, -2.7311e-01,
        -4.0049e-01, -1.3830e-01,  1.6833e-03,  1.0769e-01,  9.3085e-03,
         3.3810e-01, -5.4430e-01,  8.4284e-02, -2.6383e-01,  1.9381e-01,
         2.6101e-01,  2.6895e-01, -3.1886e-01, -1.1997e-01,  3.7552e-01,
        -1.9959e-01, -1.7091e-01, -5.7883e-02,  4.2862e-01,  1.4871e-01,
        -2.7500e-01, -7.6325e-02,  2.0102e-01,  2.3413e-01,  3.3509e-01,
         5.9092e-01,  2.2903e-01,  7.1270e-01,  3.4574e-01, -4.1981e-01,
         1.7499e-01, -2.6850e-01, -5.7936e-01,  4.2007e-01,  4.2260e-01,
        -3.3145e-01,  6.3267e-02, -2.9564e-01, -9.2901e-02, -3.3586e-01,
         2.2505e-01,  1.6198e-01,  2.9138e-01,  2.3414e-01, -3.7764e-01,
         6.7015e-02, -2.7082e-01,  2.5430e-01, -1.6268e-01, -2.0345e-02,
         5.9338e-02,  4.6768e-01,  2.1314e-01,  4.9130e-01, -3.8092e-01,
         1.0400e-02, -2.5162e-01,  1.5833e-01,  5.3243e-02, -1.8305e-02,
         2.2061e-01,  1.1628e-01, -2.4551e-01, -1.3336e-02,  2.1153e-01,
        -3.3942e-01, -4.9453e-01,  3.2327e-02, -1.3414e-01,  3.2823e-01,
         1.7301e-01, -4.1356e-01,  2.3411e-02, -4.2278e-03,  1.9909e-01,
        -2.1963e-01, -6.9078e-01,  5.7588e-01, -1.9452e-01,  6.9309e-02,
         3.3303e-01,  4.6817e-01,  1.2690e-01, -3.4999e-02,  5.3715e-01,
         6.9625e-01, -2.5992e-01, -1.0487e-01,  3.9726e-01,  1.2143e-01,
         2.3624e-01, -1.8349e-02, -1.7899e-01,  1.1177e-01, -1.3359e-01,
         4.6853e-02,  2.0043e-01,  2.2213e-01, -1.8072e-02,  4.2959e-01,
        -2.1868e-01, -2.5391e-01,  4.3457e-02, -9.9301e-02,  5.7919e-02,
        -2.7727e-01, -1.5800e-01, -2.5406e-01,  2.3918e-01,  8.1740e-02,
        -2.2386e-01, -2.4378e-01,  2.8245e-01,  9.6511e-02, -4.8298e-01,
         1.4527e-01,  1.1021e-01,  3.3953e-01,  1.9145e-02,  2.8626e-01,
         6.5718e-02, -3.9401e-01, -8.0602e-02, -2.3920e-01,  5.7197e-01,
        -1.2075e-01,  1.3229e-01, -2.7315e-01, -4.5866e-01,  5.8481e-01,
        -5.2025e-01, -5.2681e-01,  3.0353e-01, -5.0865e-01, -2.0879e-01,
        -7.3636e-01,  1.0827e-01, -2.7823e-01, -2.5047e-01,  3.4508e-01,
        -3.9992e-01, -6.8119e-01, -1.7800e-01,  2.2602e-01, -4.0634e-02,
        -1.9606e-01,  2.0801e-01,  2.1642e-01, -3.8336e-01,  3.4960e-01,
         4.5443e-01, -3.7084e-01, -1.0247e-01,  2.7666e-01,  4.2454e-01,
         2.4056e-01, -3.9919e-01,  4.8230e-01, -4.1931e-01, -5.7438e-02,
        -4.7088e-01, -9.7355e-02,  1.2977e-01, -3.2543e-02, -1.1249e-01,
         1.2802e-01, -4.1382e-01,  5.6519e-01,  2.9996e-01,  4.2169e-01,
         3.9627e-01, -6.5083e-01, -4.2259e-01, -2.4163e-01, -1.1182e-01,
         4.2356e-01, -4.4424e-02, -2.7208e-01, -1.6519e-01, -1.8055e-01,
        -2.9903e-01,  1.5245e-01,  2.4667e-01, -6.3276e-01, -6.5317e-02,
        -4.7266e-01, -1.6342e-02, -5.2937e-02, -5.1555e-01,  1.5079e-01],
       device='cuda:1')[I 2025-10-02 13:14:23,853] Trial 20 finished with value: 8.82398408651352 and parameters: {'n_units': 1000, 'alpha': 0.9, 'sigma_in': 0.6, 'rho': 0.7000000000000001, 'tikh': 0.01, 'option': 3}. Best is trial 13 with value: 0.7581153710683187.

Test Loss for each rep: [0.59849244, 15.382773, 10.490686]
R 状态矩阵： torch.Size([5000, 1000])
r0 初始状态： tensor([-1.4339e-01, -2.7846e-01, -1.5069e-01,  4.2524e-01, -1.2239e-01,
        -8.6130e-02,  8.7287e-02, -2.2229e-01, -1.0638e-01, -1.4194e-01,
        -1.5182e-01, -2.7366e-01,  6.8170e-01,  5.8797e-01,  9.2009e-02,
        -7.3314e-02,  3.7121e-01,  3.8666e-01,  2.8478e-01,  1.1893e-01,
         4.7202e-01, -2.1344e-01, -5.3122e-01,  2.9242e-01,  2.2148e-01,
         1.7101e-01,  1.2812e-01,  3.1169e-01,  1.3875e-01,  2.5871e-01,
         1.5596e-01,  3.9701e-01,  4.8602e-01, -1.0934e-01,  1.9490e-01,
         7.7948e-02, -1.4398e-01,  9.5930e-02, -2.3602e-01, -1.0419e-01,
        -3.8114e-01, -3.5459e-01, -3.8378e-01, -7.1100e-02,  3.1993e-01,
         2.1400e-01, -2.2082e-01, -1.7792e-01, -2.4646e-01, -5.0409e-01,
         4.7222e-02,  5.0427e-01,  1.1775e-01,  1.6152e-01, -1.3505e-01,
        -4.7874e-01,  1.4872e-01,  9.5878e-02,  2.7432e-01, -2.2658e-01,
         5.2657e-01, -5.7036e-01,  5.6654e-01,  1.6519e-01, -6.0141e-01,
         9.5849e-02, -2.9041e-01, -2.5709e-01, -1.9029e-01,  5.2683e-01,
         2.6047e-01,  1.5188e-01,  3.7215e-01,  3.8994e-02,  1.2549e-02,
         4.0688e-01, -4.2331e-03, -1.5552e-01,  1.6115e-01,  1.6075e-02,
         1.3650e-01, -2.2781e-01, -2.6509e-01, -5.2229e-01, -1.3533e-01,
         8.9758e-02,  5.0769e-02, -7.9968e-02,  3.2983e-01,  3.9614e-01,
         4.5060e-03,  2.4625e-01, -1.5096e-01,  2.8213e-01, -4.7932e-02,
         1.8402e-01, -3.5058e-01,  1.9881e-01, -1.7755e-01, -2.4283e-03,
        -2.8940e-01, -5.1854e-02, -2.2431e-01,  2.7486e-01,  3.7171e-01,
        -2.6542e-02, -2.1885e-01,  6.1660e-02,  3.5938e-02,  2.4275e-01,
        -4.0616e-02,  3.2294e-01,  6.3330e-02, -9.4558e-02, -2.3531e-01,
         1.6032e-01, -1.1086e-01, -1.4588e-01, -2.8586e-01, -1.9455e-01,
        -3.9433e-01,  2.0694e-01, -1.0492e-01, -2.2878e-01, -3.2289e-01,
         1.2056e-02,  3.5351e-01, -1.0043e-01, -2.2848e-01, -3.2230e-01,
        -2.4113e-01,  3.7421e-01,  8.4919e-02,  4.7430e-01,  1.3984e-01,
         1.2075e-01, -2.2913e-01, -9.6723e-03,  1.8469e-01,  3.2466e-02,
        -1.4787e-01,  4.5320e-01,  3.7655e-01, -5.7489e-02, -6.2650e-02,
         2.5517e-01, -2.8574e-01,  2.8191e-01, -1.4157e-01, -2.8507e-01,
         3.1935e-02, -3.7725e-01, -2.5644e-02,  3.7820e-01,  5.0848e-01,
         2.9689e-01, -1.6620e-01,  4.9938e-02, -3.8866e-01, -6.5759e-02,
        -1.6552e-01,  6.4781e-02, -1.0300e-01, -6.9492e-02, -3.3314e-02,
        -4.1634e-01, -1.2085e-01, -9.3381e-02,  2.8967e-01,  2.6604e-01,
        -7.8424e-02,  2.0638e-02, -3.4874e-01, -1.9636e-01, -3.5022e-01,
         4.1262e-01,  2.2418e-01,  1.9087e-01, -4.5934e-02, -6.3074e-02,
         1.0469e-01,  3.1063e-01,  2.9883e-01, -7.0884e-02,  4.4511e-01,
         2.8922e-01,  3.2464e-01, -1.8914e-01,  5.6607e-02, -1.9862e-02,
         6.5811e-02, -3.4065e-01,  1.3740e-01,  2.1021e-01, -1.1491e-01,
         3.6861e-01,  5.0856e-01, -2.4302e-01, -9.4112e-02, -5.1327e-02,
         3.3182e-01,  3.0905e-01,  6.3981e-01, -5.1894e-01,  2.7889e-01,
        -2.5079e-01, -1.9729e-01, -2.1632e-02,  3.7521e-01,  1.5519e-02,
        -7.8658e-02,  4.0961e-01, -1.2517e-01,  1.7166e-01, -3.4703e-01,
         5.6189e-02,  1.5264e-02, -2.6768e-01, -4.7761e-01,  2.4091e-01,
         1.1502e-01,  3.6356e-01,  5.0405e-01,  1.6957e-01, -4.2683e-01,
        -3.8050e-01, -1.1137e-01,  2.8939e-01,  1.1346e-01,  2.3533e-01,
         3.4578e-01, -4.7971e-02, -4.7488e-01,  7.5456e-02,  3.1548e-01,
        -3.2844e-01,  4.5639e-01, -9.9213e-02, -3.6381e-01,  4.2055e-01,
         3.0718e-01, -3.4865e-01, -4.1351e-01,  1.3984e-01,  2.1261e-01,
         6.5477e-02, -5.3869e-01,  8.9011e-02,  5.3607e-01, -5.5663e-02,
        -1.0445e-01,  4.6466e-01,  1.3853e-01,  7.2878e-01, -2.8707e-02,
        -3.9306e-01, -6.5758e-02,  1.5789e-01, -3.1936e-01,  4.3414e-01,
         1.8181e-01,  4.5862e-01, -6.0952e-01, -4.8660e-01, -4.1618e-01,
        -2.3337e-01,  4.3662e-01, -7.3239e-01, -2.6997e-02, -3.4663e-01,
         3.8245e-03,  4.6765e-01, -4.5285e-01,  4.0547e-02,  4.3801e-01,
         7.4215e-02,  4.8276e-01,  1.0466e-01, -1.0636e-01,  3.4578e-01,
         5.9636e-01,  5.6012e-01,  1.5330e-01,  6.3239e-01,  5.7947e-01,
        -4.5329e-01,  6.1819e-01,  3.9013e-01, -4.0051e-01,  1.7330e-01,
         1.8838e-01,  7.4389e-01, -1.0680e-01,  2.5264e-02,  2.9769e-01,
        -7.4931e-02, -2.6781e-01,  4.0152e-01, -2.7590e-01,  2.1893e-01,
         4.1816e-01, -3.0192e-01,  1.3158e-01, -1.3939e-01,  3.9898e-01,
         3.0456e-01, -1.8004e-01,  4.7459e-01, -8.1935e-02,  5.0581e-01,
         1.0380e-01,  1.3817e-01, -4.0922e-01,  3.0086e-01, -5.7911e-02,
         4.3710e-01,  5.1693e-01,  3.9242e-01, -8.2546e-01,  4.1821e-01,
         1.5723e-01,  5.9033e-01,  2.7800e-01,  1.4369e-01,  5.2011e-01,
        -7.7071e-01, -1.3938e-01, -3.2190e-01,  9.5766e-02,  4.7006e-01,
        -3.3624e-01,  6.7217e-02,  4.0914e-01,  4.0391e-01, -7.1227e-02,
         3.4406e-01, -1.2789e-01, -1.8311e-01, -1.1430e-01,  6.9925e-01,
         6.0610e-01,  2.0609e-01, -6.9852e-01, -1.3613e-01,  1.8871e-01,
         1.6733e-01, -1.6094e-03,  1.1641e-01,  4.8879e-01, -2.8294e-01,
        -5.1977e-01, -2.2030e-01,  3.9757e-01, -2.5111e-01,  4.2861e-01,
         2.0473e-01,  6.6388e-01, -3.1156e-01,  5.4939e-01, -1.0677e-01,
        -5.9120e-01, -4.5954e-01,  1.8169e-01,  6.2812e-01, -1.5834e-01,
        -7.0808e-01, -6.2948e-01,  7.0433e-02,  1.6804e-01, -2.7187e-01,
        -4.0610e-01, -4.1883e-02, -6.8688e-01, -6.0868e-01,  3.7933e-01,
         2.4468e-01, -6.5811e-01,  3.5487e-01, -2.9866e-01,  2.6512e-01,
         4.4178e-02, -2.3246e-01,  5.8615e-01, -3.2234e-01,  1.4233e-01,
         6.4167e-01,  3.8211e-01,  2.7929e-01,  8.0489e-01,  4.3467e-01,
        -5.7860e-02,  2.7614e-01,  4.6778e-01, -1.5465e-01, -6.2313e-02,
        -3.7961e-01,  2.6798e-01, -1.3057e-01, -5.2517e-01, -6.7324e-02,
         5.8656e-03,  2.2615e-01, -6.7507e-02,  4.6063e-01,  1.6478e-02,
        -1.0405e-01, -3.0892e-01,  2.6958e-01,  2.2644e-01,  4.3691e-01,
         6.2614e-01, -4.7165e-01,  3.0911e-01,  5.2402e-02,  6.6498e-02,
        -6.0767e-01, -3.4544e-01, -2.5543e-01, -5.5564e-01, -8.6208e-02,
         2.2346e-01,  2.3643e-01, -1.3267e-02,  5.3305e-02,  4.3685e-01,
        -7.0277e-01,  4.3264e-01,  2.4003e-01,  6.3433e-02, -6.8326e-01,
         5.8245e-01, -2.7817e-02,  4.5189e-02, -4.6736e-01, -4.7645e-01,
         1.0236e-01,  1.1811e-01,  2.3129e-01, -3.4333e-01, -1.2201e-01,
         6.5638e-02, -3.6018e-02,  3.5750e-01,  1.3557e-01,  1.3151e-01,
        -2.4487e-01, -4.0530e-01,  5.8132e-01,  4.8586e-01, -1.2910e-01,
        -1.0623e-01,  2.0623e-01, -2.6142e-01, -2.6609e-02,  3.6958e-01,
         7.3672e-01, -1.8011e-01,  2.0743e-01, -5.2150e-01,  9.3090e-02,
        -4.2212e-01, -1.4902e-01, -1.8435e-01,  6.2823e-01,  2.8296e-01,
         4.4459e-01,  1.9340e-02,  1.8984e-01,  3.1706e-01, -3.8076e-01,
        -4.5074e-01, -4.4120e-01, -6.9377e-02,  1.0320e-01, -5.7777e-01,
         9.2867e-02, -5.2301e-01,  1.8603e-01,  2.7791e-01, -9.9599e-02,
        -3.2889e-02, -3.2087e-01, -5.0481e-01, -3.2398e-02,  5.9443e-02,
        -4.6167e-02,  6.1862e-01,  5.6475e-02,  5.3222e-01, -2.0837e-02,
         4.8467e-01, -3.1784e-01, -6.5818e-01,  2.4499e-01, -7.6240e-01,
        -1.2778e-01, -4.6249e-01,  5.2221e-01,  6.3032e-01, -4.5279e-01,
         3.0243e-01, -4.4475e-01,  1.0738e-02,  3.0546e-01,  9.6832e-03,
        -5.9132e-01,  6.8232e-03,  3.6317e-01, -1.8369e-01, -5.7347e-01,
         5.6167e-02, -2.7073e-01,  2.0525e-01,  4.8208e-01,  1.9928e-01,
        -6.7331e-01,  4.1385e-01, -3.5253e-01,  3.9182e-01,  3.1380e-01,
         2.0133e-01,  3.0507e-01,  1.6962e-01,  2.5496e-01, -2.3836e-01,
         1.8942e-01,  7.6377e-02, -2.0529e-01,  5.0488e-01, -2.4169e-01,
        -2.8170e-01,  3.7445e-03, -5.9650e-02,  1.6294e-01, -5.0138e-01,
         1.5509e-01, -2.2652e-01, -3.3793e-01,  5.6106e-02,  5.2699e-01,
         4.7299e-01,  2.3093e-01, -5.1367e-02, -2.9860e-02,  6.0389e-01,
        -3.5303e-01, -7.7669e-02, -2.9428e-01,  1.5974e-01,  6.6364e-01,
         6.5742e-02, -2.7401e-01, -6.9105e-01, -5.0468e-01, -1.3266e-01,
        -9.8013e-03, -5.9228e-01, -4.1760e-01,  6.5923e-02, -1.1550e-01,
        -5.0997e-01,  5.4597e-01, -5.0578e-01, -6.3218e-01,  4.2258e-01,
        -5.9332e-01,  3.7090e-01,  7.5062e-02, -6.4259e-01,  2.9767e-01,
        -2.4454e-01,  8.9577e-02, -5.9718e-01, -5.4812e-01, -4.1870e-01,
        -7.1060e-02, -1.1842e-01, -4.4853e-01,  5.9915e-02, -1.1020e-01,
         5.2558e-01, -2.0784e-01, -5.8020e-01, -4.8301e-01, -5.5107e-01,
        -2.6908e-01, -6.8251e-01, -5.6613e-02,  6.7085e-01, -2.2361e-01,
        -4.9607e-01, -6.3518e-01,  7.1088e-01,  8.9358e-02,  3.3632e-01,
         1.5694e-01,  4.8202e-02,  4.7890e-01, -2.0176e-01,  4.6383e-01,
         3.0098e-01,  2.9218e-01, -4.1479e-01, -2.9944e-01,  2.4924e-01,
        -3.3897e-01,  1.8319e-01, -5.0901e-01, -3.0294e-01, -4.7085e-01,
        -3.4409e-01, -4.6319e-01, -3.0133e-01,  1.6003e-01, -6.4105e-01,
        -5.4424e-01, -7.2448e-01, -3.6042e-01,  2.4945e-01,  2.5300e-01,
         1.8203e-01, -4.8705e-01, -5.0733e-01,  3.6103e-01,  1.5201e-01,
        -2.3835e-01,  2.2702e-01,  4.6304e-01,  2.9671e-01, -9.9120e-02,
         2.4852e-01,  3.6319e-01,  4.6215e-01, -2.7111e-01, -4.7529e-01,
         2.6076e-01, -6.7083e-01,  4.4753e-02, -2.8851e-01,  2.8185e-01,
        -5.9717e-01, -1.1822e-01,  2.6510e-02, -5.0946e-01, -3.8491e-01,
         1.0109e-01, -4.1803e-01, -1.9256e-01, -4.3550e-01, -4.5211e-01,
         2.7370e-01,  3.8522e-01,  7.6257e-03, -1.8626e-02, -3.8837e-01,
         9.7784e-02,  6.2713e-01,  4.2353e-01,  1.6646e-01,  2.5618e-01,
        -2.2087e-01,  6.3761e-01, -1.0575e-01,  2.9910e-01,  2.1535e-02,
         6.2688e-02,  3.7604e-02,  3.8683e-01,  9.4445e-03, -3.1282e-01,
         5.7939e-01, -4.2936e-01,  3.5051e-01,  2.1601e-01,  2.7486e-01,
         1.0327e-01, -7.1683e-04, -4.5773e-01, -1.6275e-01, -4.3565e-01,
        -5.8919e-01,  1.4481e-01, -4.0524e-01,  1.0322e-01, -2.9765e-01,
        -2.2996e-01, -5.8193e-02, -3.0441e-01,  4.2641e-01, -3.5808e-02,
         4.0325e-01,  2.4675e-01,  3.3569e-01,  4.9349e-01,  3.3602e-02,
         6.0011e-01, -3.4377e-01,  4.1310e-01,  9.5225e-02, -1.8822e-01,
        -5.0444e-01,  1.4686e-01,  5.3322e-01,  5.6105e-01,  4.5173e-02,
         6.2129e-01, -2.8332e-01,  1.8235e-01, -7.6173e-01,  2.4258e-01,
         3.4896e-01,  2.6547e-01, -4.4347e-01,  1.4513e-01,  1.1088e-01,
        -4.1476e-01,  2.4105e-01,  3.8370e-01,  3.8968e-01,  5.7932e-02,
         2.3016e-01,  4.2138e-01,  3.3587e-01,  6.4008e-01, -2.8559e-01,
         2.3849e-01, -1.2066e-01,  1.4296e-01, -4.9335e-01, -3.4330e-01,
         4.7771e-01,  4.1479e-01, -5.6783e-02,  1.0005e-01,  1.0769e-01,
        -1.8160e-01, -2.7493e-01,  4.9841e-01, -3.9548e-01, -4.4611e-01,
         6.5488e-01, -5.4505e-01, -2.7472e-01, -6.7639e-01,  3.6994e-01,
        -6.1978e-02,  9.8132e-02,  3.5209e-01, -5.1365e-01, -1.5266e-01,
        -3.1468e-02,  1.8515e-01,  5.7903e-01, -5.3828e-01,  6.6696e-01,
         5.9167e-01,  2.2170e-01, -3.1023e-01,  6.5644e-01, -1.7923e-01,
         6.2472e-01, -3.1508e-01,  3.5515e-01,  3.0283e-01, -3.3480e-01,
         9.2276e-02,  5.2812e-01, -6.2403e-01,  8.2896e-02,  1.2336e-01,
         6.3382e-02, -7.9365e-01, -5.9629e-01,  5.4522e-01, -1.6085e-01,
         6.4105e-01,  5.9430e-01, -2.7407e-01, -3.9942e-01, -2.5402e-01,
        -6.6861e-01, -2.1095e-01, -7.4511e-01,  6.5157e-02, -2.8507e-01,
         3.3997e-01, -3.1747e-01,  7.3338e-01, -2.4994e-01, -5.0999e-01,
         1.3664e-02, -7.0755e-01,  2.9674e-01,  6.3788e-01, -1.4260e-01,
         2.8653e-01,  2.3916e-01,  4.3339e-01, -6.3296e-02, -2.0673e-01,
        -8.6862e-04, -3.3142e-01, -5.2688e-01,  1.2764e-01,  3.6869e-01,
         2.6087e-01, -5.4715e-01,  2.5958e-01, -3.3668e-01,  8.3738e-01,
        -4.4590e-01,  4.2691e-01, -5.4639e-01,  1.3793e-01, -1.4387e-01,
        -1.6248e-01, -3.0466e-01,  5.0548e-01, -3.7926e-01, -4.9460e-01,
         2.2368e-01,  6.1653e-01,  5.3328e-01,  4.9337e-01,  5.0361e-02,
         2.1169e-02, -2.7121e-01, -6.0931e-01,  5.2024e-01, -1.8593e-02,
        -3.8198e-01, -5.5115e-02, -6.6147e-01, -1.0867e-01,  3.1618e-01,
         7.7195e-01,  5.2734e-01, -3.1408e-01,  3.0379e-01,  4.5296e-01,
         3.2097e-01,  4.1286e-01, -6.8693e-01,  1.2787e-01, -2.4710e-01,
        -1.7962e-01,  1.9938e-01,  7.3793e-01, -3.6662e-01, -1.6805e-01,
        -3.1200e-02,  4.4368e-01, -4.8816e-01, -6.6616e-01,  2.9162e-01,
        -6.6073e-01, -3.1615e-01,  3.0646e-01, -8.2367e-02,  2.3088e-01,
         3.3635e-01,  5.1499e-01,  3.0444e-01, -2.4202e-02,  2.1218e-01,
        -1.3600e-01, -3.6200e-01, -3.5877e-01, -2.3091e-01,  2.2606e-01,
        -2.4350e-01,  4.2184e-01,  4.3055e-01,  2.6734e-01, -8.4555e-01,
         5.0127e-01, -2.0391e-01, -1.2718e-02, -1.4153e-01,  2.8114e-01,
        -5.6693e-01, -6.5395e-01, -2.7509e-01, -3.0741e-01, -8.9605e-02,
         4.3428e-01, -4.5606e-01, -1.9013e-01, -5.3160e-01, -5.9400e-01,
         6.1995e-01, -3.8254e-01,  1.3944e-01, -3.9216e-01,  2.6970e-01,
         7.0610e-01,  2.6644e-01,  4.9904e-01,  2.7589e-01,  5.4453e-01,
        -1.8827e-01,  3.2727e-01,  2.9820e-01,  4.9351e-01, -1.8017e-01,
         2.8818e-01,  2.5612e-01,  4.2955e-01,  3.5783e-01, -6.0379e-01,
         4.0326e-01, -5.4888e-03, -8.2106e-01, -4.9584e-01, -4.5521e-01,
        -5.4275e-01, -5.1993e-01, -4.1328e-01,  6.6294e-01,  8.6585e-01,
        -3.0672e-01, -2.2935e-02, -5.4720e-01,  7.4507e-01,  1.2339e-01,
        -2.9381e-02,  6.4160e-02,  2.7770e-01, -9.2467e-02,  4.0337e-01,
         5.7327e-02, -3.7277e-01,  7.4456e-01,  2.9380e-01,  8.1718e-01,
         2.9425e-01, -9.2651e-02,  3.2121e-01,  2.4616e-01, -3.6895e-01,
        -2.1644e-01, -5.3206e-01,  3.5388e-02, -4.3418e-01, -6.3851e-01,
        -2.1026e-01, -6.7100e-01, -4.8459e-01,  2.5099e-01, -3.2649e-01,
         2.9293e-01, -5.5884e-01, -3.3782e-01,  2.4986e-01,  8.3120e-01,
        -7.8452e-01,  2.5877e-02,  1.1885e-01,  1.6869e-01, -1.6524e-01,
        -2.2036e-01,  1.6620e-01, -2.1198e-01,  4.4900e-01, -5.1405e-01,
        -1.2900e-01, -6.6480e-02, -7.5419e-01,  7.0947e-01, -9.5973e-02,
        -4.5474e-01,  3.1017e-01, -4.0448e-01, -4.9610e-01,  1.9039e-01,
         5.8292e-01,  1.9497e-01,  2.1504e-01, -9.4284e-02,  4.6328e-01,
        -1.6330e-01,  9.4200e-02,  6.7800e-02, -4.2240e-01,  6.4539e-01,
        -4.3182e-01,  9.0573e-02,  7.6214e-01,  4.3378e-01, -4.5699e-01,
         4.2324e-02,  6.0670e-01,  8.6962e-02, -3.3054e-02,  1.7200e-01,
         4.1528e-01, -5.3860e-01, -3.8962e-01,  6.8258e-02, -1.0629e-01],
       device='cuda:1')
R 状态矩阵： torch.Size([5000, 1000])
r0 初始状态： tensor([ 4.7081e-02, -4.7159e-01,  3.5423e-01,  2.4724e-01, -3.1330e-01,
        -2.6988e-01, -8.3586e-02,  1.7105e-01, -1.1106e-01, -2.0254e-02,
         1.8839e-01, -3.0763e-01,  2.7089e-01,  2.0438e-01, -1.0641e-02,
         1.6165e-02,  5.7879e-01,  3.5611e-01, -3.1758e-01,  6.4625e-01,
        -3.9890e-01, -5.8559e-01,  1.8460e-02,  6.0872e-02,  3.7159e-01,
        -2.1149e-01, -1.7522e-01, -3.1254e-01,  2.9096e-01,  3.0431e-01,
        -1.3000e-01, -7.8804e-02,  2.7089e-01, -3.4571e-02,  1.8757e-01,
         5.2814e-01,  7.5060e-02,  2.7470e-02,  4.4094e-01,  5.9470e-01,
         5.0684e-01, -2.1451e-01, -1.9458e-02,  6.7503e-01,  5.5480e-01,
         2.0972e-02, -2.5217e-01,  7.9750e-03,  6.2049e-01, -3.7048e-01,
         3.8195e-01, -8.2288e-02, -6.1513e-03, -5.7962e-01,  2.9334e-01,
        -2.5800e-01,  5.1657e-01,  5.2377e-01,  1.9457e-01,  5.7023e-01,
        -3.5014e-01,  5.3427e-01,  3.2991e-02,  4.3358e-01, -3.5631e-01,
         5.7456e-01,  3.9120e-01, -7.0953e-02, -1.5751e-01,  6.3089e-01,
        -3.5977e-01,  2.8434e-01,  4.0986e-01, -3.4285e-02,  3.7402e-01,
         1.6391e-02, -7.0697e-01, -2.1689e-01, -2.2630e-01, -8.2391e-02,
        -4.3888e-01, -4.1707e-01, -3.1168e-01, -1.9267e-01, -3.8791e-01,
        -4.6940e-03, -2.5885e-02, -1.5606e-01,  3.3232e-01,  9.3720e-03,
        -4.1642e-01,  1.9584e-01,  2.6998e-02, -4.6839e-01,  2.9827e-01,
         2.4402e-01, -4.6421e-01, -2.1615e-01,  4.9703e-01,  5.2929e-01,
         2.5302e-01, -1.7290e-01,  4.3619e-01,  3.8545e-01,  1.9019e-01,
         8.6214e-02,  9.8724e-02,  3.3362e-01, -5.1350e-01,  4.4452e-01,
         5.7940e-02,  2.1416e-01,  1.9947e-01, -3.9137e-01,  3.3863e-01,
        -8.3961e-02,  3.3669e-01,  6.2768e-01,  2.4083e-01, -2.6484e-01,
         3.2439e-01, -6.4624e-01,  1.3577e-01, -2.9711e-01, -3.2693e-01,
        -3.0126e-01,  1.4096e-01, -6.3867e-01, -4.5525e-01,  4.0817e-01,
        -2.4264e-02, -3.6506e-01,  3.1473e-01, -5.3423e-01,  6.5315e-01,
        -5.5950e-01, -3.0029e-01, -4.6390e-02, -3.9475e-01, -2.0338e-01,
        -3.4537e-01,  2.5672e-01,  1.6268e-01,  3.2620e-02, -3.9777e-01,
         6.3916e-01, -2.4851e-01,  2.1239e-01, -2.5146e-01, -5.1334e-02,
        -1.4931e-01, -4.3962e-01, -1.6613e-01,  1.8634e-01, -2.0138e-01,
         2.4273e-01,  4.9229e-01,  1.5520e-01, -1.9180e-02,  5.0410e-01,
        -8.0239e-02, -1.2577e-02,  3.2687e-01, -4.1981e-01, -4.0347e-02,
         4.0770e-01, -1.2290e-02, -2.4641e-01, -4.0629e-01,  6.8949e-01,
        -1.7834e-01,  2.8929e-01,  8.5219e-02, -4.5305e-01, -8.2210e-02,
        -4.7822e-01, -5.0834e-01, -2.8838e-01,  5.4215e-01,  2.5483e-01,
         1.8778e-01,  2.1757e-01,  9.7310e-03, -4.0752e-01, -6.2032e-01,
        -3.9769e-01,  6.4232e-01, -1.0538e-01,  4.3071e-01,  3.4194e-01,
        -3.8150e-01,  1.0693e-01,  5.6271e-01,  2.4015e-01,  1.1434e-01,
        -1.0861e-01, -1.3601e-01,  4.9607e-01,  4.9975e-01,  3.5503e-01,
        -4.1197e-02,  2.9158e-01, -3.1905e-01,  3.0583e-02,  3.1666e-01,
        -1.5171e-01, -1.2588e-01, -1.1125e-01,  1.3681e-01, -3.7018e-01,
         6.2629e-01,  3.1481e-01,  1.9570e-01, -5.1071e-02, -9.9338e-02,
        -4.2489e-01,  4.8239e-01,  5.4318e-01,  9.6655e-02,  9.8510e-02,
         2.5453e-01, -3.2044e-01,  6.7817e-02,  5.3995e-01,  1.1042e-01,
         4.5774e-01,  2.5408e-01,  2.5256e-01,  2.7596e-02,  3.2917e-02,
         3.1769e-01,  2.8231e-01,  6.7227e-01,  5.5985e-01,  1.3143e-01,
         4.6966e-01,  4.2330e-01, -6.7235e-01, -1.2246e-01, -1.0800e-01,
        -4.8505e-01,  9.6046e-02,  3.4335e-01,  2.5210e-01,  3.3823e-01,
        -9.9565e-02,  9.9219e-04,  3.4562e-01,  3.1015e-01,  4.6412e-01,
         1.6015e-01,  4.0186e-01,  2.3697e-01, -9.9480e-02,  3.0245e-01,
         2.3698e-01, -3.0158e-01, -4.5906e-01, -2.9352e-01,  2.5344e-02,
         6.5543e-02,  2.0258e-01, -4.9758e-01, -4.9837e-01, -7.8101e-02,
         2.1210e-01,  2.4779e-01, -2.5968e-01, -2.9685e-01,  3.0027e-01,
         1.2061e-01,  1.4084e-01, -6.5004e-02, -4.0374e-02,  9.6631e-02,
        -8.4171e-02,  4.4234e-01,  3.0881e-01,  5.0559e-01, -8.6661e-03,
        -1.3294e-01, -2.6843e-01,  2.7835e-01,  7.1672e-02,  3.4713e-01,
         3.1689e-01,  4.7606e-01, -2.0113e-01, -2.0580e-01,  3.2229e-01,
         5.3930e-02, -1.7454e-01, -4.9458e-03,  2.1191e-01,  9.6973e-02,
        -5.3019e-02,  2.7546e-01,  4.3091e-01,  1.2300e-01, -5.5680e-01,
        -2.3156e-03,  5.3263e-02,  5.2803e-01, -2.6036e-01,  1.2643e-01,
        -3.5919e-01,  4.4268e-01,  2.7664e-01,  3.9800e-02, -3.3014e-04,
        -3.8196e-01, -2.0150e-01, -1.0616e-01,  4.4446e-01, -3.4124e-01,
        -3.3458e-01, -1.1858e-01,  1.4069e-01, -4.4901e-01,  1.4635e-01,
         2.3054e-01, -2.7347e-01, -4.4221e-01, -2.8157e-01,  3.0026e-01,
        -1.0677e-01, -1.3176e-01, -7.0856e-02, -4.7853e-01,  1.7737e-01,
         3.9939e-01,  2.0519e-01, -5.7682e-01,  4.0913e-01, -3.6593e-01,
        -3.1182e-01,  4.6894e-01,  2.3402e-01,  1.9472e-01,  6.9246e-02,
         3.9828e-01, -2.1249e-01, -2.1058e-02, -3.4900e-01, -3.8174e-01,
        -1.6168e-01, -3.3638e-01, -9.4186e-02,  1.2022e-01, -1.3178e-01,
        -7.6086e-02,  3.7293e-01,  3.5078e-01, -1.3182e-01,  1.9757e-01,
         1.9613e-01,  3.0178e-01, -2.7590e-03,  5.4502e-02, -1.3035e-01,
         3.0179e-01, -4.0096e-01,  8.7924e-02, -4.1842e-01, -4.6915e-01,
        -2.6628e-01, -4.0261e-01, -5.4046e-01,  3.6728e-01, -3.2287e-01,
         3.3837e-01, -4.1929e-01,  9.1088e-02, -2.1582e-01, -1.9020e-01,
         3.1802e-01,  7.1344e-02, -4.0923e-01, -2.5779e-01, -3.0805e-01,
         4.9658e-01,  2.5957e-01, -3.7579e-01, -1.8392e-01,  3.2884e-01,
         4.9137e-01, -1.3219e-01,  4.5517e-01,  1.4450e-01, -3.2409e-01,
         2.2544e-01,  1.3275e-01, -7.2254e-02, -1.7965e-01,  5.5135e-02,
         4.4803e-01, -1.2519e-01, -4.3509e-01, -2.8535e-01, -3.7657e-01,
         1.5962e-01,  9.8619e-02, -2.6688e-01, -3.2514e-01,  4.9885e-01,
        -1.5971e-02,  1.5309e-01,  3.0526e-01, -3.7698e-01,  1.4830e-01,
        -3.8811e-01,  1.0759e-01,  3.7806e-02,  6.7101e-02,  1.9117e-01,
        -3.5492e-02,  1.6332e-01,  1.3119e-01, -2.1575e-01,  3.2348e-01,
        -3.8798e-01, -3.5182e-01,  4.6984e-02,  5.4666e-01,  1.5959e-01,
         1.0608e-01, -1.1046e-01,  2.5158e-01, -3.6860e-01, -4.6283e-01,
         4.3554e-02, -2.5227e-01, -7.6264e-02, -3.2604e-01, -1.2778e-01,
        -2.2209e-01, -3.3578e-01,  5.1180e-01,  1.2566e-01,  2.0517e-01,
        -4.3011e-02, -2.9908e-01,  3.4601e-01,  2.6050e-01,  3.7824e-01,
         1.8741e-01,  1.1881e-01, -8.5742e-02, -3.3473e-01,  2.3798e-01,
        -9.8519e-02, -7.0892e-02,  2.6964e-01, -7.3004e-03,  5.3781e-01,
         4.9671e-01, -9.4513e-02,  8.2742e-02,  3.4520e-01,  5.4906e-02,
        -1.6036e-01, -3.5016e-01,  1.0968e-01, -1.2007e-01,  8.4217e-02,
         3.0069e-02, -2.2431e-01,  4.5915e-01,  3.8587e-02, -2.0718e-01,
         4.2037e-01, -1.3532e-01,  2.0176e-01,  2.3825e-01, -1.8215e-01,
        -8.8768e-02,  5.1586e-01, -1.0589e-01, -4.2601e-01,  2.9843e-01,
         4.2881e-01, -4.5859e-01,  2.2848e-02, -2.0160e-01,  1.0155e-01,
        -3.4147e-01,  3.2058e-01, -1.4103e-01,  3.2259e-01,  3.3346e-01,
         1.9556e-02, -1.1573e-01,  7.8160e-03, -1.4549e-01,  1.6201e-01,
         5.0714e-01,  3.0141e-01,  2.0148e-01, -7.9899e-02, -4.8614e-01,
         7.2595e-02, -1.3701e-01,  2.4452e-01,  8.0630e-02, -2.2765e-01,
         7.4599e-03, -3.3990e-01,  9.1877e-02,  4.0898e-02, -1.4889e-01,
         3.2479e-01,  2.1062e-01,  3.1261e-01, -3.2091e-02, -2.7612e-01,
         3.5070e-01,  9.7317e-03, -3.1905e-01,  3.8150e-01,  5.4363e-01,
        -3.2045e-01,  2.4847e-01, -4.0131e-01, -3.9858e-01, -1.7856e-01,
        -1.5473e-02,  1.1876e-01, -2.4140e-01, -2.2146e-02, -4.1791e-01,
        -1.9062e-01,  2.0712e-01,  1.1438e-01,  2.9581e-01, -9.2981e-03,
        -3.5260e-01,  3.6988e-01, -2.9759e-01,  3.4604e-01, -8.1421e-03,
        -2.9434e-02, -1.5990e-01, -4.0900e-01,  1.6868e-01, -4.1129e-01,
        -4.5484e-02, -4.5895e-02,  4.7219e-01,  3.2467e-02, -3.5623e-01,
         3.4722e-01, -1.7248e-01,  6.4683e-02, -1.7123e-01, -4.8566e-01,
         2.7287e-01,  4.0944e-01, -1.0424e-01, -3.2275e-01,  1.2755e-01,
        -4.0961e-01,  3.2284e-01,  3.3442e-01,  1.5129e-02,  3.0599e-01,
        -2.0227e-01,  3.3289e-02,  7.3356e-02, -3.1006e-01, -1.2428e-01,
        -1.6459e-01, -4.0460e-02, -2.6478e-01,  3.3498e-01,  2.9076e-01,
        -2.3960e-01,  1.4806e-01,  2.2163e-01,  5.9189e-02,  6.5802e-02,
         1.3625e-01,  1.6770e-01,  4.2373e-02, -3.5977e-01,  5.0354e-02,
         4.2936e-01, -1.3168e-01,  9.6241e-02, -2.7211e-01, -9.9446e-02,
        -8.7934e-02, -1.0285e-02,  3.4811e-01, -1.6928e-01, -3.5961e-01,
         3.9068e-01,  3.6086e-01, -3.8187e-01, -4.1309e-01,  2.8421e-01,
        -3.9339e-01, -4.9282e-01, -3.0959e-01,  1.8623e-01, -4.3054e-01,
        -3.9323e-02, -3.4115e-01, -8.0546e-02,  8.4656e-02,  2.2176e-01,
        -4.3712e-01, -4.7273e-02,  2.1778e-01, -3.2105e-01,  2.5182e-01,
         1.1352e-01,  9.4573e-02,  2.0246e-01,  2.8453e-01,  3.0954e-01,
        -8.2559e-02, -2.9371e-01,  2.3347e-01,  3.7772e-01, -3.3092e-01,
        -1.2397e-01, -4.5358e-02,  2.2104e-01, -2.2626e-01, -1.7941e-02,
         1.0780e-01,  3.1954e-02, -1.7103e-01, -1.1308e-01,  1.1552e-01,
        -4.9835e-01,  1.7235e-01, -1.1594e-01, -4.4346e-02, -2.6817e-02,
         2.1676e-01, -3.5482e-02, -2.7166e-01, -1.5850e-01, -2.7414e-01,
         2.6147e-01, -2.1661e-01, -1.9540e-01, -2.8747e-01,  2.4561e-01,
         3.6038e-01,  4.3548e-01, -1.7011e-01, -5.8597e-02, -1.7804e-01,
         4.2714e-02, -2.4279e-01, -1.2469e-01,  8.8547e-02,  2.4660e-01,
         7.6044e-02, -1.5777e-01, -1.1994e-01,  3.6309e-01,  2.2914e-01,
         1.0345e-01,  7.7751e-02,  9.2668e-02, -3.7705e-01,  2.3895e-01,
        -3.2218e-01,  1.4638e-01, -1.8231e-01,  4.2486e-01,  3.2093e-01,
        -4.5808e-01,  3.1763e-01, -1.6346e-01, -2.3077e-01, -5.8228e-02,
         8.6286e-03, -3.2410e-01, -1.3618e-01, -3.3427e-01, -1.3943e-01,
         1.2793e-01,  2.7048e-01, -2.8566e-01, -2.6416e-01,  1.5396e-01,
        -8.0381e-02, -2.2183e-01, -2.9125e-01, -2.3460e-01, -1.1229e-01,
         2.6165e-01, -3.2878e-01, -2.2737e-01, -1.1001e-01, -2.2252e-01,
        -1.7123e-01, -4.9523e-02,  2.2305e-01, -5.7918e-01, -8.4802e-02,
         7.3697e-02,  2.7010e-01, -2.4015e-01,  2.1383e-01, -3.0663e-01,
         4.2304e-01,  4.5262e-01,  2.8475e-01, -2.5829e-01, -3.1679e-01,
        -3.2167e-01, -3.2201e-02,  4.5842e-01,  2.9584e-01,  4.2279e-02,
         1.7434e-01, -4.6972e-02,  1.3163e-01,  8.5535e-03, -2.0680e-02,
         1.1976e-01,  2.2166e-01,  6.1897e-02, -1.7008e-01, -1.6881e-01,
        -1.4378e-01,  2.6060e-01,  8.3283e-02, -1.8911e-01, -4.5347e-02,
         2.6870e-01, -6.2770e-01,  1.4204e-02, -3.5573e-02,  5.3386e-01,
         2.9340e-01, -3.2867e-01,  3.7096e-01,  2.5762e-01, -2.5873e-02,
        -1.3809e-02, -6.7134e-02,  2.2044e-01, -2.1938e-01,  9.3486e-02,
         5.7428e-01, -5.4598e-01, -7.9500e-01,  2.2031e-01,  4.4637e-01,
        -2.8360e-01,  2.6871e-01,  5.3340e-01,  1.2261e-01,  6.9902e-01,
         6.1671e-01,  7.4968e-02, -5.7267e-01, -6.0088e-01, -7.3902e-01,
        -1.6470e-01, -1.2666e-01, -2.4235e-01,  2.3973e-01,  7.6812e-01,
         5.0367e-01, -2.4829e-01,  2.1187e-01,  2.8460e-01,  4.0693e-01,
         6.3132e-01,  3.2495e-01,  2.2296e-01,  3.1125e-01, -4.3466e-01,
         5.7601e-01,  4.4357e-01,  3.1929e-01, -1.4128e-01,  1.9733e-01,
         3.4662e-01,  7.0842e-01,  2.8587e-01,  2.7863e-01,  5.1629e-01,
        -4.6778e-01,  1.4892e-01,  1.2848e-01, -7.2256e-01, -5.3748e-01,
        -6.7258e-01,  3.3975e-01, -4.9919e-01, -4.6779e-01, -2.3518e-01,
        -5.5052e-01, -9.9100e-02, -5.1123e-01, -5.1274e-01, -2.4667e-01,
        -4.3154e-01,  3.8030e-01,  1.5616e-02,  5.6208e-02, -3.0444e-01,
         6.3069e-01, -2.9104e-01,  2.8661e-01,  4.7389e-01, -4.5786e-01,
        -5.7298e-01,  2.0053e-01, -3.9977e-01,  1.2307e-01,  6.5371e-01,
         4.0427e-01,  5.6396e-01, -1.5928e-01, -6.1680e-01, -2.7476e-01,
        -5.5665e-01,  5.9524e-02,  3.7802e-01,  1.5154e-01, -3.0106e-01,
        -4.9225e-01,  5.9777e-02, -1.3711e-02,  4.2753e-01,  4.1474e-01,
         2.4300e-01, -2.1946e-01, -1.3726e-01,  2.3088e-01, -3.0182e-01,
         3.4605e-01,  8.1109e-01,  6.3700e-01, -4.4121e-02,  7.2242e-01,
         2.6472e-01, -2.5291e-01, -3.8656e-01, -7.8455e-01,  2.9877e-01,
        -2.0669e-02,  7.7398e-01,  4.3960e-01, -4.5860e-03,  4.1067e-01,
         1.9446e-01,  7.1075e-01, -1.0707e-01,  4.2784e-01, -3.9329e-01,
        -5.1704e-01,  2.0399e-01, -1.1221e-01,  2.6636e-01, -1.7903e-01,
        -4.9709e-01, -2.2878e-01,  1.4283e-01,  2.2696e-01, -3.2380e-01,
        -6.4687e-01, -1.9714e-01, -5.5398e-02,  3.3717e-01,  1.6442e-01,
         4.6667e-01, -1.0098e-01,  2.1779e-01,  5.0701e-01,  3.0003e-01,
         7.1106e-01,  5.4071e-01, -6.5141e-01, -7.3468e-01,  3.3458e-01,
         3.2073e-01, -1.0228e-01, -1.3432e-01, -1.9245e-01, -3.0843e-01,
        -6.7098e-01,  5.1946e-01, -5.0876e-01, -4.7858e-01,  3.4229e-01,
         6.5670e-01,  2.5626e-01, -4.1714e-01, -1.5378e-01,  2.8042e-01,
         1.6204e-01, -3.8277e-01,  4.2769e-01,  7.1346e-02,  7.6056e-02,
        -1.3272e-01,  3.5413e-01, -2.0162e-01,  3.9386e-01, -4.6325e-02,
         5.4588e-01, -5.1395e-01,  6.7612e-01, -2.0154e-01,  6.4502e-01,
         6.5110e-01, -6.0503e-01,  3.8553e-01, -3.4016e-01, -5.4310e-01,
        -2.1559e-01,  4.6507e-01,  5.0994e-01, -4.1071e-01, -1.0085e-01,
        -3.1424e-01,  7.7800e-02,  3.2693e-01, -3.6433e-01,  5.7357e-01,
         6.5459e-01,  4.4902e-01, -3.7327e-01,  6.3054e-01, -1.8167e-01,
        -5.0434e-01, -2.0850e-01,  4.9783e-01, -3.8088e-01,  4.9929e-01,
        -3.5725e-01, -3.5324e-01,  2.2335e-01, -6.8093e-01, -4.2336e-02,
         3.4573e-01, -3.1931e-01, -8.5185e-02, -1.6370e-01, -3.9841e-01,
         8.3086e-01, -3.1534e-01,  5.0606e-01,  4.7844e-01, -2.8295e-01,
         3.2607e-01,  6.0301e-01, -3.8660e-01,  5.1141e-02, -6.7716e-01,
         2.8142e-01, -8.2894e-01, -3.5215e-01, -4.4368e-01,  8.3125e-01,
        -6.3244e-01,  1.2013e-01, -5.3729e-01, -8.0698e-01,  1.3675e-01,
        -6.1432e-02,  6.3986e-01,  3.8467e-01, -3.0845e-02, -5.5699e-02,
        -6.6753e-01,  4.4249e-01, -6.6691e-02, -3.0321e-01,  8.5977e-01,
         3.3429e-01, -3.5893e-01, -4.4174e-01,  2.8744e-01,  3.0246e-01,
         4.0584e-01,  6.9221e-01, -6.5566e-01, -5.5731e-01, -3.3710e-01,
        -2.5584e-02, -3.6707e-01, -3.1723e-01, -3.4274e-01, -4.5661e-01,
        -4.9750e-01, -3.5286e-01, -6.5182e-01, -3.1145e-01,  1.4369e-01],
       device='cuda:1')
R 状态矩阵： torch.Size([5000, 1000])
r0 初始状态： tensor([ 1.9432e-01,  7.5612e-02,  3.5619e-01, -9.8979e-02, -3.2776e-01,
         2.4431e-02, -1.8547e-01,  7.7001e-02,  1.6169e-01, -5.8487e-02,
         1.0973e-01, -2.4955e-01, -1.1724e-01,  1.5368e-04,  9.5689e-02,
         7.3858e-02, -1.4957e-01,  1.3561e-01,  1.1802e-01, -1.0987e-01,
        -6.5227e-02,  2.5888e-03,  7.7844e-02, -7.0694e-02,  1.5548e-01,
        -1.5535e-01,  1.4478e-01,  6.4608e-02,  2.2862e-01, -1.6236e-01,
        -2.6280e-01, -3.3017e-02, -6.0668e-02, -1.5220e-01, -1.1653e-01,
        -1.9792e-02,  8.1176e-02, -6.5478e-03, -2.1342e-01,  5.4122e-02,
        -3.2738e-01,  1.0754e-02,  3.7979e-02, -1.3182e-01, -9.5307e-02,
         8.8716e-02,  2.4340e-01, -1.1421e-02,  6.8510e-02,  1.9386e-01,
        -1.7510e-01,  8.5295e-02,  9.6974e-03, -1.0215e-01, -1.3296e-01,
        -1.8443e-01, -1.6004e-01, -1.9451e-01, -1.7358e-01, -7.2513e-02,
         2.3210e-01, -1.3116e-01,  1.9807e-01,  2.1357e-01,  2.8051e-02,
        -1.6068e-01, -1.0522e-01,  1.7163e-01,  2.3364e-01, -2.7839e-01,
        -2.1548e-01, -1.4779e-01, -2.8724e-01, -1.1523e-01,  7.8853e-02,
        -6.0492e-02, -3.1265e-02, -2.1485e-01, -7.9802e-02, -1.3500e-01,
         3.1931e-02,  1.1093e-01,  2.4509e-01,  1.7032e-01,  1.1653e-01,
         5.9911e-02,  1.2523e-01,  9.5412e-02,  2.3735e-01,  1.2942e-01,
        -8.7696e-02,  2.5673e-01,  4.7805e-02, -2.3130e-01,  3.1823e-02,
         2.9660e-01,  2.7786e-01, -2.6375e-01, -2.0994e-01, -1.6280e-01,
         8.1224e-03,  2.0566e-01,  1.4159e-01, -2.9285e-01,  2.4785e-01,
        -1.4439e-01,  1.2355e-01,  1.8089e-01, -2.2210e-01, -2.2584e-01,
         9.0627e-02,  2.8791e-01, -2.0130e-01, -3.1174e-02,  1.7361e-01,
        -2.1573e-01,  2.4840e-01,  1.3623e-01,  8.0486e-02,  4.5403e-02,
         2.8956e-01, -1.2248e-02,  7.3400e-02,  4.0054e-02,  2.4105e-01,
        -1.1351e-01, -2.1311e-02,  2.8702e-02,  1.3336e-01,  4.3988e-02,
         8.5710e-02, -8.6756e-02, -3.8778e-02,  7.6727e-02,  2.1878e-01,
        -1.8377e-02,  6.5816e-02,  3.0002e-01, -5.2185e-02,  2.1606e-01,
         3.9396e-01, -2.0216e-01, -2.2848e-01,  3.0242e-01, -2.7148e-01,
         2.9583e-01,  5.3459e-02,  2.2326e-02, -1.3758e-01,  1.3920e-01,
        -1.7747e-01,  1.7625e-01,  2.8739e-03, -2.5002e-01,  1.6999e-01,
         1.0344e-01,  1.6939e-02,  1.0367e-01, -1.2370e-01,  1.5331e-01,
         1.1608e-01, -1.4337e-02,  3.4321e-02, -9.2578e-02, -1.8745e-01,
         1.1608e-01,  4.9715e-02, -8.0902e-02, -4.0712e-03,  3.2502e-03,
         1.0383e-01,  1.4358e-01, -3.4906e-02,  1.5365e-01,  8.3144e-04,
        -2.3831e-01, -1.6992e-01,  6.6482e-02, -7.9666e-02, -2.1530e-01,
         1.4160e-01, -8.3087e-02,  5.3662e-02, -1.3523e-02, -1.5383e-01,
         3.2576e-01, -2.4753e-01, -2.2905e-01, -2.3880e-01,  1.5829e-01,
        -1.5588e-01, -2.1155e-01, -6.0093e-02, -6.0696e-02, -2.7716e-02,
        -1.2760e-01,  1.0651e-02,  1.9534e-02,  2.7179e-04, -1.0820e-01,
        -2.9931e-01, -1.5243e-02, -2.3068e-01, -8.8891e-03,  2.5512e-02,
        -8.9227e-02,  2.9616e-01, -2.8099e-01,  2.4194e-01, -8.2613e-02,
         1.7531e-01, -1.0114e-01, -2.4090e-01,  1.4896e-01,  1.4637e-01,
        -2.2128e-01,  2.8947e-01, -4.7772e-04, -4.3961e-02,  9.3851e-02,
         6.6934e-02, -6.2392e-02,  3.5355e-02,  1.5256e-01,  9.7947e-02,
        -1.2178e-01,  2.1130e-01, -5.2812e-02, -2.5075e-01,  5.0647e-02,
         2.7053e-01, -1.7969e-01, -1.5812e-01, -9.7578e-02,  3.3885e-02,
        -9.0821e-02, -9.1037e-02, -1.4421e-02,  1.1886e-01,  1.5769e-01,
         2.0954e-01,  1.3700e-01,  2.7396e-01, -1.2200e-01, -1.7275e-01,
        -4.3416e-02, -8.6442e-02,  1.2242e-01,  5.9091e-02, -2.0055e-02,
         1.7781e-02, -6.0007e-01, -6.2717e-02, -1.0604e-01,  1.4618e-01,
        -4.0903e-01, -2.6694e-01,  4.3465e-01, -1.6097e-01, -1.9026e-01,
        -3.5584e-01, -1.2299e-01,  4.0467e-01,  8.1021e-02,  1.9159e-01,
         2.2603e-03,  4.0948e-01,  4.4774e-01,  4.4661e-01, -4.4134e-01,
        -6.4450e-02, -3.8048e-01,  5.5334e-01,  5.0588e-01, -4.1970e-01,
         4.9574e-01,  2.0372e-01, -5.0226e-01, -2.1244e-01,  8.1908e-02,
         5.5929e-01,  2.0378e-01, -2.6141e-01,  5.3723e-01,  4.2839e-01,
        -2.3651e-01,  5.0943e-01, -3.2117e-01,  7.7721e-02, -7.6843e-03,
        -3.1422e-01,  1.2329e-01, -6.1777e-01, -4.3787e-01, -4.9993e-01,
         2.6736e-01, -4.5268e-01,  5.2375e-01, -8.8137e-02,  3.8554e-01,
        -1.3532e-02, -4.1150e-01,  3.0202e-01, -3.9495e-01, -4.7883e-01,
        -4.8262e-01,  2.0708e-01,  1.7978e-01, -2.7908e-01,  9.0562e-02,
        -3.2806e-01, -4.1993e-01,  1.7276e-01,  1.5797e-01, -4.7306e-01,
        -5.4927e-01, -3.4299e-01,  2.8017e-01, -4.3708e-01, -3.2403e-01,
        -6.0601e-01,  2.4042e-01, -3.7143e-02, -1.9430e-01, -3.4457e-01,
         5.3732e-01,  5.9692e-01, -4.7885e-02,  1.8923e-01,  4.6555e-01,
         3.7012e-01, -9.4908e-02,  6.2624e-01,  1.9080e-03, -3.8070e-01,
         1.7103e-01,  4.0502e-01,  3.9464e-01, -9.0141e-02, -5.7619e-01,
        -5.8528e-01,  5.8347e-01, -2.4718e-01,  2.5318e-01, -2.7555e-01,
         1.5467e-01, -4.0313e-01,  1.0778e-01,  7.1288e-02, -1.5602e-01,
        -1.6526e-01,  5.2229e-01, -2.8285e-01,  3.2672e-01,  5.9785e-02,
        -5.5796e-01,  5.0918e-01, -6.0278e-01,  5.2343e-01, -7.0026e-01,
        -3.5452e-01, -2.6294e-01, -2.5257e-01, -1.9396e-01,  2.2749e-01,
        -7.5697e-02,  3.3190e-01,  1.2441e-01, -3.6145e-01,  3.1856e-01,
         7.7938e-01, -2.6164e-02, -2.1589e-01,  6.2320e-01,  5.4723e-01,
         5.2152e-01, -7.5547e-02, -3.1652e-01,  3.7662e-01, -5.2664e-01,
         5.9502e-02, -5.4017e-01, -1.5296e-01,  4.8376e-03,  4.6280e-01,
         3.0897e-01,  3.0551e-01,  6.7207e-01, -4.9522e-01, -5.5861e-01,
         1.1587e-01,  5.7572e-01,  6.1506e-01,  3.1747e-01, -1.3086e-01,
        -1.0920e-01,  2.0494e-01, -9.4830e-02,  5.3980e-01,  2.5041e-01,
         7.5189e-02,  2.0528e-01, -3.0591e-01, -2.9206e-01, -6.3446e-01,
        -2.3125e-01,  2.1943e-01, -4.7126e-01, -2.0239e-01, -3.7736e-01,
        -3.6225e-01,  2.7555e-01,  3.7549e-01, -2.1890e-01, -2.4917e-01,
         4.5649e-01,  3.1741e-01,  3.9882e-01, -1.2594e-01,  6.1389e-02,
        -2.4100e-01, -2.2150e-01,  5.1780e-01,  5.5122e-01, -1.7407e-01,
        -1.6338e-01, -3.8365e-01, -1.8228e-01, -6.2988e-01, -4.8448e-01,
        -4.8961e-02, -7.4160e-02,  5.6650e-01, -1.7154e-02,  7.3328e-02,
        -5.3953e-02, -3.5568e-01,  5.3829e-01,  6.8921e-01,  7.5080e-02,
        -1.7770e-01, -5.1304e-01,  2.2164e-01, -4.1039e-01, -5.7901e-01,
        -5.6415e-01, -1.6255e-01, -5.0312e-01,  6.0551e-01, -3.4320e-01,
         8.3352e-03, -6.2138e-01,  7.8557e-03,  7.3733e-01,  5.7016e-01,
         7.1106e-02,  2.4305e-01, -4.6376e-01, -4.4400e-01,  1.5333e-01,
         7.7044e-02, -4.9003e-01, -2.9476e-02,  2.6517e-02,  3.1286e-01,
         9.4634e-02,  5.4670e-01,  6.1496e-01, -4.2227e-01,  4.6518e-01,
         3.8166e-01, -1.0474e-01,  9.2649e-02, -3.4184e-01, -4.2620e-01,
         6.2943e-01, -9.6639e-02,  1.5017e-01, -1.0236e-01, -5.2638e-01,
         1.3737e-01, -5.7212e-01,  3.5401e-01,  6.3653e-02, -3.6834e-01,
         4.8379e-01,  5.8209e-02,  2.4520e-01, -5.3082e-01, -5.6625e-01,
        -5.5531e-01, -1.5895e-01, -3.0099e-01,  2.7988e-01, -1.6284e-01,
         1.1641e-01, -3.2713e-01,  1.4469e-01,  1.0281e-01, -9.8340e-02,
        -1.0568e-01, -1.5550e-01, -1.8716e-01,  4.0603e-01, -2.3873e-01,
        -1.6007e-01,  4.0533e-01,  5.6364e-02, -2.0827e-02, -3.8912e-01,
         2.9731e-01, -3.3583e-01, -6.7213e-02, -4.9512e-01, -5.4909e-02,
         3.6949e-01, -4.7504e-01, -3.2900e-01,  6.1416e-01,  1.4242e-01,
         4.4190e-01, -5.9867e-01,  1.0124e-01,  3.2225e-03,  8.5285e-02,
        -2.6385e-01,  2.0563e-01,  5.2664e-01,  1.1156e-01, -7.5556e-01,
        -2.0711e-01, -6.9841e-01, -2.3512e-01, -2.7718e-01, -1.6706e-01,
        -4.0677e-01,  4.2261e-01,  1.1150e-01, -3.6110e-01, -5.0786e-01,
         1.3814e-01,  8.2898e-01,  2.8417e-02, -3.9891e-01,  5.7218e-01,
        -2.3527e-01,  3.9185e-01, -3.7933e-01,  1.6770e-01,  2.3527e-01,
         9.7542e-02,  5.2913e-03, -4.5148e-01, -5.7561e-01, -4.3593e-01,
        -6.0390e-01,  1.7727e-01, -2.0780e-01,  3.1320e-01,  3.1109e-01,
        -5.3238e-01, -1.4865e-01, -2.4605e-01,  9.7236e-02,  2.8140e-01,
        -4.7359e-01,  4.9618e-01,  3.8124e-01, -5.0765e-01, -1.8761e-01,
        -7.5835e-01, -7.2391e-01, -2.9324e-02,  4.9707e-01,  4.3390e-01,
         2.2635e-01,  3.7054e-01,  6.2684e-01,  7.4756e-01,  1.7405e-01,
        -2.1917e-01,  4.8847e-01, -4.1572e-01, -1.9089e-01,  5.4130e-01,
         4.1195e-01,  2.5835e-01, -7.2697e-01, -1.7483e-02,  6.7606e-01,
        -6.5698e-01,  5.3859e-01, -3.0077e-01, -1.3307e-01, -1.7793e-01,
         5.7527e-02, -3.2677e-01,  1.5998e-01,  4.1069e-01,  3.0870e-01,
         6.0743e-01,  4.9109e-01, -4.9551e-01, -4.3817e-01, -2.2698e-02,
         1.5424e-01, -1.2708e-01,  4.9376e-01,  7.2713e-02,  2.9756e-01,
        -1.0135e-01, -1.3561e-01,  4.7974e-01,  1.9276e-01,  5.4720e-01,
         6.3382e-01, -5.2023e-01, -5.8836e-01, -7.0783e-01,  3.0313e-01,
         4.3569e-01, -5.4056e-01, -3.3333e-02,  6.1405e-01,  1.0818e-02,
        -4.9232e-01,  2.6016e-01, -2.7734e-01,  6.9237e-01,  2.8731e-01,
         1.0939e-01,  1.3352e-01,  3.5902e-01,  3.0481e-01,  3.3881e-01,
         1.1912e-01, -4.2899e-01, -6.6710e-01, -6.1862e-01,  3.1008e-01,
         6.2321e-01, -1.1083e-01, -3.0447e-01,  3.9006e-01, -6.2209e-01,
        -4.7875e-01,  7.3777e-01, -1.8069e-01, -4.6474e-01,  3.1569e-01,
         7.8074e-01, -2.6541e-01,  5.4670e-01, -1.8871e-02, -6.0694e-01,
        -7.0510e-02, -1.5369e-01, -6.2790e-01, -5.6917e-01, -6.1579e-01,
        -4.3490e-01, -1.7379e-02, -1.5755e-01, -5.5237e-01, -6.3738e-01,
        -4.0484e-01,  2.9597e-01,  4.1402e-01,  8.9550e-02,  5.3727e-02,
         1.0511e-01, -8.4743e-01, -6.1427e-02,  4.2922e-01,  2.1653e-01,
        -1.4955e-01, -2.7842e-01,  6.9081e-01, -2.7575e-01, -3.1379e-01,
        -1.6021e-01,  7.0521e-01, -6.4235e-02, -1.0646e-01, -4.4946e-01,
         7.5997e-01, -7.8120e-01, -3.3900e-01,  3.7430e-02,  5.8043e-01,
        -1.8453e-01,  3.9330e-01, -2.9462e-01, -7.7323e-01,  2.2926e-01,
        -7.6151e-01,  5.8101e-01, -1.2418e-01, -8.0699e-02, -1.8853e-01,
        -3.5366e-01,  1.3029e-01, -6.5901e-01, -4.9484e-01, -5.3978e-01,
         5.0560e-02,  4.7904e-01,  2.6414e-01,  6.2719e-01,  2.2428e-01,
         2.3341e-01, -7.5958e-02, -1.9747e-01,  5.7129e-01, -5.3676e-01,
        -3.0299e-02, -6.6417e-01, -3.3055e-01, -2.3444e-01,  6.5395e-01,
         4.0264e-01, -8.4268e-01, -3.9435e-01,  3.8726e-01, -4.9280e-01,
         5.4590e-01, -4.7207e-02, -2.8057e-02,  2.3872e-02,  2.1246e-01,
        -5.0235e-01, -4.3647e-01,  5.4592e-01, -4.2249e-01,  6.0388e-01,
        -3.5280e-01,  7.4913e-01,  1.1855e-01, -2.2571e-01,  4.4993e-01,
         2.8255e-01,  8.4089e-02,  5.8737e-02, -3.8409e-02, -3.9909e-01,
        -3.0393e-01,  2.3058e-02,  4.5718e-01, -1.9655e-01,  5.0512e-01,
        -6.2464e-01,  4.3215e-01,  4.4042e-02,  2.3996e-01, -6.6533e-02,
         1.1003e-01, -1.4009e-01, -6.5318e-01,  2.1645e-01,  5.1828e-01,
        -1.9836e-01, -7.9518e-01, -6.2067e-01, -3.3675e-01, -6.6279e-01,
        -3.6392e-01, -2.8853e-01, -4.0794e-01,  2.3910e-01, -1.0999e-01,
         4.5965e-01,  9.1472e-02, -5.0933e-01,  2.5068e-01,  6.5573e-01,
        -4.8676e-01, -2.9987e-01,  2.7326e-02,  2.6740e-01,  3.4957e-01,
         2.8669e-01,  5.8101e-01,  7.5096e-01,  2.0837e-01,  4.2487e-01,
        -1.4312e-01, -4.6964e-01,  6.6515e-01, -2.7683e-01,  1.6577e-01,
        -3.3862e-01, -2.1766e-02,  7.0370e-01,  4.0752e-02,  2.6772e-01,
        -3.3361e-01, -2.1179e-01, -3.7567e-01,  4.4429e-01,  1.7834e-01,
         3.8581e-01, -1.0617e-01, -3.2516e-01, -3.8917e-01, -5.0759e-01,
        -4.1085e-01, -3.7583e-01, -1.7270e-02, -5.2254e-01, -5.1013e-01,
        -3.6402e-01,  8.2941e-02, -3.7325e-01, -1.4701e-01, -4.1401e-01,
        -6.5909e-01, -3.9831e-02, -1.6944e-01, -3.8697e-01,  7.1299e-01,
         5.7315e-01,  5.8926e-01, -6.3675e-01, -5.2922e-01, -5.8333e-01,
         6.1231e-01,  1.2396e-01,  8.2686e-02,  7.7639e-01, -3.0666e-01,
        -3.5612e-01, -4.7546e-02, -6.1559e-01, -4.7905e-01,  1.4715e-01,
         8.3779e-02,  3.7516e-01,  7.9087e-01, -3.1421e-01, -5.5804e-01,
         3.7333e-01,  1.4533e-01,  6.2127e-01,  1.9636e-01,  1.6709e-01,
         4.8089e-01,  3.7893e-01,  3.4667e-01,  3.6136e-01, -4.6695e-02,
        -8.4341e-01,  3.2687e-01, -5.2319e-01, -6.1861e-01, -6.0751e-01,
         6.0255e-01,  1.8569e-01, -6.3239e-01,  1.2932e-01,  3.6933e-01,
         7.5689e-01, -4.1134e-01,  1.7847e-01,  4.3465e-01, -4.6719e-01,
        -1.4648e-01,  4.7095e-01,  1.6032e-01,  4.5048e-01, -2.1830e-01,
        -1.3229e-02, -1.8792e-01,  5.1297e-01, -2.4051e-01, -3.5387e-01,
        -5.2424e-01,  1.3688e-01,  6.3969e-01,  5.6476e-01,  5.4030e-01,
         4.6194e-01, -5.3569e-01, -3.9321e-01,  9.9580e-02,  1.4932e-02,
         3.9320e-01,  1.3651e-01,  6.9590e-01,  4.7911e-01,  4.4583e-01,
        -5.4264e-01, -2.5236e-01,  5.6198e-01,  7.1200e-01, -6.2869e-01,
         9.6453e-02,  3.7458e-02, -3.7082e-01,  1.8204e-02,  1.1941e-01,
         5.5956e-01,  5.4660e-02, -3.3089e-02,  5.7069e-01, -1.2890e-01,
        -2.7455e-01, -2.5204e-01, -1.2998e-01, -2.6116e-01, -3.3123e-01,
        -3.4577e-01,  4.2810e-01,  4.0951e-01,  2.6162e-01, -3.7725e-01,
        -5.9686e-01,  4.9762e-01,  4.3888e-01, -6.9246e-01, -2.1270e-01,
        -1.1511e-03, -7.3576e-01, -6.2334e-02,  5.9176e-01,  5.6099e-01,
        -2.4616e-01, -4.1404e-01, -6.3338e-01,  2.6170e-01,  4.6554e-01,
         2.0742e-01,  5.0265e-01,  5.4923e-01,  3.1469e-01,  6.6226e-01,
         3.0051e-01, -1.3717e-01,  4.4562e-01, -2.1287e-01,  1.1000e-01,
        -1.5688e-01, -4.3474e-01, -6.3486e-01,  3.4339e-01, -6.2680e-01,
         2.9997e-01, -5.5609e-01,  6.4183e-01,  3.7567e-01,  6.5346e-01,
        -7.2850e-01,  6.8959e-01, -6.2874e-01, -7.5471e-01, -3.9636e-01,
         8.3719e-02, -4.9372e-01, -2.3229e-01,  5.2329e-01,  6.9853e-01,
        -1.0718e-01, -1.3700e-01, -1.9601e-01, -7.7447e-01, -5.8649e-01,
         4.7534e-01,  2.8215e-01, -2.9430e-01,  3.6436e-01, -3.6857e-01,
         7.2647e-01,  6.7313e-01,  5.9210e-02, -2.0210e-01, -6.4915e-01,
        -6.2116e-01, -6.7567e-01, -2.4043e-01, -5.0241e-01,  2.3045e-01,
        -3.5156e-01, -1.1595e-01, -3.9471e-01,  6.7336e-01,  1.8019e-01,
        -6.9264e-01, -1.8866e-01,  4.5682e-01, -2.9117e-01,  1.8551e-01,
        -5.5093e-01,  4.6136e-01, -8.9445e-03, -1.3545e-01, -3.3061e-01,
        -1.4805e-01, -6.5299e-01, -1.1505e-01, -3.9183e-01, -3.8952e-01],
       device='cuda:1')[I 2025-10-02 13:14:37,122] Trial 21 finished with value: 3.6716203490893045 and parameters: {'n_units': 1000, 'alpha': 1.0, 'sigma_in': 0.7000000000000001, 'rho': 0.5, 'tikh': 0.01, 'option': 2}. Best is trial 13 with value: 0.7581153710683187.

Test Loss for each rep: [9.327972, 0.9967886, 0.6901]
R 状态矩阵： torch.Size([5000, 1000])
r0 初始状态： tensor([-0.2231, -0.2233, -0.0808,  0.4758,  0.3611,  0.4337, -0.0260,  0.0010,
         0.0089,  0.3140, -0.5912, -0.4200, -0.6094, -0.1146, -0.0905,  0.2892,
         0.4360, -0.2733,  0.0491,  0.2729,  0.8091,  0.2784, -0.4389, -0.4367,
        -0.0944,  0.0503, -0.3147,  0.0937,  0.0639,  0.0383, -0.3915, -0.6048,
        -0.5919,  0.1776, -0.2339,  0.1935, -0.4320, -0.0818,  0.0446, -0.2426,
         0.2909, -0.7156, -0.3602, -0.1650, -0.6598, -0.4591,  0.2899, -0.5680,
         0.5778,  0.1340,  0.1025,  0.1498, -0.5205, -0.7040, -0.2968, -0.5279,
        -0.3896, -0.0778,  0.0336, -0.1087,  0.3264,  0.7224, -0.1480, -0.7924,
        -0.4742,  0.4174,  0.2385, -0.0684,  0.5305, -0.5230,  0.0618,  0.4984,
         0.4227,  0.1478, -0.0908,  0.5773, -0.0153,  0.0152,  0.1123, -0.7030,
         0.7247, -0.4692,  0.1402,  0.1057,  0.2858,  0.0038,  0.3230, -0.0394,
        -0.3863, -0.6831,  0.2189,  0.6278, -0.4317,  0.4056, -0.4548,  0.0292,
        -0.0531, -0.1898, -0.2907, -0.0363,  0.5399,  0.2956,  0.0721,  0.7369,
         0.0719, -0.2285,  0.2170, -0.0115,  0.0087,  0.4110, -0.2027, -0.2899,
        -0.5176,  0.1521,  0.3855, -0.0294, -0.0179, -0.4692,  0.2570,  0.4983,
        -0.5356, -0.7623,  0.3611, -0.0796, -0.1217,  0.6067,  0.3347, -0.5915,
         0.0069, -0.0154, -0.3423,  0.1939, -0.1031, -0.4763,  0.2713,  0.2397,
         0.1841, -0.2843, -0.1630,  0.2496,  0.2415, -0.0211,  0.5130,  0.0478,
        -0.4873,  0.6901, -0.3384,  0.1044,  0.2394,  0.3031, -0.5445, -0.1018,
         0.1752,  0.0879,  0.1712, -0.1039, -0.0792, -0.4925, -0.2689, -0.2244,
        -0.1939,  0.0010,  0.0921, -0.0978, -0.3677,  0.4976, -0.3571,  0.2593,
        -0.1452,  0.3085, -0.4299,  0.3723,  0.4417, -0.2373, -0.0124, -0.6769,
        -0.5801, -0.2188,  0.4199, -0.0982, -0.0357,  0.0197,  0.1495,  0.2568,
        -0.4706,  0.3384, -0.1657, -0.1215,  0.3995, -0.3137,  0.0933,  0.3241,
         0.5605,  0.6376, -0.1726, -0.7982, -0.0917,  0.2540, -0.5492,  0.4722,
         0.4482, -0.3480, -0.0430, -0.5615, -0.6078,  0.1072,  0.5882, -0.3828,
         0.0433, -0.2877, -0.1304,  0.0545, -0.0378, -0.6028,  0.1458,  0.2863,
         0.2952,  0.0704,  0.0293, -0.3151,  0.6239, -0.3065,  0.1335,  0.1433,
         0.4590, -0.4554,  0.1584,  0.7387, -0.1813,  0.1095,  0.1422,  0.4644,
         0.4559, -0.0231, -0.2087,  0.3052,  0.0173, -0.0708,  0.1201,  0.1362,
         0.5631,  0.0400, -0.3120, -0.2649,  0.0116, -0.3119, -0.3059, -0.0199,
        -0.4141,  0.5093, -0.0258,  0.0974, -0.1669, -0.2180, -0.1756, -0.1726,
        -0.2262, -0.1183, -0.3063, -0.1370, -0.1683, -0.1560,  0.0452,  0.1698,
        -0.1790, -0.1412, -0.0608, -0.1802,  0.2368, -0.0272,  0.1502,  0.0940,
         0.0174,  0.1067, -0.3745,  0.0672, -0.0233, -0.2349, -0.1485,  0.1487,
        -0.1874, -0.0284, -0.2415, -0.0121,  0.0099, -0.1622, -0.0011, -0.0917,
         0.1038, -0.3193,  0.1405,  0.0586, -0.1872,  0.0245, -0.3249, -0.2890,
        -0.2603, -0.0695, -0.2022,  0.1923,  0.2677,  0.2236, -0.0646, -0.0996,
        -0.0514, -0.2030,  0.3666, -0.1702, -0.0760,  0.1787,  0.3583, -0.0269,
        -0.0850,  0.0558,  0.0313, -0.0061, -0.2667, -0.0755, -0.1516, -0.0277,
         0.0720, -0.0375, -0.1356, -0.1728,  0.0538, -0.0908,  0.3800,  0.1122,
        -0.0631, -0.1219,  0.0234,  0.1496, -0.0476, -0.1978, -0.1777,  0.1163,
         0.1412,  0.1729, -0.2018,  0.1579,  0.3739,  0.1357,  0.2666,  0.3576,
         0.1218, -0.2549,  0.0300, -0.0389, -0.3155, -0.0202, -0.1081,  0.3270,
         0.1108,  0.1946, -0.2548, -0.1038, -0.2291,  0.2920,  0.1408,  0.2633,
        -0.1952,  0.1750,  0.1625, -0.2253,  0.0368, -0.1202, -0.0082, -0.1784,
         0.1671, -0.2097,  0.0501, -0.2455, -0.0967, -0.2097, -0.1526,  0.1238,
        -0.0237, -0.1292,  0.1078, -0.1406, -0.0876, -0.1812,  0.0718, -0.0329,
        -0.1935, -0.1099, -0.0876,  0.2237, -0.2515,  0.0120, -0.2106, -0.1514,
         0.2136, -0.3088,  0.1610,  0.0519,  0.2566, -0.1218,  0.1757,  0.1571,
         0.2029,  0.3109, -0.1486, -0.4177, -0.2327,  0.4049,  0.1394, -0.2449,
        -0.0870,  0.2290,  0.1078,  0.0285,  0.1772, -0.0035,  0.1366,  0.1352,
         0.2420, -0.1418,  0.2289, -0.0673,  0.0140,  0.2060, -0.1067,  0.1372,
        -0.0491,  0.2998, -0.0153, -0.1335,  0.3203, -0.1203, -0.0696, -0.2013,
         0.1986, -0.2261,  0.0659, -0.0681, -0.1271, -0.0630, -0.0509,  0.4457,
         0.1295, -0.0285, -0.0042, -0.0522, -0.2027, -0.1562,  0.1845, -0.2890,
         0.1312,  0.2488,  0.3297, -0.0189, -0.2020, -0.0950,  0.1320, -0.1844,
         0.3164, -0.1268, -0.1191,  0.2538,  0.1386,  0.0521, -0.2367, -0.0768,
        -0.3136,  0.0514,  0.3769,  0.0317, -0.0919,  0.0590,  0.0580, -0.2660,
        -0.1351, -0.0918, -0.2008, -0.1183,  0.3033, -0.0603,  0.0214,  0.2552,
        -0.0272,  0.0231,  0.3552, -0.1289,  0.0428, -0.2255, -0.1297,  0.1686,
         0.1670, -0.0475, -0.1041, -0.0073, -0.1533,  0.1110, -0.0668,  0.1077,
        -0.2113, -0.0467,  0.1741, -0.0174,  0.0499, -0.4922, -0.3853,  0.7704,
         0.4210,  0.2254, -0.4724,  0.5311, -0.4169, -0.3170, -0.3576, -0.2470,
        -0.1201, -0.3469, -0.2839, -0.6561,  0.3475,  0.4305,  0.2116, -0.2225,
        -0.1423, -0.1117, -0.2624, -0.1484,  0.1966, -0.3680, -0.1142,  0.2302,
        -0.0798,  0.6563,  0.7015,  0.6625, -0.0379, -0.6572, -0.4531, -0.4465,
        -0.0132,  0.4997,  0.1142,  0.6360,  0.4444, -0.4979, -0.0249, -0.4982,
         0.3436,  0.5653, -0.4485, -0.0436, -0.5250,  0.4197,  0.1367,  0.2084,
        -0.3489, -0.2612,  0.2536, -0.0309, -0.3168, -0.4022,  0.0901, -0.5444,
         0.2668, -0.1256, -0.2300, -0.3728, -0.3725,  0.2125,  0.1105,  0.1024,
         0.6214,  0.0878, -0.6140, -0.2583,  0.2973, -0.5701,  0.1973, -0.4381,
        -0.0216, -0.2912,  0.4946, -0.2129, -0.2567,  0.3732,  0.0308,  0.5141,
        -0.4123,  0.2972, -0.1727,  0.0931,  0.6965,  0.3049,  0.3846,  0.2701,
        -0.0293,  0.3896,  0.3135,  0.0652,  0.1601, -0.3739, -0.3669, -0.3242,
         0.7825,  0.0893, -0.2660, -0.5137,  0.0470, -0.4111,  0.2814, -0.2384,
         0.1814,  0.6711, -0.1528, -0.4839, -0.4961,  0.4008, -0.5233,  0.3444,
         0.4852, -0.0507,  0.4102, -0.0018, -0.4503, -0.3024, -0.1247,  0.7635,
        -0.7460, -0.3106, -0.2714,  0.3335,  0.7801, -0.0119,  0.3870,  0.3057,
        -0.0403,  0.1552,  0.1116, -0.2192,  0.5021, -0.4239, -0.0929,  0.6275,
         0.4517, -0.4317, -0.0697, -0.1421, -0.5638,  0.3704,  0.3096, -0.7738,
        -0.8170, -0.0365, -0.8039, -0.1655,  0.7772,  0.7425, -0.1415, -0.6209,
        -0.4762,  0.4215, -0.3472,  0.3140, -0.1113, -0.2589,  0.0049, -0.2209,
        -0.0270,  0.1370,  0.7159,  0.1640,  0.3354, -0.1737, -0.5532, -0.6235,
        -0.1281,  0.3798,  0.2207, -0.4814, -0.3495,  0.2188, -0.0079, -0.4557,
        -0.4138,  0.0626, -0.5278, -0.5873,  0.6237,  0.1459, -0.4175,  0.0834,
        -0.0663, -0.5744, -0.7089, -0.3414,  0.5997,  0.1983,  0.3237,  0.1311,
        -0.3908, -0.1116,  0.3189, -0.6907,  0.0369,  0.4036, -0.0893,  0.0998,
         0.7670,  0.1507, -0.2380,  0.4694, -0.5984, -0.0705, -0.0029, -0.4008,
         0.3941, -0.3468, -0.2081, -0.4249,  0.3098, -0.5833, -0.6065, -0.1503,
        -0.2014,  0.5856, -0.6156, -0.7211, -0.6107,  0.1150, -0.3088, -0.3728,
         0.3687,  0.1766,  0.3827,  0.5227,  0.4049, -0.1980,  0.2742, -0.5061,
        -0.4806, -0.4254,  0.0544, -0.6249, -0.1491,  0.0268, -0.3443, -0.1139,
         0.1143, -0.4476,  0.5850,  0.1655,  0.4186,  0.2979,  0.3207,  0.3196,
         0.4660,  0.1592, -0.4354, -0.1846, -0.0370,  0.0045, -0.0223,  0.3174,
         0.3748, -0.0348,  0.2026, -0.1644,  0.2058,  0.2449, -0.3870,  0.4351,
         0.1830, -0.1332, -0.3883, -0.0651,  0.1777, -0.2382,  0.1857,  0.1564,
        -0.2416,  0.2018,  0.0016,  0.1937, -0.3982, -0.1425,  0.2527,  0.2841,
         0.2991, -0.5693, -0.0555, -0.4097,  0.1040,  0.3681,  0.1419,  0.5887,
        -0.5184, -0.1841,  0.2013,  0.0692,  0.4352,  0.2372, -0.5444,  0.4569,
         0.4169, -0.1695, -0.3252,  0.1051, -0.2409, -0.1324,  0.3916, -0.1037,
         0.1446,  0.2304, -0.4760,  0.3555,  0.3819, -0.7590, -0.6232, -0.0299,
         0.3973, -0.5440, -0.1581,  0.1227, -0.5137,  0.6139, -0.2004, -0.5660,
        -0.1974, -0.0970,  0.3310, -0.4807,  0.5654, -0.4300,  0.3855, -0.4294,
        -0.6452, -0.4797, -0.3894, -0.0423, -0.6906,  0.0431,  0.2131, -0.2255,
         0.3714,  0.5753,  0.2026, -0.0466, -0.2963, -0.1701, -0.1897, -0.4434,
        -0.0677,  0.1719,  0.0616, -0.1690,  0.4901, -0.3907,  0.2069,  0.1773,
         0.5980,  0.0291,  0.2071,  0.4023, -0.5245, -0.0995, -0.0186, -0.3654,
        -0.2587, -0.5320,  0.3644,  0.3361,  0.0029, -0.2343,  0.4913,  0.0297,
        -0.2754,  0.3690, -0.5285, -0.0065, -0.0289, -0.4328,  0.3354,  0.1467,
         0.2024,  0.0160,  0.1950,  0.0589, -0.2355,  0.6619, -0.2155,  0.4280,
        -0.1191,  0.3654, -0.2899,  0.3659, -0.3159, -0.6650, -0.2995,  0.0400,
         0.5480, -0.0304,  0.3347, -0.1933, -0.0522, -0.3506, -0.2155,  0.4945,
        -0.3866,  0.1045,  0.6687,  0.1954,  0.1850,  0.2086, -0.2127,  0.3334,
        -0.3573,  0.2737, -0.3335,  0.4820, -0.2891,  0.1886, -0.0494,  0.1671,
         0.3260,  0.1502, -0.0664,  0.0773, -0.1564, -0.5438,  0.0246,  0.5942,
         0.6331,  0.2856, -0.3883,  0.0675,  0.0092,  0.1624,  0.0601,  0.2039,
        -0.3958,  0.2641, -0.6125, -0.5097, -0.4606,  0.2680, -0.1885, -0.3209,
         0.1914, -0.5669,  0.1974,  0.0630,  0.4531,  0.2135,  0.3896,  0.0129,
         0.3342,  0.4051, -0.1519, -0.6953,  0.0441,  0.4648, -0.3294,  0.0885,
         0.6117,  0.0792,  0.5275, -0.5414, -0.1220,  0.1871,  0.0946,  0.0021,
         0.2762,  0.2476, -0.0128,  0.3017,  0.2206, -0.5497,  0.0915, -0.1421,
         0.6040,  0.1682,  0.1214, -0.0705,  0.5853, -0.3735,  0.0166,  0.5038,
        -0.0579, -0.2634,  0.0125,  0.5796, -0.4524, -0.6362,  0.1593, -0.3283,
         0.2946,  0.4004, -0.4886,  0.7046,  0.4994,  0.0780, -0.2154,  0.0833],
       device='cuda:1')
R 状态矩阵： torch.Size([5000, 1000])
r0 初始状态： tensor([ 3.1905e-01,  6.6929e-02,  3.8434e-01, -2.3407e-01, -5.3641e-01,
        -5.4906e-01, -3.7225e-01, -1.2976e-01, -4.1123e-01,  1.2727e-01,
         5.0559e-01, -3.7262e-01,  5.2772e-01,  4.2616e-01, -3.2766e-01,
         3.6882e-01, -4.7384e-02, -8.7714e-03,  1.8068e-01, -4.4047e-01,
        -1.1032e-01, -1.2510e-01, -2.6670e-01,  4.6557e-01,  1.0013e-01,
        -1.2931e-01,  5.4796e-01, -1.5527e-01, -3.9290e-01,  2.4834e-01,
        -1.0595e-01,  1.7460e-01,  5.8569e-02, -2.2458e-01, -6.3762e-02,
         1.1248e-01,  3.0235e-01,  7.1314e-01,  7.6754e-01,  4.5922e-01,
        -3.0322e-01, -4.5505e-03,  2.6254e-01, -4.1653e-02,  7.1664e-01,
         1.4659e-01, -3.1178e-01,  1.5226e-01,  4.8551e-01,  4.5550e-01,
         3.6798e-02,  5.5943e-01, -3.4938e-02,  4.4008e-01, -5.3881e-01,
         2.3608e-02, -1.8716e-02,  4.0732e-01,  4.0406e-02,  2.3543e-01,
         1.8704e-01,  9.4463e-02, -2.3125e-01, -2.1966e-01, -8.2466e-02,
         2.7882e-01,  1.4332e-01, -1.4257e-01, -1.0207e-02, -2.8645e-02,
         9.7008e-02, -5.9414e-01, -3.1864e-01,  2.8156e-01, -2.6405e-01,
        -1.1628e-01, -5.9500e-01, -3.3938e-01,  3.5883e-01, -1.9659e-01,
         4.5637e-01, -5.8056e-01, -5.9152e-01, -8.5880e-02,  3.5515e-01,
         1.0433e-01,  2.5443e-01, -5.5047e-02,  5.4130e-01,  2.5882e-01,
        -2.2058e-01,  3.6794e-01, -6.5201e-02, -4.0107e-01, -1.9294e-02,
         1.4498e-01,  4.6926e-02,  3.4578e-01, -8.0062e-03,  2.6607e-01,
        -1.7071e-01,  1.9128e-01, -3.7334e-01,  5.6418e-01, -4.5401e-01,
        -4.8964e-01,  3.6039e-01, -1.1933e-01,  2.7572e-01,  3.2750e-01,
        -3.7250e-01, -5.8021e-01, -3.3866e-01, -6.2086e-01, -5.0373e-01,
        -2.6590e-01, -1.7816e-01, -4.0327e-01, -3.3905e-01, -2.6628e-01,
        -1.5143e-01,  5.3068e-01, -2.9032e-01, -4.2311e-01, -3.6092e-01,
         3.7512e-01,  1.0078e-01, -3.6677e-01,  3.5000e-01, -6.1261e-01,
         6.0804e-01,  5.3107e-01, -1.5528e-01,  3.5904e-01,  4.7633e-01,
        -1.2446e-01, -4.1841e-01,  7.7746e-02,  3.2673e-01,  3.4843e-01,
        -1.6018e-01,  3.1158e-01,  2.3129e-01, -5.1405e-01,  3.5785e-01,
         4.3308e-01, -3.4320e-01, -3.6607e-01, -3.0585e-01, -1.6557e-01,
        -3.1304e-01, -5.7018e-01, -2.5882e-01, -5.8948e-01, -1.8840e-01,
        -5.9167e-01,  7.9653e-02,  2.8288e-01, -6.4063e-01, -5.3479e-01,
         3.4443e-01, -1.6907e-01, -1.6446e-01, -4.8905e-01,  4.3801e-01,
         4.3420e-01, -3.4471e-01, -2.0961e-01,  2.5815e-01, -1.2315e-01,
        -4.7456e-01, -1.7391e-01,  1.8446e-01,  3.1598e-01,  6.1780e-01,
        -4.3701e-01, -2.0168e-02, -1.8259e-01, -3.0078e-01,  1.8232e-01,
        -2.4024e-02,  5.6069e-01, -2.1748e-01,  8.5827e-03,  1.1552e-01,
         1.9194e-02, -2.4747e-02, -4.5643e-02,  2.1660e-01, -6.6151e-02,
        -1.7578e-01,  1.2794e-01, -1.8019e-01,  4.6773e-01, -2.5845e-01,
        -1.4159e-01, -2.2505e-01, -3.6744e-01, -5.0473e-01, -2.0188e-01,
         1.3202e-01,  6.0980e-01,  1.2961e-01, -1.0466e-01,  2.6038e-01,
        -5.7354e-01, -1.2241e-01, -3.6422e-01,  3.7792e-01,  3.5449e-01,
        -3.2384e-02, -4.7787e-01,  1.8373e-01, -3.1113e-02,  6.0625e-01,
        -3.7282e-01,  3.7358e-01,  2.3046e-01, -1.6414e-01, -1.2073e-01,
        -3.4714e-01,  2.5022e-01,  8.4535e-02, -4.6858e-01,  2.3598e-01,
        -1.9278e-01,  4.3487e-01, -1.7635e-01,  9.5097e-02,  5.3937e-01,
        -8.1071e-02, -3.4682e-01,  3.9788e-01, -8.9322e-02, -2.3686e-01,
         5.9813e-01, -2.3241e-01, -1.3047e-01,  1.5573e-01, -3.9861e-01,
        -5.8615e-01,  2.2492e-01,  1.1490e-02,  5.8981e-02, -2.3521e-01,
         5.8529e-01, -1.1973e-01, -4.6602e-01,  1.1199e-01,  1.4170e-01,
         3.1988e-02,  1.0078e-02, -6.9678e-02,  2.2975e-01,  1.4952e-01,
        -4.0313e-02, -3.9876e-02,  1.2156e-01, -1.4376e-01,  1.8019e-01,
        -1.4171e-01, -1.7310e-01,  2.5859e-02,  2.0708e-01,  1.7281e-01,
         2.2052e-02,  2.5320e-02,  1.5265e-01,  1.9196e-02,  1.4708e-01,
        -3.4235e-01, -8.5129e-02,  2.0475e-01, -5.1867e-02, -3.6991e-02,
         2.6449e-01,  3.0718e-01,  2.1746e-01,  3.4381e-01, -1.5759e-01,
        -2.6637e-02,  2.4654e-01,  1.7490e-01,  2.1103e-02,  1.8393e-01,
         1.4913e-01,  1.1103e-01,  2.0438e-01, -3.6120e-02, -4.3122e-01,
        -9.5985e-03, -6.2899e-02,  9.6208e-02, -1.5210e-01,  2.3501e-01,
        -2.5202e-01,  7.7772e-03,  3.0281e-01, -1.7495e-01,  1.1879e-01,
        -6.8863e-02, -1.5793e-01, -2.0951e-01, -3.4089e-01,  2.0039e-01,
        -3.3329e-01,  2.2148e-01, -1.3556e-01,  2.9148e-02, -1.0831e-01,
         4.9237e-02,  2.6552e-01, -6.7740e-02,  1.9460e-01,  3.0002e-01,
         1.1054e-01,  1.2649e-01,  7.8708e-02,  1.6771e-01,  7.2843e-02,
        -2.1615e-01, -2.5804e-01, -3.4727e-01,  4.3288e-03, -2.4889e-01,
        -3.1385e-01, -3.4506e-01, -3.8620e-01, -9.9927e-03,  5.5817e-02,
         2.4147e-01, -1.0412e-01,  2.3308e-01, -7.5963e-02,  1.7292e-01,
         2.1961e-01, -8.9831e-02, -4.9086e-02,  2.6043e-01, -1.8168e-02,
        -8.3988e-02, -2.3259e-01, -1.6326e-02,  2.5148e-01, -2.1568e-01,
        -1.5000e-01,  1.5575e-01,  2.0308e-01, -1.7889e-02,  1.0506e-01,
         3.7753e-01,  1.3548e-02,  3.8874e-02, -1.0662e-01, -1.0999e-02,
         6.1782e-03,  2.9152e-01,  2.3330e-01, -1.3657e-01,  1.3443e-01,
         3.4874e-01, -1.2321e-01, -2.3800e-01, -1.3855e-01, -3.5439e-01,
        -2.6248e-01,  2.7198e-01, -3.3624e-02, -1.4761e-01,  1.6968e-01,
         1.2034e-01,  3.0379e-01, -8.4374e-02, -1.3807e-02,  2.4413e-01,
        -1.2617e-01, -1.7716e-01,  4.0098e-01,  2.0916e-01, -8.2287e-02,
         1.5697e-02, -9.2738e-02,  3.8902e-01,  2.0523e-01,  1.8244e-01,
        -7.3810e-02,  1.8164e-01,  1.8589e-01, -1.8065e-01,  1.1733e-01,
        -1.9051e-01,  3.7554e-02, -1.4448e-01, -7.1842e-02, -3.4434e-01,
        -1.8358e-01,  1.2791e-01, -1.7629e-01, -1.1983e-01, -3.4711e-01,
         2.2625e-01, -7.9950e-03,  3.2594e-01, -5.0880e-02, -1.5629e-01,
        -1.9320e-01, -2.8370e-01, -2.9321e-01, -3.0162e-01, -7.2330e-02,
        -3.1643e-01, -7.2295e-02,  3.1554e-01,  1.6858e-01,  8.3186e-02,
        -2.6752e-01,  1.7861e-01,  3.0202e-01, -1.6165e-01,  2.2846e-01,
         3.3981e-01,  6.3451e-02,  5.5398e-02, -2.7169e-01,  2.9775e-01,
         2.3568e-01,  1.8935e-01,  1.1956e-01, -1.6480e-01, -1.7568e-01,
         4.4723e-02,  2.2758e-02, -1.6435e-02,  1.8719e-01,  2.7328e-01,
         2.3915e-01,  2.8107e-01,  3.0184e-03,  1.6320e-01,  1.5626e-01,
         2.3368e-01, -1.4723e-01, -2.9733e-01, -1.6436e-01,  9.5258e-02,
        -3.4665e-01, -1.1795e-02,  2.3251e-01,  3.2990e-01,  2.6533e-01,
         1.7889e-01, -6.2004e-02,  3.1568e-01,  1.7898e-01, -1.2854e-01,
         2.8738e-01, -1.8448e-01, -2.1036e-01,  8.0608e-02,  1.4397e-01,
         1.3410e-01,  5.8456e-02, -6.3262e-02, -1.4558e-01,  3.1638e-01,
         6.0509e-02, -4.9389e-02,  1.7315e-02,  6.3211e-02, -1.6668e-01,
         1.5483e-01,  3.1490e-02, -9.4164e-02, -5.7283e-02, -2.8921e-01,
         6.1188e-02, -2.7047e-02,  4.0641e-01, -6.1964e-03, -2.7014e-01,
         9.8419e-02, -3.3524e-01,  4.6107e-02,  9.4132e-03,  1.0731e-01,
        -2.4620e-01, -1.1937e-01,  1.5492e-01,  1.0476e-01,  1.5664e-01,
        -2.3198e-01,  1.2030e-01,  3.0711e-01, -1.7293e-01, -1.1606e-01,
         9.9854e-02, -3.9208e-02, -1.2274e-01, -9.8609e-03,  1.0867e-01,
         1.7658e-01, -1.1200e-01,  6.2494e-02, -6.1942e-01,  2.5273e-01,
         5.8789e-01, -5.8787e-01, -3.4248e-01,  4.1503e-01, -1.4679e-01,
        -2.4379e-02, -7.9887e-02, -2.8040e-01, -4.8686e-01,  6.3622e-01,
        -2.7586e-01, -4.6294e-01,  1.2037e-01,  4.1637e-01,  2.2572e-02,
         3.9767e-01, -2.0304e-01,  2.9131e-01,  2.1081e-01, -1.3756e-01,
         1.6088e-01, -1.7376e-01,  5.1754e-01,  2.2610e-01,  8.7912e-02,
        -2.9047e-01, -3.2250e-01,  3.9256e-01,  3.7648e-01, -5.9780e-01,
         6.6513e-01,  6.1663e-01, -3.0758e-01,  2.8673e-01, -3.3015e-01,
         4.7432e-01,  5.3575e-01,  2.7206e-01,  8.5644e-01,  1.3130e-01,
        -2.5013e-01,  6.0353e-03, -5.7158e-01, -6.2712e-01,  4.0724e-01,
         4.8185e-01, -1.6687e-01, -8.8709e-02,  3.9891e-01,  2.1212e-02,
        -1.7166e-01, -3.4616e-02,  6.7778e-01,  2.2107e-02,  4.2897e-01,
         8.1960e-01, -4.7930e-01, -1.1697e-02, -4.3892e-01,  2.5859e-01,
        -5.0758e-01, -1.6496e-01, -5.0535e-02, -2.6900e-01,  3.6303e-01,
         2.4466e-01, -1.3606e-01, -1.5703e-02,  1.4841e-01, -2.2213e-01,
        -4.7499e-01, -1.5460e-01, -2.7512e-01, -1.3828e-01,  1.9326e-01,
        -1.6410e-01, -2.0199e-02, -1.9453e-01,  2.9810e-01, -5.5536e-01,
         6.4378e-01,  4.8181e-01, -5.4116e-01, -7.0393e-01,  5.4615e-02,
        -2.5763e-01,  3.2845e-01, -1.1799e-01, -2.6189e-02,  5.3954e-01,
        -6.1219e-01,  3.4273e-01,  5.4319e-01, -6.0352e-01, -3.6398e-01,
        -3.4330e-01, -7.3123e-01,  1.1570e-01,  2.9055e-01, -1.9685e-01,
        -3.4675e-01, -3.0591e-02, -4.8990e-01, -5.3992e-01,  3.9229e-01,
        -6.6564e-01,  4.4075e-01,  5.6336e-01, -7.1937e-01,  4.7302e-04,
         1.0158e-01, -3.5738e-01,  9.1716e-02,  6.2701e-02,  3.0992e-01,
         3.7819e-01, -3.4508e-01, -1.4067e-01, -9.7139e-02, -3.4013e-01,
        -3.4531e-01, -2.0818e-01, -4.1167e-01,  3.3884e-01, -4.6084e-01,
        -2.5374e-01, -1.0689e-01,  2.4142e-01,  4.9091e-01,  2.0743e-01,
         7.7159e-01, -5.2071e-01, -2.7227e-01,  4.4062e-01,  6.8930e-01,
        -5.0080e-02,  5.3470e-01,  1.0453e-01, -2.6788e-01, -7.6784e-01,
         3.6939e-02, -4.1057e-01,  1.3146e-01,  4.0780e-01, -1.8349e-01,
         2.5501e-01,  8.1492e-01, -3.2299e-01, -6.4645e-01, -6.5651e-01,
        -5.2880e-01,  3.5909e-01, -6.3411e-01,  2.8963e-01, -4.5505e-01,
         3.9625e-01, -2.0567e-01,  6.1439e-01,  2.4084e-01,  4.9970e-01,
         5.6355e-01, -3.7125e-02,  1.5056e-01,  2.0163e-01,  6.0106e-01,
         5.3635e-02,  8.0453e-01, -2.4463e-01,  3.7627e-01,  6.8690e-01,
         5.3485e-01,  2.3136e-01, -2.1423e-01,  8.2839e-02, -7.8325e-01,
         1.3920e-01, -1.3368e-01,  6.1925e-01,  4.1814e-01, -1.0600e-01,
         4.8113e-01, -3.6484e-02,  2.8420e-01, -2.7556e-01, -1.0360e-01,
         1.5436e-01, -2.3603e-02,  7.4440e-01, -4.5306e-02, -1.5720e-01,
         4.3820e-01,  5.3828e-01,  6.0007e-01, -5.4610e-01,  4.6236e-01,
         3.2196e-03, -3.5611e-01,  7.9568e-02,  4.7048e-01,  1.5123e-01,
         6.6252e-01,  5.8524e-01, -5.8758e-02,  3.9228e-01, -6.0467e-01,
         6.1021e-01,  1.6648e-02,  5.1130e-01, -1.9025e-01,  3.0899e-01,
        -7.5269e-02,  6.8994e-01,  4.5702e-01, -5.6539e-01,  9.7907e-02,
         5.4421e-01,  3.4737e-01,  2.0170e-01, -5.1564e-01,  6.6700e-01,
        -2.0283e-01,  6.7529e-01, -1.1980e-01, -1.2780e-01, -4.4603e-01,
         3.6436e-01,  7.5207e-01,  3.6628e-01,  1.4982e-02, -2.0596e-01,
         4.3031e-01,  2.3837e-01, -2.3882e-01,  3.8214e-03,  5.2096e-01,
        -2.7757e-01, -2.6235e-01,  6.0324e-02, -5.5215e-01,  4.4722e-02,
        -2.3541e-01,  3.4148e-02, -5.5902e-01, -1.9358e-01,  2.7037e-02,
         1.0315e-01, -7.7974e-02, -1.0797e-01,  4.1585e-01, -6.2721e-02,
        -4.0690e-01,  1.5478e-01, -3.5560e-01,  1.6015e-01,  4.4574e-01,
        -1.1337e-01,  1.1883e-01, -3.3227e-01,  3.5578e-01, -4.1970e-01,
         6.8700e-01,  2.2857e-01,  5.6217e-01,  4.6430e-01, -4.0779e-02,
        -7.8751e-01, -5.3915e-02,  7.7842e-01,  7.3359e-01, -1.8934e-01,
         5.9363e-01, -8.1216e-01, -6.4892e-01, -1.0499e-01, -3.8587e-01,
         1.7120e-01, -3.2339e-01,  6.7651e-01, -5.6810e-01,  5.4171e-01,
        -2.4686e-01, -2.3736e-01,  1.9909e-01,  4.5388e-01,  6.4315e-01,
         2.6489e-02, -1.5704e-01,  3.6781e-01, -1.3451e-02, -4.5772e-01,
        -1.6980e-01,  6.0841e-01,  8.2701e-02,  6.6306e-01, -6.0542e-01,
         5.9611e-01,  6.4106e-01, -5.2351e-01, -6.3477e-01, -4.2819e-01,
        -4.0853e-01,  3.1708e-01, -6.3795e-01, -4.3841e-01,  4.0844e-01,
        -8.4900e-02,  1.4723e-01,  2.0290e-01,  4.0962e-01,  5.1034e-01,
         4.4622e-02, -2.5592e-01, -1.3191e-01,  5.6064e-01,  4.4362e-01,
         4.1973e-01, -5.8349e-02, -3.9845e-02, -4.4340e-01,  5.0833e-01,
         1.5989e-01, -4.0717e-01, -5.7778e-01,  7.2518e-02,  2.2605e-01,
        -8.7945e-01, -2.2831e-01,  3.0277e-01,  3.0453e-01, -1.1914e-01,
        -3.3230e-02,  7.5106e-01, -6.3665e-01,  1.3807e-01,  6.2009e-01,
         6.4862e-02,  1.7645e-01, -4.9450e-01,  4.3844e-01, -4.1152e-01,
         8.1212e-01,  3.8783e-01, -3.1360e-01,  9.5432e-02,  7.6521e-01,
        -7.1405e-01, -3.7647e-01,  4.6491e-01, -3.9512e-01,  3.6496e-01,
         8.6604e-02,  5.6834e-01, -1.7358e-01,  4.4133e-01, -2.9310e-01,
         6.2401e-01, -1.6498e-02, -5.4146e-01, -1.0140e-01,  1.6388e-01,
         7.8438e-01,  1.2780e-01,  6.8531e-02,  5.3203e-01,  5.9934e-01,
        -1.4205e-01, -5.0587e-01,  2.8447e-01, -3.8889e-01, -5.7637e-01,
         3.6688e-01,  2.3917e-01,  3.3532e-01,  1.7124e-01, -3.6540e-01,
        -3.5170e-01, -1.2965e-01,  3.1133e-01, -7.5755e-01,  8.1787e-01,
        -1.2215e-01,  1.5795e-02, -4.1284e-01, -5.2414e-01,  7.1430e-02,
        -2.1790e-01, -7.1669e-01,  6.4195e-01, -2.0650e-01, -1.9909e-01,
         1.2005e-01,  9.3057e-02,  4.6859e-01,  1.3746e-03, -5.0868e-01,
        -8.0631e-02, -5.5217e-01, -6.3450e-01, -3.2681e-02,  1.0564e-01,
        -6.9888e-01,  1.8025e-01, -7.0802e-01, -3.1492e-01,  6.0784e-01,
        -1.3063e-01,  3.7133e-01, -6.5425e-01,  1.8860e-01,  6.9576e-01,
         1.5489e-01,  7.4036e-01,  1.0864e-01, -1.3119e-01, -7.8515e-01,
         3.8884e-01, -4.3547e-01,  4.8259e-01,  2.3577e-01, -6.0098e-01,
        -7.7370e-01,  7.2159e-01,  3.1076e-01,  4.9628e-01,  7.4141e-02,
        -6.8502e-01,  5.0743e-01, -3.0679e-01, -6.3745e-01,  7.6748e-01,
         2.2954e-01, -4.8646e-01, -1.8822e-01, -3.6853e-01,  2.1539e-01,
        -4.2221e-01, -6.7177e-01, -2.4748e-02,  5.6335e-01, -7.0838e-01,
        -4.1020e-02,  4.2643e-01,  2.6143e-01, -7.4684e-01, -6.4482e-01,
         1.4209e-01, -2.0519e-01,  4.1856e-02,  1.4860e-01,  3.0743e-02,
         2.5526e-01,  6.5170e-01,  6.8018e-01, -5.2374e-01, -1.2754e-01,
        -1.9440e-01, -6.9415e-01,  4.7598e-01, -4.3707e-01,  6.9121e-01,
         5.2567e-02, -2.6212e-01, -5.4616e-02, -5.8945e-01, -5.7512e-02,
        -6.6579e-01,  4.8057e-01, -2.9988e-02,  6.6042e-04, -1.8078e-01,
        -2.7757e-01, -5.9637e-01,  1.8352e-01,  8.3136e-01, -5.9688e-02,
        -1.1286e-01, -3.3482e-02,  1.5493e-01,  2.0768e-01,  2.8334e-01,
        -3.4090e-01, -6.4041e-01,  9.0890e-01, -6.0167e-01,  7.6247e-01,
        -3.6274e-01, -5.1954e-01, -6.9428e-01, -6.2089e-01, -3.8965e-01,
        -1.2417e-01, -5.9809e-01,  2.3481e-01, -1.4475e-01,  1.4103e-01],
       device='cuda:1')
R 状态矩阵： torch.Size([5000, 1000])
r0 初始状态： tensor([ 0.0598,  0.2507,  0.0196, -0.4456, -0.0661, -0.3340,  0.2093, -0.3350,
         0.4256,  0.4372,  0.1725, -0.1603, -0.2705,  0.4004, -0.2605, -0.1705,
        -0.3649, -0.3300,  0.1995,  0.0119,  0.6528, -0.0348,  0.4437, -0.4620,
         0.4819,  0.3478, -0.0099, -0.0914, -0.3090,  0.1139, -0.3838,  0.3174,
         0.1819, -0.6650, -0.4387, -0.2077, -0.1598, -0.2451,  0.3497, -0.6190,
         0.5497,  0.3627,  0.2669,  0.2293, -0.1619,  0.0971, -0.0636,  0.3033,
        -0.1647, -0.5957,  0.2295, -0.3730, -0.1720,  0.6378, -0.3407,  0.4526,
        -0.2543,  0.0965,  0.5355, -0.0179,  0.1755, -0.3020, -0.1072,  0.0963,
         0.3863, -0.1067, -0.0114, -0.3721,  0.3455,  0.1507,  0.3445, -0.2782,
         0.1704,  0.4163,  0.5773, -0.1760, -0.1334, -0.4780, -0.3434, -0.5651,
        -0.2510, -0.3925, -0.3067,  0.2583, -0.4029,  0.6916,  0.2164,  0.3852,
         0.4358, -0.4810,  0.4194,  0.4158, -0.2071, -0.4748, -0.3469, -0.4441,
        -0.3076,  0.0243, -0.0303, -0.3729, -0.5346,  0.3129, -0.2243,  0.2926,
        -0.1791, -0.0121,  0.1355, -0.3024,  0.3452,  0.2307,  0.3488, -0.4887,
        -0.0999, -0.1284, -0.6376, -0.5025,  0.2496, -0.2128,  0.1214, -0.2198,
         0.2502,  0.1219,  0.6924,  0.3058,  0.5977,  0.4283, -0.3506,  0.1038,
        -0.2644,  0.4944,  0.0470,  0.4112,  0.1279, -0.2164, -0.3329,  0.3394,
        -0.1128, -0.1227, -0.1167, -0.0284,  0.1658,  0.2526,  0.1631, -0.0877,
         0.4925,  0.1904, -0.4626,  0.0832, -0.2851,  0.1672, -0.1305,  0.2472,
        -0.5386,  0.6001, -0.4551, -0.3185,  0.1692, -0.3468, -0.0906, -0.5132,
         0.3834,  0.4362,  0.2396, -0.1103,  0.2326, -0.1747,  0.1321, -0.1366,
        -0.1145,  0.2683, -0.4468, -0.0364, -0.1870, -0.1188,  0.0099,  0.1673,
        -0.3241,  0.4262, -0.2549,  0.5660, -0.0675,  0.2660, -0.4092,  0.2051,
        -0.2747, -0.6133, -0.1590,  0.4290,  0.0870, -0.0833,  0.2384, -0.0484,
        -0.1637, -0.3585, -0.3320, -0.0221,  0.6669,  0.0268, -0.2814, -0.0798,
        -0.2195, -0.1226,  0.5558,  0.2890, -0.1548, -0.5787, -0.1059,  0.0656,
        -0.3630, -0.1109,  0.4003, -0.0756, -0.3112, -0.2876,  0.6154, -0.3849,
         0.2967,  0.5047, -0.2490, -0.0958,  0.1690,  0.3577, -0.5349, -0.2861,
         0.1378, -0.0997,  0.0415, -0.4147, -0.2547,  0.2134,  0.5913,  0.1143,
         0.1545,  0.4926,  0.0270, -0.2779,  0.0277, -0.2286, -0.0778,  0.1150,
        -0.4000, -0.3813,  0.1428, -0.4769, -0.3106, -0.2838, -0.0504,  0.4600,
        -0.5747,  0.4513, -0.2829, -0.5171, -0.5453,  0.2940, -0.5373, -0.0079,
         0.4947, -0.1681, -0.2740,  0.2201,  0.7104,  0.4333,  0.6453,  0.0191,
         0.3920,  0.5598, -0.0512, -0.2982,  0.3238, -0.4230,  0.6441,  0.0848,
        -0.6948, -0.6564, -0.4075, -0.5397, -0.3126, -0.5222,  0.2616, -0.1074,
         0.1797,  0.1053, -0.1308,  0.1428, -0.5981,  0.0623,  0.1602, -0.2105,
         0.0015, -0.7428,  0.1013,  0.6354, -0.0705,  0.0278, -0.1859,  0.1633,
         0.4352,  0.0098, -0.3596,  0.5349, -0.2855,  0.1687, -0.5300,  0.5759,
        -0.2370, -0.5435, -0.5601, -0.4343,  0.0916, -0.2625,  0.1458,  0.5620,
         0.6155,  0.3410, -0.1968, -0.6342,  0.6634, -0.4589, -0.3354, -0.1839,
         0.5547,  0.0999, -0.1974, -0.0452,  0.0561,  0.1872,  0.0595,  0.0065,
         0.0216, -0.1303,  0.3712,  0.5519,  0.2716,  0.6721, -0.1406, -0.0014,
        -0.5461, -0.4447,  0.0765, -0.7158, -0.4470,  0.0996, -0.1564,  0.4751,
         0.0714, -0.1320,  0.3356,  0.1435,  0.3698,  0.1045, -0.5209,  0.0826,
         0.1447,  0.5887,  0.1311, -0.7533, -0.1135,  0.2491, -0.2351,  0.4405,
        -0.1206,  0.0900, -0.3696, -0.1652, -0.2869, -0.3410, -0.6436,  0.1742,
         0.5469,  0.2301,  0.0215, -0.2392, -0.4691, -0.2971, -0.4818,  0.1743,
         0.2780,  0.3885, -0.2628,  0.6001,  0.8735, -0.0383, -0.0685, -0.5496,
        -0.3155,  0.5169, -0.5749,  0.0702, -0.1556,  0.5129,  0.4763,  0.5377,
         0.1263, -0.4601,  0.2718, -0.1035,  0.6120, -0.0525,  0.0072,  0.4033,
        -0.2200,  0.0609,  0.2510,  0.2647,  0.7052,  0.3098,  0.5246,  0.2706,
         0.2633,  0.5279, -0.5638, -0.3343, -0.1997, -0.0644,  0.1664, -0.0944,
        -0.2949,  0.3212,  0.4736, -0.4264,  0.0149, -0.5337, -0.1280,  0.3464,
         0.6798, -0.5451, -0.5611, -0.2674,  0.5579,  0.3653,  0.3922,  0.7202,
         0.2068, -0.3948, -0.4711, -0.1316,  0.0678, -0.0198,  0.5481, -0.4448,
        -0.7149,  0.4248, -0.6015,  0.1298, -0.2649, -0.0992, -0.1804,  0.6319,
         0.3111, -0.0558,  0.1149,  0.2740, -0.4650,  0.1603, -0.1409, -0.0248,
         0.7011, -0.0471,  0.2592, -0.5486,  0.0968, -0.1860, -0.2525, -0.1473,
         0.2120, -0.2446,  0.2114,  0.4067,  0.6398,  0.1113, -0.3114, -0.2608,
        -0.6746, -0.4287,  0.6447, -0.4981, -0.0038, -0.2098, -0.0963,  0.1288,
        -0.3986, -0.5405,  0.5932, -0.7135, -0.7699,  0.4838,  0.2837, -0.1451,
        -0.2580,  0.6262,  0.6145, -0.2316,  0.7039,  0.1750, -0.4797, -0.1657,
         0.4297,  0.2238,  0.1442,  0.1806,  0.2506, -0.2670,  0.1489,  0.3383,
         0.3223, -0.3384,  0.4328,  0.3458, -0.0091, -0.0076,  0.2679, -0.0626,
         0.0525,  0.2464,  0.1651,  0.0476,  0.0248, -0.0091,  0.2917,  0.1373,
         0.2412, -0.1802, -0.1329, -0.1425, -0.1205,  0.2439, -0.0201,  0.0920,
        -0.3043, -0.0696, -0.0285, -0.1067,  0.0261, -0.3029,  0.3374, -0.0761,
        -0.0975, -0.1262,  0.1738, -0.2791, -0.0464,  0.0528,  0.1055,  0.0227,
         0.2223, -0.0284,  0.3004, -0.0664, -0.0903,  0.2899, -0.0255, -0.0014,
        -0.0081, -0.2019, -0.2394,  0.4237, -0.0431, -0.1388,  0.4419, -0.1524,
         0.0935, -0.2815,  0.0663, -0.1490, -0.1061,  0.1334, -0.2346,  0.3313,
        -0.2737, -0.0618, -0.3159, -0.2898,  0.0735, -0.0768, -0.1933,  0.1186,
        -0.2726, -0.2444, -0.0926, -0.0541, -0.1661, -0.3599, -0.0220, -0.1158,
        -0.0877,  0.2279, -0.1023, -0.0867,  0.2352, -0.0046, -0.1084,  0.1549,
         0.0351, -0.1423,  0.3482,  0.0252,  0.2845,  0.1474,  0.2360, -0.0281,
         0.2706, -0.0124,  0.2462, -0.1830, -0.0085, -0.3074,  0.0075, -0.0598,
         0.1917,  0.1625, -0.2202, -0.0263, -0.1487,  0.0617, -0.2104,  0.0223,
        -0.1394,  0.1974, -0.1233,  0.2066,  0.0891, -0.1295,  0.1994,  0.1615,
        -0.0740,  0.0117,  0.0171,  0.0617,  0.0515, -0.0672, -0.2050,  0.3126,
         0.2390, -0.1101, -0.1396, -0.0065, -0.1702, -0.3055,  0.1797, -0.0216,
         0.2352,  0.0264,  0.2967, -0.0895,  0.0295, -0.0286,  0.0909, -0.2094,
        -0.3054, -0.2547,  0.3390,  0.0182, -0.1163,  0.0867,  0.1666,  0.0964,
         0.1830, -0.1041, -0.2077,  0.0804,  0.1518, -0.2079,  0.1487, -0.0505,
        -0.0746,  0.0296,  0.1108,  0.2291, -0.0508, -0.0941,  0.0618,  0.0913,
        -0.2639,  0.0444,  0.0016, -0.1156, -0.0709, -0.1019, -0.0330,  0.0579,
         0.2683,  0.1498,  0.0611, -0.0360, -0.0961,  0.2885,  0.0771,  0.0481,
         0.2322,  0.2096, -0.2395,  0.0726,  0.0444,  0.0442, -0.0040,  0.0639,
         0.0728, -0.1531, -0.0453, -0.0936, -0.2913, -0.0937,  0.1114, -0.2657,
        -0.1788,  0.3590,  0.1880,  0.0748,  0.2509, -0.1450, -0.0045, -0.1132,
        -0.1066, -0.0836, -0.0676,  0.1807,  0.0154,  0.0428, -0.2481,  0.0412,
        -0.2036, -0.0346, -0.1535,  0.1238, -0.2546,  0.0382,  0.0446, -0.1204,
        -0.2096,  0.1160, -0.2549,  0.1739, -0.1158,  0.0439,  0.1726,  0.1674,
         0.0512, -0.1629, -0.1112, -0.1580, -0.0081, -0.2604,  0.3043,  0.1629,
         0.1229, -0.2933,  0.2233, -0.2814,  0.2110,  0.1665,  0.0724, -0.1520,
        -0.1821,  0.0789,  0.0235, -0.1698, -0.1570, -0.0391, -0.0170,  0.1368,
         0.0801, -0.2807, -0.2482, -0.2506,  0.1534, -0.1635,  0.0703, -0.1679,
         0.1462,  0.2738, -0.1020, -0.2350, -0.0509,  0.1166, -0.2997,  0.0969,
         0.2239,  0.1204, -0.1638, -0.2755,  0.0137, -0.3110, -0.0066, -0.2355,
         0.0739,  0.0928,  0.3055, -0.0835, -0.1661,  0.1947,  0.3388, -0.1897,
         0.2132,  0.1271, -0.2404, -0.1616,  0.0872,  0.2341,  0.3400, -0.3213,
         0.0355,  0.3815, -0.2430, -0.2308,  0.1596, -0.3947,  0.1028,  0.0021,
        -0.1742,  0.0189, -0.0046,  0.1869,  0.2827,  0.2529,  0.0976,  0.3492,
        -0.0777, -0.1516,  0.0053, -0.1300,  0.3896, -0.1493, -0.0371, -0.0536,
        -0.1462, -0.1999, -0.0082, -0.3455,  0.1318, -0.0598, -0.0279, -0.1989,
        -0.3939, -0.1968,  0.1650,  0.2922, -0.1482,  0.2531, -0.1203,  0.0207,
        -0.0665,  0.2957, -0.3522,  0.2819, -0.1751, -0.0818, -0.3931,  0.2191,
        -0.0269,  0.1975,  0.2794,  0.1885, -0.0074, -0.3511,  0.2455, -0.3764,
         0.1027, -0.2361,  0.0224,  0.1165,  0.0215, -0.2349,  0.0658, -0.2707,
         0.2047, -0.3462, -0.1342,  0.2565,  0.3018, -0.0077, -0.0440, -0.1043,
        -0.0914, -0.2247,  0.2356,  0.0232, -0.1286, -0.2925, -0.3091,  0.1935,
        -0.0326, -0.0471, -0.1397, -0.1072,  0.1440, -0.1809, -0.2013, -0.0591,
         0.1697, -0.3237, -0.0747,  0.2820,  0.3225, -0.4102, -0.3191,  0.3915,
         0.1374,  0.1925, -0.1496,  0.2078, -0.0909, -0.1189, -0.2834, -0.0078,
        -0.1235,  0.3028,  0.2368, -0.0404,  0.0557, -0.3104,  0.1467, -0.1680,
        -0.2135,  0.0226, -0.3430,  0.0053,  0.2790, -0.0028, -0.2757, -0.3576,
         0.1003,  0.4070, -0.0636,  0.2018,  0.2764, -0.1186, -0.1343,  0.2564,
         0.0016,  0.1718, -0.1939, -0.1731, -0.1263,  0.3320,  0.1823,  0.0268,
        -0.3838, -0.2526,  0.3235, -0.0708,  0.0689, -0.1757,  0.1762, -0.2383,
         0.0084, -0.2498,  0.1214, -0.0373,  0.0067, -0.2072,  0.1898, -0.1937,
        -0.2398, -0.1244,  0.0710,  0.0135, -0.1939, -0.1139, -0.4435, -0.1458,
        -0.0561, -0.0129, -0.0837, -0.1466,  0.0478,  0.2569, -0.0630, -0.0828,
        -0.1814, -0.1137, -0.1833,  0.0699,  0.2137,  0.4403, -0.1421, -0.1072,
         0.0942, -0.1059, -0.1002,  0.1987, -0.1668,  0.4127,  0.1516,  0.2292,
         0.1700,  0.1073, -0.1273,  0.0722,  0.0634, -0.1951,  0.0760, -0.2631,
        -0.1350,  0.1879, -0.2128, -0.2879, -0.0945, -0.0629, -0.2437,  0.1442],
       device='cuda:1')[I 2025-10-02 13:14:45,753] Trial 22 finished with value: 1.0296796560287476 and parameters: {'n_units': 1000, 'alpha': 1.0, 'sigma_in': 0.7000000000000001, 'rho': 0.5, 'tikh': 0.01, 'option': 2}. Best is trial 13 with value: 0.7581153710683187.

Test Loss for each rep: [1.7580239, 0.7470847, 0.58393043]
R 状态矩阵： torch.Size([5000, 1000])
r0 初始状态： tensor([-0.2102,  0.3902, -0.0885, -0.2507, -0.1126, -0.2814,  0.1788,  0.0551,
        -0.0457, -0.3169, -0.1498, -0.2045,  0.1119,  0.2043, -0.0540,  0.1633,
         0.1502,  0.1741, -0.3570,  0.2335,  0.3121, -0.0101, -0.0223,  0.0496,
        -0.1604, -0.0804,  0.1173, -0.4583,  0.1815,  0.4772,  0.2697, -0.4124,
         0.0492,  0.0072,  0.0231,  0.3476, -0.2694,  0.1330, -0.2017,  0.2322,
         0.1468, -0.1950, -0.1277, -0.1332,  0.2274, -0.2985, -0.0927,  0.1238,
        -0.0288,  0.4156, -0.0706,  0.1385, -0.1151,  0.1815, -0.0882, -0.1812,
        -0.0363, -0.0922,  0.1758, -0.0698, -0.1604,  0.0511,  0.1511,  0.1182,
         0.3566, -0.1958, -0.2372, -0.4367, -0.0766,  0.2637, -0.2893, -0.0749,
         0.2256, -0.1641,  0.0969,  0.3879,  0.3507, -0.0276,  0.3531, -0.0739,
        -0.2742,  0.1950,  0.1103, -0.3293,  0.3495, -0.0644, -0.3459,  0.0033,
        -0.2156, -0.1037, -0.2517,  0.1060, -0.0871, -0.1163, -0.3779,  0.1479,
        -0.2402, -0.0395,  0.0168, -0.2806, -0.2185, -0.2316, -0.1047,  0.1830,
        -0.1992,  0.1659, -0.1091, -0.1899, -0.1534,  0.1962, -0.3316,  0.2339,
        -0.1393,  0.2784, -0.2494,  0.1028, -0.0916, -0.0305,  0.1704, -0.0240,
        -0.0909,  0.1170,  0.0857,  0.3385,  0.0913,  0.4571, -0.1373,  0.1904,
         0.3238, -0.0218,  0.0495,  0.1908, -0.3148, -0.0610, -0.1614, -0.2304,
        -0.1511,  0.1422, -0.0089, -0.2286, -0.1298, -0.0531,  0.2448,  0.0492,
         0.0550, -0.5113, -0.1809, -0.0071, -0.4123,  0.3354, -0.0794,  0.0991,
         0.1038,  0.0734,  0.4686,  0.0973, -0.1662, -0.2722, -0.0233, -0.3601,
         0.1086, -0.0367, -0.1373, -0.1425,  0.2193,  0.4657,  0.0600, -0.4321,
        -0.0579,  0.1227, -0.1111,  0.1582,  0.0723,  0.1342, -0.3523,  0.4196,
         0.0362, -0.0752,  0.0099, -0.4391, -0.2454, -0.0026, -0.1367, -0.4072,
         0.2939,  0.0618, -0.3044, -0.0901, -0.1774,  0.0344,  0.1134, -0.0537,
         0.0032,  0.0135, -0.0755, -0.4880,  0.3127, -0.4215, -0.1424,  0.2230,
        -0.0416,  0.0515,  0.3931,  0.3318,  0.2280, -0.1042,  0.2497,  0.3708,
        -0.3501, -0.1457, -0.1547, -0.2108, -0.1318,  0.1036,  0.0103, -0.2364,
         0.4843, -0.1413, -0.2029, -0.4228, -0.3126, -0.2069, -0.1615,  0.1553,
        -0.0056, -0.0192, -0.1806, -0.1742,  0.0741, -0.2480, -0.1802, -0.3578,
        -0.0400,  0.3020, -0.4948,  0.3819, -0.4269, -0.0660, -0.0468, -0.1316,
        -0.0793, -0.0904,  0.2602,  0.0307,  0.2789, -0.1535,  0.0613, -0.0078,
         0.1724, -0.3784, -0.2752, -0.5819,  0.4425,  0.3455, -0.2970,  0.2119,
        -0.6364,  0.7446, -0.0076,  0.1914, -0.3842, -0.3611, -0.2442,  0.2178,
        -0.5726,  0.6757, -0.1202,  0.1179,  0.1613,  0.6185, -0.2508,  0.6274,
        -0.2501,  0.1573,  0.4948, -0.4038,  0.0088, -0.1800,  0.6497, -0.6877,
         0.5877,  0.1002,  0.1955, -0.5124, -0.1174, -0.1623,  0.3893,  0.4511,
         0.2005, -0.3386, -0.0567,  0.5857, -0.2091, -0.1503, -0.5412, -0.0553,
         0.5744,  0.6059, -0.1934, -0.0789, -0.0664,  0.5422,  0.3689,  0.0913,
        -0.3976,  0.3309, -0.6012, -0.1494, -0.3332,  0.3963, -0.4221,  0.1258,
         0.1564,  0.7265,  0.3929, -0.3521,  0.6441,  0.1479, -0.7369, -0.2165,
         0.3009,  0.5653, -0.4435,  0.3491, -0.1097,  0.0548,  0.1117, -0.7441,
        -0.3605,  0.6856,  0.6226, -0.4803,  0.3976, -0.4775, -0.2912,  0.1107,
         0.2819, -0.7347, -0.4609,  0.2696,  0.4011,  0.2553, -0.2637,  0.3066,
         0.2649,  0.3482,  0.2504, -0.3675, -0.5931,  0.1617,  0.3268, -0.0963,
        -0.4750, -0.4338, -0.3125,  0.0152,  0.5576, -0.5082, -0.4253, -0.2782,
        -0.5269, -0.7276,  0.2912,  0.5249, -0.6509, -0.6138, -0.5223,  0.3022,
         0.4342,  0.6505,  0.3338,  0.4648,  0.2939, -0.1791, -0.3043, -0.4918,
         0.2934, -0.5731,  0.5502,  0.7035, -0.0215,  0.1450, -0.4960,  0.5978,
        -0.1629, -0.1576, -0.0153, -0.4338,  0.3640, -0.2530,  0.3769, -0.6276,
         0.7372,  0.2414,  0.4584, -0.6096, -0.3869, -0.1405,  0.2170,  0.5539,
        -0.0404,  0.5522, -0.4387,  0.1858,  0.3245, -0.7514, -0.3910, -0.3245,
         0.4096, -0.3873,  0.5523, -0.5845, -0.4625, -0.5224, -0.0828,  0.0442,
        -0.6141,  0.0402,  0.6683,  0.6337, -0.2166, -0.5179, -0.4857,  0.1621,
         0.0320, -0.3955, -0.5845, -0.4347, -0.3191,  0.1114, -0.0818, -0.6893,
        -0.2494, -0.3895,  0.1878,  0.0300, -0.4158, -0.1734, -0.2641, -0.0375,
        -0.4840, -0.3808, -0.2309,  0.2139, -0.4675,  0.0245,  0.3247,  0.0941,
         0.3790,  0.2057,  0.0976, -0.2998,  0.5904, -0.3531,  0.6657, -0.6766,
        -0.6594, -0.2112,  0.3266, -0.5585, -0.0897, -0.2858,  0.0389,  0.5333,
        -0.1809, -0.5073,  0.4758, -0.2235,  0.4726, -0.2236, -0.0524, -0.5507,
        -0.1681,  0.1374, -0.1103, -0.4277,  0.4113,  0.6268,  0.0034,  0.0474,
         0.5517, -0.3643, -0.1161, -0.7911, -0.4572, -0.1398, -0.7179, -0.7809,
         0.1674,  0.2059, -0.6842,  0.1481, -0.4107,  0.7187, -0.5100,  0.1758,
        -0.0180,  0.1680,  0.4114,  0.4980, -0.3928, -0.3563, -0.7382, -0.0545,
        -0.6782,  0.6295, -0.3750, -0.5231,  0.5571,  0.6531,  0.3970,  0.6543,
        -0.4846, -0.2054,  0.2252,  0.2915, -0.0227,  0.4324,  0.1631, -0.7485,
        -0.2435,  0.2867,  0.7170,  0.7922, -0.3166,  0.6589,  0.7401, -0.4507,
        -0.3767, -0.4103, -0.4614,  0.2913, -0.3924,  0.1977,  0.6936,  0.5487,
        -0.0622,  0.3552, -0.6172,  0.3095,  0.4069, -0.5554,  0.0319,  0.5336,
         0.3637, -0.2747,  0.2900, -0.0945,  0.5229, -0.6841, -0.4685, -0.6233,
         0.4552,  0.5671,  0.4306,  0.4448, -0.2810, -0.6989,  0.6246, -0.5349,
         0.3426,  0.0511, -0.4370,  0.8959,  0.5240, -0.7129, -0.6858,  0.5240,
        -0.5171,  0.3710,  0.2444,  0.6189, -0.3963, -0.4517,  0.1757,  0.5683,
         0.3714,  0.7362,  0.4139,  0.1439, -0.5673,  0.4047,  0.2150, -0.0100,
        -0.3273, -0.1665,  0.7263,  0.6859, -0.1473, -0.3284, -0.0676,  0.0272,
         0.5035, -0.0552,  0.0518,  0.5626,  0.5746,  0.4778,  0.2224,  0.5651,
        -0.2139, -0.2063,  0.7682, -0.2570, -0.4813, -0.1816,  0.8096,  0.3544,
        -0.3919,  0.6928,  0.0588, -0.7404, -0.7381, -0.0439,  0.2476, -0.3611,
         0.0650, -0.6875, -0.4522, -0.3105,  0.3752,  0.2638, -0.1297,  0.3641,
         0.1788,  0.5890, -0.8467,  0.7282, -0.4525, -0.4578,  0.7822, -0.7110,
        -0.2164, -0.7454, -0.5627, -0.7240, -0.4560, -0.2471, -0.3504, -0.5145,
         0.5483,  0.1450, -0.1638, -0.2409, -0.4677,  0.3130, -0.5390, -0.6701,
         0.2155, -0.0743, -0.5743, -0.1607, -0.4709,  0.7655,  0.3937, -0.6530,
        -0.0684, -0.2284, -0.4435, -0.5242,  0.0761,  0.1182,  0.4450,  0.4118,
         0.5927,  0.2420,  0.4210, -0.6599,  0.1150,  0.1645,  0.1393,  0.4002,
         0.2831, -0.3610, -0.5824,  0.0492,  0.1434, -0.3950, -0.3851, -0.6089,
         0.6986, -0.3806,  0.5015,  0.4815,  0.6500,  0.3453,  0.2854, -0.6315,
         0.0121,  0.2545,  0.6982,  0.3776, -0.5018, -0.0640,  0.1900, -0.6748,
        -0.5052,  0.4875,  0.4452, -0.4011, -0.6525,  0.1016, -0.2899,  0.6932,
        -0.2753,  0.5163, -0.2767,  0.7936,  0.6437, -0.2287, -0.4298,  0.3439,
         0.3701,  0.6554, -0.6970, -0.3773,  0.0230, -0.7290, -0.4993, -0.8374,
         0.1977, -0.5991,  0.4861,  0.0147, -0.6767,  0.0268,  0.3293,  0.5649,
        -0.6104, -0.3372,  0.1715,  0.3910,  0.2833,  0.0229, -0.1223,  0.4328,
        -0.4599,  0.4277, -0.1434, -0.2725, -0.5642, -0.2328, -0.4957, -0.1157,
        -0.5152, -0.6729,  0.3558, -0.0879,  0.0434,  0.1755,  0.4096,  0.1440,
        -0.8176,  0.1802,  0.1836,  0.3924,  0.3620, -0.0705, -0.8856,  0.2364,
        -0.5340, -0.2448,  0.3790,  0.0434, -0.4770, -0.0292, -0.5342, -0.4832,
        -0.1859,  0.3665, -0.2362, -0.0826, -0.4661, -0.5441,  0.1701, -0.4584,
        -0.1439, -0.5044, -0.8657, -0.2150, -0.3514, -0.3499,  0.3273, -0.5221,
         0.7660,  0.3527,  0.6032,  0.7077, -0.2042, -0.4291,  0.1960, -0.2279,
        -0.3760, -0.1877, -0.0584,  0.0719, -0.3941,  0.8488, -0.4215, -0.3347,
        -0.0900, -0.3730, -0.3517, -0.4864, -0.1066, -0.1273,  0.2712,  0.3170,
         0.8150,  0.2816, -0.5730,  0.6413, -0.0917, -0.1693, -0.7579,  0.2344,
         0.6470, -0.0985,  0.2341,  0.5652, -0.5948,  0.2802,  0.2999,  0.8066,
         0.2805, -0.0066, -0.1708,  0.1096, -0.5484,  0.3798, -0.0632,  0.8809,
         0.3280, -0.2961,  0.4227,  0.4933, -0.4116,  0.7918, -0.4444,  0.7034,
        -0.7509, -0.6663,  0.5091, -0.3533, -0.6088, -0.1526,  0.0081, -0.1223,
         0.6593,  0.5592, -0.3080, -0.3483, -0.4264, -0.1246, -0.4511,  0.1218,
         0.5783,  0.0804, -0.2676, -0.4394, -0.0841,  0.4251, -0.2455, -0.8792,
         0.1664,  0.2945, -0.0587,  0.6071,  0.0780,  0.1542,  0.0874,  0.3953,
         0.3740,  0.7546, -0.2846,  0.4851, -0.8397,  0.1880, -0.5630, -0.0231,
        -0.1598,  0.5808, -0.5478,  0.6334, -0.4136,  0.1207,  0.1647,  0.0480,
        -0.2252, -0.3795, -0.0659, -0.6851,  0.6777,  0.4340, -0.7423, -0.1056,
         0.3104, -0.5911, -0.4198,  0.0009, -0.0997,  0.2535, -0.1761,  0.1961,
        -0.1564,  0.7707,  0.2072,  0.5471, -0.3196, -0.0703,  0.3598,  0.5309,
         0.7375,  0.3105,  0.2240, -0.6098,  0.6330,  0.3244,  0.2214,  0.2341,
         0.1393, -0.2009,  0.3624,  0.6500, -0.5788,  0.2888,  0.1495,  0.2978,
        -0.1481,  0.2507, -0.2302,  0.4722, -0.5939, -0.3929,  0.1010,  0.7718,
         0.8141,  0.4008, -0.5632, -0.7595,  0.5810,  0.0009, -0.5336, -0.6369,
        -0.0023,  0.6208,  0.1460, -0.0304, -0.2632,  0.1598, -0.4395, -0.1544,
         0.1779, -0.4546, -0.5233, -0.2250,  0.4288, -0.3436,  0.2154,  0.1991,
         0.2034, -0.4665, -0.3051,  0.3298,  0.2012, -0.8226, -0.6218, -0.3501,
         0.8814, -0.6183, -0.5060, -0.4644, -0.5498,  0.5178, -0.0902, -0.4931,
        -0.5003,  0.7235,  0.6973,  0.6324,  0.0378,  0.5301,  0.2444, -0.7017,
         0.2436,  0.4777,  0.7468,  0.0232, -0.2458,  0.1662, -0.2253, -0.0327,
        -0.5095,  0.4621,  0.0554,  0.7421, -0.2592,  0.0813,  0.3305, -0.1045],
       device='cuda:1')
R 状态矩阵： torch.Size([5000, 1000])
r0 初始状态： tensor([-0.2670, -0.3487, -0.5827,  0.5422,  0.7223, -0.0839,  0.6889, -0.8437,
        -0.3252, -0.1535, -0.0131, -0.4572, -0.7315, -0.1400,  0.6139,  0.1682,
         0.0629, -0.2431,  0.1707, -0.1510,  0.0467,  0.7912, -0.2713, -0.1622,
         0.4886,  0.2114, -0.1157, -0.2981,  0.0890, -0.2525,  0.0200, -0.0597,
        -0.7075, -0.0356,  0.6559,  0.2645,  0.7021,  0.1908, -0.3602, -0.7431,
        -0.2530,  0.0466,  0.0216, -0.1182, -0.1120,  0.3099, -0.4633, -0.8031,
        -0.3847,  0.3045, -0.0854,  0.0081, -0.4640,  0.7237, -0.2883,  0.2340,
        -0.6340,  0.4389,  0.2493, -0.1310, -0.5733, -0.5449,  0.1337, -0.7320,
         0.2353, -0.6260, -0.6046, -0.1100, -0.2623,  0.3107, -0.3367,  0.1907,
         0.7151,  0.2291,  0.4386, -0.6850,  0.4310,  0.2191, -0.7552,  0.0614,
        -0.5995, -0.2190,  0.1918,  0.1953,  0.0804,  0.7266, -0.4588,  0.4877,
         0.1793,  0.3511, -0.6816, -0.5340,  0.5429, -0.6516, -0.5219,  0.1773,
        -0.4514, -0.3272,  0.1643,  0.1029,  0.7942,  0.2452, -0.8433,  0.1912,
        -0.4985,  0.1044, -0.1692, -0.4029, -0.0844,  0.3971,  0.2038, -0.3785,
        -0.8161,  0.3282, -0.0572,  0.0601, -0.5186,  0.1910, -0.1773, -0.1599,
        -0.6925,  0.2938,  0.1552,  0.3196, -0.0057,  0.5168, -0.5222, -0.5214,
        -0.4641,  0.4077,  0.0511, -0.2072, -0.3961, -0.6736,  0.0644,  0.1014,
         0.3943, -0.5354, -0.4669,  0.2808, -0.7953,  0.6538, -0.2828,  0.2059,
         0.6067, -0.2019, -0.3705, -0.1885,  0.7581, -0.1546, -0.4702, -0.3793,
        -0.7252,  0.2807, -0.4761,  0.1779, -0.3603, -0.1441,  0.0403,  0.6854,
         0.7180, -0.3822, -0.0172,  0.4016, -0.5073,  0.8025,  0.6312,  0.3917,
        -0.8864, -0.1573, -0.1576, -0.0842,  0.5049, -0.4133, -0.5894,  0.3775,
        -0.6635, -0.5763,  0.2082,  0.1715, -0.3617, -0.3466,  0.4920, -0.4511,
         0.2241, -0.6317,  0.4569, -0.4255, -0.0215,  0.0746,  0.2962, -0.5574,
         0.2524,  0.2342, -0.0528, -0.1037,  0.1155, -0.3470,  0.6431, -0.6079,
         0.1523,  0.3910, -0.0508,  0.0500, -0.2831, -0.3840,  0.0876,  0.1898,
         0.1331,  0.4933, -0.4840,  0.6184, -0.0806,  0.3097, -0.0361, -0.4697,
         0.2399,  0.0987,  0.7656,  0.5189,  0.4748, -0.5557,  0.3534,  0.0018,
        -0.5512, -0.5853, -0.2313, -0.1845,  0.1557,  0.4093, -0.6774, -0.3591,
         0.7469, -0.2023,  0.7162, -0.3265,  0.3855, -0.4693, -0.6618, -0.2915,
        -0.5864, -0.2836,  0.2088,  0.1932,  0.0273,  0.1830, -0.6629,  0.7002,
        -0.5042,  0.6333, -0.4655,  0.8231, -0.8018, -0.1057,  0.1873,  0.7445,
         0.4541,  0.0977, -0.0887,  0.2066,  0.4043,  0.1144, -0.6053,  0.0692,
         0.2393,  0.3738, -0.3285, -0.7343,  0.5531, -0.8251, -0.3033,  0.0685,
         0.1248,  0.4384, -0.4104,  0.3497, -0.0042,  0.1149, -0.0760, -0.2742,
         0.1987, -0.1038,  0.7508, -0.5879,  0.3512, -0.7579, -0.0695,  0.3412,
        -0.2159, -0.1042, -0.4522,  0.7018, -0.8298,  0.6732, -0.0068,  0.3014,
         0.6933,  0.2724, -0.5953,  0.1732,  0.7470, -0.2232, -0.0635, -0.0111,
        -0.4245, -0.5218,  0.5072,  0.6058, -0.2944,  0.6450,  0.4541, -0.1433,
         0.1522,  0.4837, -0.5478, -0.4628,  0.5383, -0.1173, -0.5080,  0.5226,
        -0.7903,  0.7932, -0.0057,  0.2844,  0.0957, -0.4098,  0.7359, -0.4337,
         0.5176,  0.0982, -0.3306,  0.6273,  0.2352,  0.4769,  0.5960, -0.0044,
        -0.1094, -0.1337, -0.1833,  0.5674, -0.0788,  0.0257,  0.0263, -0.2393,
         0.5879,  0.7298, -0.5137, -0.8521,  0.7041, -0.8285,  0.8319,  0.7091,
        -0.2023,  0.0549,  0.1251, -0.1804,  0.7042,  0.1982, -0.6801,  0.5037,
        -0.4758,  0.1122, -0.5749, -0.1689, -0.0567, -0.7712,  0.1526, -0.5314,
        -0.3958, -0.0404,  0.4930, -0.5299, -0.3956,  0.1552,  0.7407, -0.8684,
         0.3839, -0.1733,  0.5408, -0.5159, -0.6370,  0.3808,  0.2646,  0.3799,
        -0.6821,  0.1473,  0.6134,  0.1653,  0.0359, -0.1105,  0.5742, -0.4611,
         0.2604,  0.3327, -0.6484,  0.8365, -0.4363,  0.3305, -0.1755, -0.3195,
        -0.6585,  0.1263,  0.4027,  0.4301, -0.7646, -0.3625,  0.7803, -0.0340,
        -0.5788,  0.4899, -0.0364, -0.1558,  0.5187,  0.1792,  0.3128, -0.6443,
        -0.0013, -0.7338,  0.7410, -0.0813,  0.2607,  0.0046,  0.4287, -0.5236,
         0.6050,  0.6812, -0.8467,  0.5154,  0.5523, -0.5430,  0.5557, -0.5898,
        -0.2123,  0.4613,  0.0984, -0.1309, -0.8524, -0.0576,  0.8132,  0.2919,
         0.0131,  0.1638,  0.3859,  0.0535,  0.0662, -0.5255,  0.0647,  0.7040,
        -0.1955, -0.4088,  0.1758, -0.4930,  0.3535,  0.1399, -0.6915, -0.8477,
         0.6331,  0.4201, -0.8933, -0.7111,  0.5645,  0.8298,  0.8905, -0.0527,
        -0.1524,  0.4693, -0.0468, -0.3419,  0.5794, -0.6746, -0.3604,  0.0356,
        -0.4212,  0.2772, -0.0533, -0.7782, -0.0545, -0.4724,  0.3855, -0.2738,
         0.4959,  0.7722, -0.5274, -0.6677, -0.3573, -0.8575, -0.8300,  0.6218,
         0.1590, -0.7338,  0.4739, -0.0890, -0.3319,  0.4973, -0.7269,  0.0419,
         0.8274, -0.8617,  0.6037,  0.4148, -0.3096,  0.1966, -0.1177, -0.0637,
         0.2956,  0.2937,  0.0029, -0.4236,  0.0764, -0.3742, -0.5723,  0.0743,
         0.2237,  0.4983, -0.5989, -0.4765, -0.3332,  0.1351,  0.1840, -0.0636,
         0.7023, -0.1328, -0.2927,  0.1984, -0.1469,  0.0957, -0.3076,  0.2997,
        -0.2293, -0.2982, -0.2266,  0.1717,  0.6856, -0.0827,  0.3718, -0.0666,
         0.1945,  0.3453,  0.4613, -0.1407, -0.2475,  0.1658, -0.4527,  0.1403,
         0.1712,  0.5215,  0.5110, -0.3481,  0.1818, -0.4980, -0.0323, -0.0913,
         0.4153,  0.3308, -0.1334,  0.1116,  0.0814,  0.5577, -0.1154,  0.0027,
         0.1879, -0.1096, -0.5392,  0.0150, -0.0850, -0.5134, -0.2081, -0.2232,
         0.3215,  0.6604,  0.0201,  0.3335,  0.3643,  0.3588,  0.0994, -0.1387,
         0.0348,  0.4636,  0.1844, -0.4069, -0.1220,  0.3158,  0.2491, -0.0802,
         0.2733,  0.3850,  0.2670, -0.3161,  0.6422, -0.5198, -0.0255, -0.1328,
        -0.0633,  0.0060,  0.3318,  0.2369, -0.1476,  0.3220,  0.0530,  0.2784,
         0.3277, -0.1528,  0.1449, -0.3626,  0.1408, -0.0813, -0.3068,  0.2899,
         0.1107,  0.0563, -0.0227,  0.3988, -0.4841,  0.3678,  0.2387,  0.4572,
        -0.2001,  0.0597,  0.2669, -0.4518, -0.0651, -0.1438, -0.5173,  0.1855,
        -0.1358, -0.0014, -0.1982,  0.3520, -0.0257,  0.1444,  0.1264, -0.0069,
         0.0996, -0.0281,  0.5029,  0.0018, -0.0302,  0.2562,  0.0359, -0.1739,
         0.1045, -0.7330,  0.5340, -0.2526,  0.0049, -0.4428, -0.0215, -0.2383,
        -0.5922, -0.0244,  0.5678, -0.5440, -0.2245, -0.1019,  0.0109, -0.3528,
         0.3798,  0.1686, -0.4439, -0.3182,  0.2168,  0.2281, -0.2678, -0.3513,
        -0.2767, -0.0299, -0.3801, -0.4642,  0.2358, -0.4632,  0.2599,  0.1320,
         0.0208,  0.4224, -0.3381, -0.0076,  0.6799,  0.3139, -0.1557, -0.1643,
         0.1370, -0.3406,  0.2211,  0.6146,  0.3437,  0.2720, -0.2453, -0.3670,
         0.0523, -0.0903, -0.1274,  0.0987,  0.0167,  0.2642, -0.6015, -0.4078,
         0.0026,  0.1591,  0.3478, -0.1009, -0.7224, -0.3903, -0.0138,  0.1670,
         0.4192, -0.5070, -0.3966, -0.4324, -0.0550, -0.3673, -0.1618, -0.5581,
         0.0144,  0.5209,  0.2692, -0.1078, -0.1002, -0.3841,  0.1398,  0.0629,
        -0.4183,  0.1148,  0.2510,  0.5803,  0.1967, -0.0262,  0.1816,  0.0117,
         0.2946,  0.4534,  0.1888, -0.1241, -0.3119,  0.2759,  0.3810,  0.4037,
        -0.1540,  0.5981, -0.0301,  0.3884, -0.0895, -0.4291,  0.2182,  0.5185,
        -0.3880, -0.1761,  0.0053, -0.1975, -0.0473,  0.4761,  0.5223, -0.4069,
         0.4015,  0.3447, -0.3991,  0.5661, -0.1575,  0.0807, -0.7080, -0.6494,
         0.3259,  0.4823,  0.2005, -0.3546,  0.1724, -0.0989, -0.6523,  0.6104,
        -0.0395,  0.8699, -0.3975, -0.4430,  0.5382, -0.5025,  0.5271,  0.0763,
        -0.4337,  0.1998, -0.0192,  0.1794, -0.0022,  0.5975, -0.1304,  0.4381,
         0.5524,  0.2032, -0.5780,  0.1335,  0.0678, -0.1860, -0.0152,  0.0082,
        -0.5213, -0.4607, -0.4839, -0.3113,  0.0811,  0.4563, -0.3485, -0.5072,
         0.5307, -0.0440, -0.6774, -0.3529, -0.1848,  0.2865,  0.0338, -0.1864,
        -0.3968,  0.1130, -0.2902, -0.5389,  0.7410, -0.5897, -0.0567, -0.0776,
        -0.6324,  0.3728, -0.5781,  0.1896,  0.7029,  0.3579,  0.3871,  0.2171,
         0.0944,  0.3234,  0.5061,  0.1816,  0.4265, -0.3575,  0.7465,  0.5696,
         0.1948,  0.1689,  0.5617,  0.2409,  0.3845, -0.4140,  0.1889,  0.5869,
        -0.1554, -0.3690, -0.0892, -0.0360,  0.7807,  0.6143,  0.3681,  0.5640,
        -0.3851,  0.3931, -0.0480,  0.5013,  0.1369,  0.6529,  0.6929, -0.1424,
         0.3761, -0.1776,  0.4929, -0.4333, -0.6790, -0.2293,  0.3936,  0.3255,
         0.2306,  0.5296, -0.5617,  0.1431, -0.6302,  0.5879,  0.7227, -0.0122,
        -0.2273,  0.6182, -0.5750,  0.1223,  0.2655,  0.0108, -0.0568, -0.2659,
         0.6346, -0.7135,  0.1907,  0.8262, -0.6474, -0.7714,  0.5492, -0.5634,
         0.1445, -0.4912,  0.6466,  0.1625, -0.6786, -0.0028, -0.6379,  0.3380,
        -0.7305, -0.3550,  0.6454, -0.3803, -0.2899,  0.7228, -0.2871, -0.4615,
        -0.3054,  0.0396,  0.7396, -0.3443,  0.7125, -0.2253,  0.1254, -0.2875,
        -0.4232, -0.5850,  0.5419,  0.3482,  0.2775, -0.1813, -0.7964, -0.5170,
        -0.7505, -0.1049,  0.4728,  0.3613,  0.0960,  0.7186, -0.5502, -0.2941,
         0.4726,  0.0201, -0.2919,  0.4391, -0.6721, -0.1030, -0.1955,  0.6689,
         0.4942, -0.2609,  0.3484, -0.2458, -0.1069,  0.7188,  0.2699, -0.1501,
         0.6196,  0.3363, -0.3862, -0.8273,  0.5439,  0.7073,  0.1201, -0.7804,
        -0.2304,  0.7161, -0.7209, -0.4285,  0.7285,  0.0426,  0.3045,  0.6228,
         0.1505,  0.1297,  0.6612,  0.3615, -0.1473,  0.5968, -0.7280, -0.4165,
        -0.1659, -0.3760, -0.6810, -0.7226,  0.1837,  0.6935,  0.4640,  0.5279,
        -0.6253, -0.5317,  0.2787, -0.4777,  0.0740,  0.4107,  0.5632,  0.4092,
         0.2235,  0.0352, -0.6216,  0.5187, -0.7217,  0.4033,  0.2970,  0.5937,
        -0.1806,  0.8330, -0.3706,  0.0876,  0.6049, -0.3755,  0.6308, -0.2066],
       device='cuda:1')
R 状态矩阵： torch.Size([5000, 1000])
r0 初始状态： tensor([-2.3696e-02,  2.0390e-01,  3.5871e-01, -1.1640e-01,  3.1260e-01,
        -4.4055e-01, -3.1769e-01,  1.4418e-01, -2.8331e-01,  3.2919e-02,
        -3.5680e-01, -2.6603e-01,  2.7990e-01,  4.1403e-02, -5.8592e-02,
        -2.3972e-01,  3.1601e-01,  2.4721e-01,  8.5936e-02,  2.4290e-03,
        -4.4533e-02, -6.2754e-02,  4.2207e-02, -3.8091e-01, -4.9557e-01,
         4.0428e-01,  2.3595e-01, -1.6443e-01,  2.0947e-01, -1.1369e-01,
        -2.0427e-02,  2.3168e-01,  1.7522e-01, -2.3256e-01,  2.1470e-02,
        -3.0966e-01,  3.4302e-01, -1.5682e-01, -1.0912e-01,  1.5222e-01,
         9.8800e-02, -4.8305e-01,  2.0784e-01, -2.9809e-01, -1.5631e-01,
        -1.0586e-01, -4.3210e-01,  2.8783e-01, -4.5867e-01,  1.6042e-01,
        -1.9322e-02, -4.4793e-01,  5.0781e-02,  5.8041e-02,  5.3264e-04,
         2.1366e-01,  3.2791e-01,  2.9782e-01, -2.4942e-01, -1.6351e-01,
        -3.6677e-01,  2.8820e-01,  1.1256e-01, -4.6493e-01, -1.9902e-01,
         2.5465e-01, -3.6920e-01,  4.4781e-01,  1.3595e-02,  2.3812e-01,
         2.2761e-01, -2.1502e-01,  1.7144e-01,  1.8615e-02,  3.5995e-01,
         4.8766e-02,  2.2988e-01,  1.7801e-01,  2.9789e-01,  1.0216e-01,
        -7.2284e-02,  3.6828e-01, -3.4827e-01,  6.9602e-02, -4.1210e-01,
         4.3344e-01,  3.8097e-02,  2.1309e-01, -3.9707e-01, -2.0268e-01,
        -3.1490e-01,  4.8795e-02, -3.8945e-01, -2.5715e-01,  2.5823e-01,
        -2.3195e-01,  3.3427e-01, -3.1952e-01, -3.1285e-01,  3.1006e-02,
         6.4277e-02, -3.8843e-01, -2.8543e-01, -3.3097e-01,  2.2522e-01,
        -3.5116e-01,  1.1636e-01, -3.5833e-01,  1.2500e-01,  3.7718e-01,
        -5.5190e-02,  3.7434e-01, -1.7364e-01, -2.6702e-01, -3.2326e-01,
         4.6674e-01,  5.0816e-02,  3.8695e-02, -1.3310e-01, -2.5118e-01,
        -2.5704e-01,  2.8592e-01,  2.2915e-01, -1.8135e-01,  1.0745e-01,
        -7.1560e-02,  3.9387e-01,  4.0853e-01,  3.8494e-01, -3.6433e-01,
        -9.7066e-02,  8.9054e-02,  4.4638e-01, -2.6072e-02,  3.2623e-02,
         3.6510e-01,  3.3637e-01, -3.6300e-01,  3.8821e-01,  4.8698e-01,
         2.9034e-01,  1.8690e-01, -4.0546e-01,  6.2906e-02, -4.5275e-01,
        -9.2650e-04, -2.7836e-01,  3.3370e-01, -1.3609e-01, -1.1675e-01,
         2.7818e-01,  2.4391e-01, -4.6605e-01, -5.2446e-04,  3.9387e-01,
         9.4092e-02,  5.2837e-01,  4.4264e-01,  3.6715e-01,  4.4616e-01,
         2.9234e-01,  5.2564e-01,  1.6081e-01,  1.0933e-01,  1.9112e-01,
        -1.3867e-02,  1.7265e-01,  2.2579e-02,  4.5979e-02, -1.7104e-01,
         3.4840e-01, -1.1548e-01, -3.7837e-01, -2.3434e-01,  1.2123e-01,
         3.6131e-02,  4.4467e-01,  2.8773e-01,  2.2161e-01, -4.0415e-01,
         1.2968e-01, -3.3178e-01, -3.6736e-01, -1.2861e-01, -1.6714e-01,
        -2.4130e-02, -5.3351e-01,  2.9472e-01, -2.2418e-01,  4.1990e-01,
        -4.8833e-01,  1.7303e-01,  6.4181e-02, -5.0871e-02, -2.4596e-01,
         3.0371e-01,  3.2590e-01,  1.7435e-02,  1.3492e-01,  3.7394e-02,
        -5.0037e-01,  4.7805e-01, -5.5371e-01,  4.6162e-01,  2.6947e-01,
        -2.3279e-01,  3.4645e-01,  4.5223e-01, -2.9144e-01, -2.4512e-01,
         7.6512e-03,  1.9864e-01, -1.6552e-01,  1.7577e-01,  2.0807e-01,
        -2.9139e-01,  1.2861e-02, -4.9530e-02, -2.3650e-01,  1.8946e-01,
        -2.6005e-01,  3.2567e-01,  2.3618e-01, -2.3129e-01,  1.1409e-01,
         1.1425e-01, -4.9947e-01,  1.7665e-01, -4.8031e-01,  4.7887e-02,
         1.3263e-01,  1.7390e-01,  5.2016e-01,  1.2715e-01,  2.5958e-01,
         3.3158e-01,  2.9421e-02,  2.1647e-01, -3.5165e-01,  3.2492e-01,
         2.0665e-01,  3.1051e-02, -3.4292e-01, -4.4478e-01, -2.8495e-01,
        -4.1876e-01,  9.2916e-02, -8.0123e-03,  7.1249e-02, -1.0880e-01,
         4.6903e-01, -1.8987e-01,  1.9333e-01, -3.2862e-01, -3.2421e-01,
         1.5369e-01, -1.1436e-01,  2.8026e-01, -4.4024e-01,  1.4295e-01,
        -2.6991e-01,  2.6600e-01, -3.2440e-01, -1.0806e-01, -1.0248e-02,
        -2.5462e-01, -5.6623e-02, -5.0726e-02,  1.9397e-01, -1.1615e-01,
         1.2270e-02,  1.4284e-01,  1.1970e-01, -3.0083e-01,  9.9705e-02,
         1.8720e-01,  1.6319e-01, -2.7485e-01,  2.1643e-01, -1.2809e-01,
         2.0106e-02,  1.7784e-01,  1.9228e-01, -6.7286e-02, -1.3658e-01,
        -3.2846e-01, -4.5070e-01,  2.6538e-01,  3.2655e-01, -1.7370e-01,
         1.0786e-01, -1.1061e-01,  2.0147e-01,  1.4637e-01,  7.0744e-02,
         5.6681e-02,  1.4518e-01,  4.5841e-02, -1.8237e-01, -4.5149e-01,
         6.5102e-02,  4.3778e-01, -3.5631e-01, -3.3679e-01, -1.6604e-01,
        -3.2910e-01, -1.4616e-01,  2.1815e-01, -4.7408e-01,  2.6384e-01,
         1.0105e-01, -2.7693e-03, -1.0265e-01,  1.9908e-01,  4.7330e-02,
        -2.0155e-01, -1.9626e-01,  5.1287e-02,  2.9218e-02,  1.8173e-03,
         1.5963e-01, -2.7218e-01,  9.5023e-02, -1.6010e-01, -1.3507e-01,
         4.7061e-02,  4.8983e-01, -1.0370e-01, -6.5895e-02,  1.3458e-01,
         2.3022e-01, -2.0650e-01,  3.7846e-03, -2.6082e-01,  4.1879e-01,
        -3.0371e-01,  8.1062e-02,  1.1212e-01,  9.5444e-02, -2.9450e-01,
         1.6758e-01,  9.6646e-02,  4.0466e-01, -4.4950e-02, -1.1115e-01,
         3.0420e-02,  9.4097e-02, -2.6030e-01, -3.7225e-01, -2.4866e-01,
        -1.5395e-01, -3.7180e-01, -3.4650e-01,  4.0838e-01,  2.1959e-01,
         2.6652e-01, -1.3458e-02,  5.7271e-02,  1.7637e-01, -5.2501e-02,
         4.1606e-01,  1.1834e-01,  7.0061e-02, -9.5315e-03, -2.4154e-01,
         1.0319e-01,  1.6347e-01, -2.7066e-01,  2.9234e-01,  4.3245e-01,
        -1.6565e-01,  3.1133e-01,  2.2907e-01, -1.6899e-01, -2.0979e-01,
         2.6201e-01, -7.2817e-02, -1.2122e-01, -7.4286e-02, -4.8999e-02,
        -1.3078e-01,  3.5879e-01,  2.8211e-01,  1.3919e-01,  3.0389e-01,
        -4.1381e-01,  1.3716e-01,  2.9730e-01,  1.9588e-01,  6.6976e-02,
        -1.9400e-01, -1.6072e-01,  2.9467e-01, -3.7244e-01,  4.2087e-02,
         2.5576e-01, -2.0810e-01,  1.1026e-01,  8.4699e-02, -5.6514e-01,
        -4.9319e-02, -2.7587e-01, -1.4744e-01,  7.4493e-03, -3.0341e-01,
         3.4712e-01, -2.7556e-01,  2.6099e-01,  3.3612e-01,  1.1558e-01,
        -3.9778e-01, -6.5228e-02, -2.1216e-01,  2.5286e-01,  2.2124e-01,
         3.0817e-01, -3.7653e-01, -3.4380e-01,  5.3686e-02,  2.6169e-01,
         3.7711e-01, -2.4432e-01, -3.1287e-01,  1.1111e-01, -2.4504e-01,
        -2.8129e-02, -2.0881e-01,  2.2059e-02, -4.5325e-01, -1.9418e-01,
        -1.6497e-01, -2.4491e-02,  2.8838e-01, -7.8867e-02,  7.5236e-03,
         3.1583e-01, -2.8628e-01,  1.2140e-01,  2.4541e-01, -7.2911e-02,
        -9.8421e-02, -2.8145e-01, -1.3241e-01,  1.9740e-02, -3.3672e-01,
        -5.7623e-01, -5.0736e-01,  1.6780e-01,  2.6973e-01, -1.6316e-01,
        -2.7840e-01,  1.5754e-01, -1.1117e-01, -1.3786e-02, -2.9804e-01,
         2.3973e-01,  4.2852e-02,  2.8366e-01, -1.8808e-01,  3.1468e-01,
        -3.3578e-02, -4.6991e-02, -2.9105e-01,  2.2050e-01, -2.6608e-01,
        -1.6947e-01,  1.7226e-01, -1.3855e-01, -2.2756e-01, -1.8867e-01,
        -1.4127e-01,  7.0165e-02,  2.8506e-01,  7.8690e-02, -4.5535e-01,
         5.7803e-02,  1.3456e-01,  6.3164e-02,  3.0658e-01, -2.2525e-02,
         4.6348e-01, -1.4940e-01, -1.3925e-03, -6.4869e-02,  2.3879e-01,
        -3.4709e-01, -3.0543e-01,  3.9483e-01,  5.7809e-03,  1.4410e-01,
        -2.8742e-01, -2.9444e-01,  5.4422e-01, -5.2405e-02,  4.3092e-02,
        -5.5390e-03, -2.0165e-01,  3.5897e-01,  1.1011e-02,  2.6008e-01,
         4.7210e-02,  2.5983e-02, -4.2643e-01, -5.4805e-01,  4.8072e-01,
        -7.6114e-01, -1.2121e-01, -2.3904e-01, -4.1200e-01,  4.3749e-01,
         3.3135e-01,  7.8790e-01, -2.3410e-01,  7.8132e-01, -1.3578e-01,
        -5.8623e-01, -1.5927e-01,  2.6725e-01,  6.8814e-01,  4.0499e-01,
        -4.4017e-01, -9.4982e-02,  1.7915e-01, -4.2186e-01, -5.0385e-03,
        -1.9485e-01, -4.1471e-02, -8.4479e-01, -7.2379e-01,  6.3820e-01,
         3.9224e-01, -5.4627e-01,  5.3029e-01, -3.5280e-02,  5.3353e-01,
        -2.9968e-01,  2.8543e-01, -5.1918e-01,  4.3791e-01, -9.9189e-02,
         1.5941e-01,  6.1476e-01, -3.6242e-01, -1.1077e-01,  6.2406e-01,
        -1.2845e-01,  3.7779e-01,  3.2099e-01, -1.2840e-01, -7.9189e-01,
         6.1636e-01,  4.2138e-01,  8.4103e-02,  1.7886e-02,  2.9470e-01,
        -2.4201e-01,  8.4242e-01,  3.5501e-03, -6.2129e-01, -2.0733e-01,
        -5.3104e-01, -3.1360e-01,  5.3592e-01,  3.7519e-01,  2.3483e-01,
        -2.0281e-01, -8.8254e-01,  7.5061e-02,  2.9121e-01, -8.3120e-03,
         4.9984e-01, -7.0576e-01,  6.5534e-01, -6.3573e-01, -2.9766e-01,
         1.8402e-01,  3.9601e-01, -2.8941e-01,  5.8777e-01,  3.3807e-01,
         7.4633e-01,  2.3846e-01,  3.0424e-02,  7.3240e-01,  4.2996e-02,
        -8.6112e-01, -5.6794e-01,  7.8156e-01, -8.7224e-01,  8.0831e-01,
         7.1930e-01,  5.8489e-01,  2.8983e-01, -5.9487e-01,  8.1088e-01,
         3.9739e-01,  3.7239e-01, -6.5088e-01, -1.2051e-01, -1.0109e-01,
        -7.8860e-01,  5.1162e-01, -1.0754e-01, -1.5415e-01,  8.0116e-01,
         7.7778e-01, -6.3350e-01,  7.3584e-01,  1.1436e-01, -5.8993e-02,
         2.4754e-01,  7.5285e-01,  1.4622e-01,  3.9378e-01, -3.3446e-01,
         6.1520e-02,  3.5696e-01, -1.7364e-01,  4.0676e-01,  2.7094e-01,
         2.5163e-01, -1.0130e-01, -1.3973e-01,  4.3230e-01, -3.2199e-01,
         6.3755e-01, -6.7354e-01,  5.1274e-01, -1.8497e-01, -5.7280e-01,
         2.9575e-01,  7.6329e-01, -2.1549e-01, -5.4874e-01,  4.7503e-01,
        -1.0387e-02, -3.6658e-01,  2.9528e-01,  8.5123e-01, -6.1439e-01,
         6.4766e-01, -2.5293e-01,  4.5061e-01,  7.3952e-01,  4.6180e-01,
         1.8390e-01,  7.8982e-01, -6.1638e-01,  2.4364e-01, -4.3984e-01,
        -2.1445e-01,  7.8731e-01, -6.4392e-01,  5.2862e-01, -1.3403e-01,
         1.3073e-01, -7.1699e-01, -6.9670e-01,  1.7747e-01,  1.7620e-01,
        -3.3590e-01, -5.8620e-01,  4.9275e-01, -7.5610e-01,  4.8963e-01,
         4.8109e-01,  3.2174e-01,  1.6018e-01, -8.6662e-02, -6.4964e-01,
         2.8805e-01, -1.7750e-01,  5.7334e-01,  8.7053e-01, -6.2835e-01,
         5.1450e-01, -3.7124e-01,  4.2938e-01,  3.4011e-01, -2.9787e-01,
        -5.2320e-01, -2.0479e-01,  4.7248e-01, -6.7303e-01,  4.6889e-01,
         4.3918e-01,  6.8982e-01, -5.0777e-01, -3.9576e-02, -6.6801e-01,
         3.0342e-01,  6.1930e-01,  5.8056e-01, -7.0518e-01,  4.5470e-01,
        -5.5614e-01,  4.7432e-01, -4.1660e-01, -4.5763e-01,  4.6090e-01,
         7.7139e-01, -3.9752e-01,  5.0472e-01,  4.4072e-01, -7.9535e-01,
        -2.2160e-01,  1.7851e-01, -6.0635e-01, -2.9647e-02,  2.7865e-01,
        -3.7095e-01,  9.3452e-02, -4.1834e-01, -5.3892e-01,  8.0900e-01,
         5.1140e-01,  3.2325e-01, -9.1057e-02, -6.5662e-01, -4.1964e-02,
        -5.2426e-01,  3.1929e-01, -1.7332e-01, -6.8812e-02,  8.5553e-01,
         2.6424e-01,  5.1017e-02, -6.7221e-02,  2.1024e-02, -4.4477e-01,
         6.0876e-01, -3.3087e-01, -4.7644e-01, -6.2277e-01, -5.3465e-01,
         7.8377e-01, -5.6738e-01, -3.3756e-01,  2.0095e-01, -6.0986e-01,
         2.8874e-01,  7.0908e-01, -6.3338e-01,  2.4701e-02, -6.1078e-01,
         6.6493e-01,  1.5035e-01, -2.6874e-01, -7.4231e-01, -7.2407e-01,
        -4.5509e-01, -6.1975e-01, -5.7979e-01,  5.9499e-01,  3.3134e-01,
        -3.4059e-01,  4.1210e-01,  5.1879e-01,  5.2283e-01, -1.6429e-01,
        -9.0353e-01, -6.7258e-01, -7.4126e-01, -1.4958e-01,  3.8539e-01,
        -8.6697e-01, -3.4095e-01, -6.6036e-01, -7.6008e-01,  6.4064e-01,
        -9.1669e-01,  8.5077e-01,  7.9405e-01,  1.1527e-01,  8.3555e-01,
        -3.4390e-01,  8.2942e-01, -8.1457e-01, -4.4168e-01, -3.3966e-01,
         3.0096e-01,  7.5342e-01,  7.7260e-01,  2.1086e-01,  3.3875e-01,
         8.1756e-01,  2.1496e-01, -5.8445e-01,  6.8696e-01,  7.3106e-01,
         2.8469e-01, -3.8598e-01,  7.5615e-01,  8.0085e-01,  6.8310e-01,
        -8.2459e-01,  9.4452e-01, -6.9390e-01, -1.3962e-01, -2.8302e-01,
        -3.1015e-01,  2.3811e-01, -1.2508e-02,  8.0793e-01,  2.7562e-02,
         8.2439e-01,  8.9906e-01,  5.7087e-01, -6.5749e-01, -8.5508e-01,
         7.5478e-01, -8.2612e-01, -4.3560e-02,  1.6283e-01,  7.2281e-01,
        -8.4313e-01, -7.3268e-01,  5.4672e-01,  2.2105e-01,  8.2027e-01,
        -7.0722e-01,  5.9743e-01, -8.3264e-01, -6.1892e-01, -8.6622e-01,
        -7.8816e-01, -3.0375e-01, -5.1934e-01,  2.2367e-01, -7.8244e-01,
         5.6987e-01,  9.0891e-01, -1.9109e-01, -5.4491e-01, -6.4509e-01,
        -9.1283e-01,  7.5702e-01, -9.1246e-01, -3.5047e-01,  5.8961e-01,
         9.2526e-01,  5.5456e-01, -9.0123e-01, -6.9048e-01,  5.1551e-01,
        -9.5140e-01, -6.1415e-01, -8.2618e-01, -8.3445e-01,  4.6114e-01,
        -9.0587e-01, -1.6908e-01, -8.4479e-01,  4.6062e-01, -6.9724e-02,
        -2.8939e-02,  2.9836e-01,  1.1904e-01, -6.9395e-01,  5.7552e-01,
         8.7567e-01, -1.4963e-01, -1.6395e-01,  3.6537e-01, -6.4206e-01,
        -6.0187e-01,  4.7866e-02,  4.6972e-01,  5.8722e-01, -7.8476e-01,
         7.7123e-01,  5.4239e-01, -5.2308e-01,  1.2537e-01, -7.4088e-01,
         6.5965e-01,  4.0002e-01, -3.5113e-01,  7.7247e-01, -1.1448e-01,
         2.3884e-01,  9.1044e-03,  8.7776e-01, -3.5334e-01,  4.5692e-01,
         1.4403e-01, -2.9614e-01, -4.3508e-01,  2.8708e-01, -8.7540e-01,
        -7.4764e-01, -2.6680e-01,  2.9340e-01,  2.4106e-01, -8.3932e-01,
        -3.1764e-01,  8.1131e-01, -8.7561e-01,  2.7436e-01, -1.4607e-01,
        -4.8646e-01,  5.2601e-01, -7.6971e-01,  1.2281e-03, -3.3425e-01,
         1.6527e-01,  7.8171e-01,  8.2361e-01, -7.1735e-01,  3.8504e-01,
         9.7615e-03, -3.7121e-01, -2.4386e-01, -5.8729e-01, -8.2736e-01,
         3.0546e-01,  3.5242e-01, -3.9492e-01, -7.2424e-01,  4.5793e-01,
         6.9956e-01,  2.9372e-01, -8.6305e-01, -7.6190e-01,  1.1967e-02,
         6.6899e-02, -8.0832e-01, -8.3008e-01, -2.2468e-01, -5.2164e-01,
         4.3935e-01,  4.6334e-02, -2.9671e-01, -2.6690e-01,  5.6614e-01,
         4.5450e-01, -7.3710e-02,  1.1486e-01, -1.2436e-01,  4.3490e-02,
        -4.8117e-01,  2.1253e-01, -7.1882e-01,  7.7911e-01,  7.6539e-01,
        -9.0698e-01, -1.1621e-01,  3.4305e-01, -3.2431e-01, -8.0159e-01,
         9.1145e-01, -7.7366e-01, -6.3492e-01, -6.7873e-01, -1.6026e-01,
         2.2670e-01,  5.1915e-01, -2.2694e-01, -6.3395e-02, -1.7386e-01,
         6.4244e-01,  2.7191e-01, -5.2839e-01,  7.7368e-02, -8.0195e-01,
        -5.1966e-01, -5.3282e-01, -7.0500e-01,  5.3992e-02,  4.4040e-01,
         1.0709e-01, -9.0485e-01,  6.1267e-01,  5.1610e-01, -8.5214e-01,
         5.1901e-01,  2.3863e-02, -4.9054e-01,  3.2451e-01,  2.4329e-01,
        -7.1694e-01, -8.0004e-01, -7.8251e-01, -7.1032e-01,  9.9336e-02,
         6.0058e-01,  8.7874e-03,  3.9874e-01, -3.3526e-01, -7.7075e-01,
         5.3729e-01,  4.4101e-01, -8.2213e-01, -8.9005e-01,  7.7469e-01,
        -1.4919e-01,  5.2392e-01,  3.1043e-01, -3.0280e-01,  8.1136e-01],
       device='cuda:1')[I 2025-10-02 13:14:58,248] Trial 23 finished with value: 59123.03486124674 and parameters: {'n_units': 1000, 'alpha': 0.9, 'sigma_in': 0.9, 'rho': 0.4, 'tikh': 1e-06, 'option': 2}. Best is trial 13 with value: 0.7581153710683187.
[I 2025-10-02 13:15:47,798] Trial 24 finished with value: 355.2518844604492 and parameters: {'n_units': 5000, 'alpha': 0.7000000000000001, 'sigma_in': 0.5, 'rho': 0.30000000000000004, 'tikh': 1e-07, 'option': 2}. Best is trial 13 with value: 0.7581153710683187.

Test Loss for each rep: [362.3453, 1224.2593, 175782.5]
R 状态矩阵： torch.Size([5000, 5000])
r0 初始状态： tensor([ 0.2638, -0.0311, -0.1233,  ...,  0.2942, -0.6281,  0.4654],
       device='cuda:1')
R 状态矩阵： torch.Size([5000, 5000])
r0 初始状态： tensor([ 0.1856,  0.1973,  0.2538,  ...,  0.0772, -0.0173,  0.0079],
       device='cuda:1')
R 状态矩阵： torch.Size([5000, 5000])
r0 初始状态： tensor([ 0.0467, -0.0398,  0.2936,  ..., -0.2688, -0.3050, -0.2296],
       device='cuda:1')
Test Loss for each rep: [354.4051, 65.88645, 645.4641]
R 状态矩阵： torch.Size([5000, 1000])
r0 初始状态： tensor([ 5.4509e-02, -2.0363e-01,  1.2039e-01, -1.2770e-01, -1.1480e-01,
        -9.3111e-02, -1.3170e-01,  2.1829e-01,  8.8121e-02, -2.5371e-01,
         1.9373e-01, -1.6680e-01,  1.1300e-01,  2.3996e-01, -1.2168e-01,
         4.0200e-02,  2.2558e-02, -4.7641e-01,  9.7260e-02,  1.1879e-01,
         2.6551e-01,  1.5063e-01,  6.8226e-02, -1.6282e-01,  2.4309e-02,
         1.3258e-01, -2.1037e-01,  2.0498e-01, -1.9232e-01,  1.3621e-01,
        -1.2216e-01, -9.7767e-03,  4.3433e-02, -7.8781e-02,  9.1243e-02,
        -6.7681e-03,  3.1014e-01, -7.4581e-04,  2.4302e-01,  1.9092e-02,
         2.8401e-01,  8.2531e-02,  9.6111e-02, -4.0527e-01,  1.0752e-02,
         7.6663e-02, -2.3936e-01, -1.4214e-01,  1.5374e-01,  1.1549e-01,
        -2.4475e-01,  3.1317e-02, -3.5752e-03,  2.1351e-01,  2.3149e-01,
         3.0401e-02, -1.0970e-01, -2.7915e-01, -9.3867e-02, -1.1189e-01,
         1.2990e-01,  1.1567e-01, -1.1115e-01, -5.9552e-02,  1.9769e-01,
        -2.5886e-01,  2.4700e-02, -2.4365e-01, -1.8277e-01,  2.6700e-01,
         1.3418e-01, -3.0773e-02, -2.1342e-01, -1.6525e-01, -2.7575e-01,
        -4.5068e-02, -4.8331e-02, -2.8643e-02,  1.4385e-01,  5.5811e-02,
        -9.0363e-02, -2.8326e-01,  1.4939e-01,  1.7635e-01,  2.6305e-01,
         1.2832e-01, -9.2420e-02, -3.2768e-01, -3.8801e-01, -1.2741e-02,
        -7.9097e-02,  1.3896e-01, -2.1363e-01,  1.4516e-02, -1.0340e-01,
        -1.3647e-01, -1.1156e-01, -1.9276e-01,  1.5910e-02, -1.5071e-01,
         1.5180e-01, -1.4464e-01, -7.4774e-02,  1.0816e-01,  1.1894e-01,
         2.0186e-01, -3.1068e-02, -3.9666e-03,  1.4484e-01,  2.0221e-01,
         4.8418e-02, -1.4819e-01, -1.5673e-01, -2.0259e-01, -1.1178e-01,
        -8.6323e-03,  1.4205e-01,  2.4372e-01,  1.3370e-01, -1.1289e-01,
         1.8125e-01,  2.1521e-01, -1.1454e-01,  2.2049e-01, -1.8545e-01,
         1.8431e-01,  1.3836e-01,  9.1084e-02, -2.3072e-01,  3.0656e-01,
        -3.7836e-02,  1.2026e-01,  1.7174e-01, -2.7741e-01, -6.4412e-02,
         1.6085e-01,  5.6810e-02,  1.3312e-01,  2.0279e-01,  1.1000e-02,
         3.5515e-01, -5.7972e-02, -2.0767e-01,  1.9197e-01,  6.7966e-02,
        -4.1620e-01,  1.2429e-02,  7.0349e-02,  1.5706e-01,  1.8639e-02,
         1.0390e-02,  1.5174e-01,  8.5504e-02,  3.4310e-02,  3.8488e-01,
        -3.4930e-02, -3.0755e-01, -1.8864e-01,  4.6611e-02, -2.1303e-01,
         2.4511e-01,  9.3823e-02, -3.6979e-02,  3.5562e-01, -1.5683e-03,
        -1.7628e-01, -2.3865e-01,  4.1056e-02, -8.0415e-02,  4.9701e-02,
        -7.3480e-02,  8.5210e-02,  1.4914e-01,  1.1841e-01, -9.6208e-02,
        -7.9052e-02, -1.8669e-01, -1.4847e-02,  2.8564e-01, -2.8131e-01,
        -3.0505e-02, -7.9515e-02, -1.6376e-01,  2.2299e-01,  2.0679e-01,
        -4.1726e-02,  1.2021e-01,  1.2440e-02, -2.5485e-01, -2.6715e-01,
        -1.6682e-01,  9.6312e-03,  2.8188e-01,  3.0192e-01, -1.2054e-01,
        -6.9359e-02, -1.8214e-01,  2.6969e-01, -1.7401e-01,  1.0315e-01,
        -3.7972e-02, -3.1097e-01, -1.7838e-01, -1.4579e-01,  2.2969e-01,
         2.1922e-01,  2.8898e-01, -2.2547e-01, -4.0253e-02, -4.5431e-02,
        -2.2246e-01,  1.2106e-01,  2.8509e-01, -2.7213e-01,  8.3814e-02,
        -1.9153e-01, -2.1372e-01,  2.7515e-02, -2.3419e-01,  5.6832e-02,
         1.5352e-02,  4.8661e-02,  6.6445e-02, -7.9033e-02, -2.0521e-01,
         3.6596e-02,  2.0070e-01,  1.7620e-01, -8.8042e-02, -2.0916e-01,
        -2.2043e-01, -1.9090e-01,  1.8752e-01, -1.2610e-02, -7.4163e-02,
         1.9575e-02,  4.0433e-02, -1.8723e-01,  1.2063e-01, -4.2165e-02,
         3.7661e-02,  1.5789e-01, -3.3666e-02,  2.2860e-01, -1.0994e-01,
        -5.4117e-02,  1.9006e-01, -8.3001e-02,  2.6567e-01,  2.3071e-01,
         4.1349e-01, -6.3261e-01, -5.9382e-01, -8.9891e-01,  1.6880e-01,
        -3.1151e-01,  8.1521e-01, -6.0915e-01,  2.1710e-01, -3.0263e-01,
        -1.0044e-01,  4.5175e-01, -3.8336e-01,  4.8807e-01, -4.6594e-01,
        -8.2502e-01, -8.0723e-01, -1.9004e-01, -5.5452e-01,  4.8955e-01,
        -2.8205e-01, -4.9672e-01,  4.5988e-01, -8.5784e-02,  5.0244e-01,
         4.4091e-01,  2.9922e-01, -3.5458e-01, -1.2658e-01, -2.8089e-01,
         3.6081e-01,  2.0486e-01, -6.1826e-01, -1.5736e-01, -8.4780e-01,
        -8.5111e-01, -6.8060e-03, -1.9719e-01, -2.4397e-01, -6.2998e-01,
        -4.7127e-01, -4.8599e-01,  6.4321e-01, -4.8868e-01, -1.5657e-01,
         6.8199e-01,  7.4887e-01, -5.0288e-02,  5.4748e-01,  8.3622e-01,
        -9.2224e-02, -3.2122e-01,  1.8221e-01, -8.0165e-01,  4.8828e-01,
         8.5303e-01, -2.2823e-01,  6.6656e-01,  4.1459e-01, -6.6293e-01,
         4.9362e-01, -2.7606e-01,  6.2750e-01, -2.8847e-01,  4.4448e-01,
         5.5863e-01, -3.1310e-01,  2.6226e-01,  5.2498e-01, -5.4632e-01,
         1.4162e-01, -4.7245e-01, -7.3424e-02, -3.5013e-01,  7.3865e-01,
         3.6625e-01,  3.2831e-01,  2.5162e-01,  2.2653e-01, -5.9836e-01,
        -4.6113e-01,  3.0506e-01, -4.3279e-01, -1.1117e-01,  7.7891e-01,
        -3.5883e-02, -5.5222e-01, -1.9381e-01,  7.6488e-01,  6.8217e-01,
         6.6325e-01,  4.6205e-01,  5.0095e-01,  1.2334e-01,  6.5313e-01,
         6.6654e-01,  1.1463e-01,  7.4053e-01, -2.4760e-01, -1.9647e-01,
         5.2388e-01,  3.1805e-02, -8.6719e-01,  6.0793e-01,  2.3393e-01,
         7.1584e-01, -5.4010e-01,  6.5136e-02, -6.4791e-01,  5.6391e-01,
         1.5822e-01,  6.1544e-01, -7.9758e-01,  7.6099e-01, -6.6931e-01,
         1.2167e-01,  6.1007e-01,  8.2416e-02,  6.8354e-02,  6.5188e-01,
        -4.3403e-01, -7.8210e-01,  3.5050e-01,  3.1707e-01,  2.4051e-01,
         2.9845e-01,  3.4297e-02,  8.0949e-01,  2.3140e-01,  1.4147e-01,
        -4.7149e-01, -8.1156e-01, -7.6787e-01, -1.4809e-01, -7.1425e-01,
         2.1017e-02,  9.5541e-02,  8.3339e-02,  7.4760e-01, -1.9908e-01,
        -8.6622e-01, -2.7981e-01,  5.2905e-01,  1.2687e-01,  5.0876e-01,
         2.0490e-01,  8.6709e-01,  7.2903e-01, -1.9007e-01, -6.9202e-01,
         8.4424e-01, -3.3504e-01, -5.6783e-01,  8.0176e-01,  7.1872e-01,
        -3.6873e-01, -1.4315e-01,  7.5051e-01, -5.9840e-01,  3.3755e-01,
         8.5990e-01, -5.8633e-03, -1.9880e-01, -2.9374e-01, -7.4737e-01,
        -1.7765e-01,  7.9913e-01,  1.9867e-01, -1.8873e-01,  2.1002e-02,
        -9.2930e-01,  8.0001e-01, -1.2758e-01,  7.2948e-02, -3.3011e-01,
        -8.2219e-01, -1.5872e-01, -7.1864e-01,  6.0346e-01, -3.5711e-01,
         6.7964e-01, -2.5000e-01, -3.7628e-01, -3.4186e-01, -8.3997e-01,
         5.9176e-01,  2.3475e-01,  6.4167e-01,  8.1919e-01,  2.9763e-01,
        -1.7744e-01, -1.2722e-01,  5.2532e-01, -6.1844e-01,  5.7991e-01,
        -3.0257e-01,  5.9925e-01,  2.2562e-01,  1.2109e-01,  1.7350e-01,
        -7.2131e-01,  4.7890e-02,  1.3999e-01,  1.3480e-01, -5.8312e-01,
         2.0459e-01, -8.2070e-01,  2.9877e-01, -5.1348e-01, -7.4873e-01,
         3.5973e-01,  3.4004e-01, -3.8710e-01,  2.7759e-01, -4.2798e-01,
        -4.4854e-01,  3.1543e-01, -7.3774e-01,  6.1958e-01,  2.9173e-01,
         6.6112e-01,  3.5525e-02,  5.1561e-01, -8.5390e-01,  8.5609e-01,
         4.4541e-01, -3.4359e-01, -4.7457e-02, -5.8734e-01,  2.1140e-01,
         3.2546e-01,  3.9618e-01,  7.3963e-01,  5.3910e-01,  1.1128e-01,
        -7.1161e-01, -7.8555e-01,  8.0366e-01, -1.9755e-01,  7.4562e-01,
         3.7630e-01,  7.7167e-01, -8.5856e-01, -7.6999e-01,  5.7498e-01,
        -6.9462e-01,  8.0736e-01, -2.0155e-01,  8.6357e-01, -5.2022e-01,
         7.1159e-04,  1.6819e-02, -4.5184e-01,  4.7252e-01,  6.1617e-01,
        -2.8170e-02, -6.9944e-01, -1.3547e-03, -2.8622e-01, -1.1888e-01,
         9.3536e-02,  5.9729e-01,  2.2526e-01, -2.8310e-01, -3.6577e-02,
        -4.3620e-01, -1.8735e-01, -4.7850e-01,  1.5335e-01, -3.2517e-01,
        -2.2583e-01,  4.3792e-01, -5.1368e-01, -6.8401e-01, -2.5993e-01,
         4.5017e-01,  2.1351e-01, -7.7670e-02, -1.1693e-01,  4.6068e-01,
        -2.4245e-01,  1.1593e-01,  1.2373e-01, -4.1816e-01,  5.1394e-02,
        -1.7261e-01, -5.8801e-01, -2.3187e-03,  4.6961e-01, -5.2424e-01,
        -1.2247e-01,  4.0562e-02, -3.4949e-01,  5.6936e-01,  1.0112e-02,
         2.1988e-02, -3.9131e-01, -1.0693e-01,  9.6246e-02, -5.1537e-01,
         2.4862e-01, -1.6937e-01,  1.0082e-01,  3.0258e-01,  2.5626e-01,
        -3.8992e-01,  8.9281e-02,  1.4509e-01,  2.4175e-01, -6.3404e-01,
        -1.2670e-01, -6.2582e-01, -4.3579e-01, -5.5882e-01,  1.7199e-01,
         3.8327e-01, -4.7441e-01, -1.4295e-01,  2.7671e-01, -2.8545e-01,
        -5.1708e-01,  2.5387e-01,  3.2561e-01, -5.1026e-02, -8.0001e-03,
         5.1417e-01, -1.6807e-01,  6.9364e-01,  2.5835e-01, -2.0535e-01,
        -4.5542e-01, -4.1256e-01,  1.5122e-02, -2.3200e-01, -1.5807e-01,
        -1.6281e-01, -4.8273e-01, -5.9431e-01,  1.5098e-01, -3.8626e-01,
        -2.1268e-01, -1.8738e-01, -4.6817e-01,  5.7384e-01,  3.5904e-01,
         1.6473e-01, -6.6931e-03,  2.2789e-01,  2.5540e-01, -5.3169e-01,
         4.3376e-01,  7.5287e-02, -6.5729e-01, -5.0922e-01, -1.9591e-01,
        -2.2609e-01,  1.8315e-01,  3.1036e-01,  1.2665e-01, -6.7199e-01,
         3.2608e-01, -1.3553e-01, -4.7891e-01, -8.0358e-02,  1.0977e-01,
         2.4271e-01,  1.6414e-01, -2.8673e-01, -3.1371e-01, -1.2054e-01,
        -9.5344e-02,  5.8162e-02, -4.9355e-01, -6.3452e-01, -2.9555e-01,
        -4.1026e-01,  1.0475e-01,  1.7354e-01, -2.3483e-01, -5.7333e-01,
        -6.7548e-02, -1.0487e-01,  9.1624e-02,  1.6010e-01, -2.0724e-02,
        -4.0676e-01, -1.5593e-01, -4.7881e-01, -3.0948e-01,  1.8060e-01,
         5.3113e-01,  8.6462e-03, -7.3069e-01,  5.1046e-01, -1.9010e-01,
         1.8451e-04, -2.0191e-01,  2.5271e-01,  3.2732e-01, -4.5664e-01,
         4.9233e-01, -2.2581e-01,  3.1607e-01, -5.2970e-01, -4.1860e-01,
        -2.4899e-01,  6.5842e-01,  4.4250e-01, -6.2541e-01,  1.1830e-02,
         5.8631e-01,  5.2354e-01,  3.0040e-01, -1.3817e-01, -7.1350e-01,
        -7.1973e-01,  3.4506e-01,  2.3457e-01,  2.3512e-01, -4.6045e-01,
         1.7487e-01, -6.5252e-01, -1.6189e-01, -1.1059e-01, -5.7971e-01,
         1.5382e-01, -1.6799e-01,  4.1979e-01, -1.1537e-01, -4.3684e-01,
        -5.3948e-01,  5.9160e-01,  4.4020e-01, -5.5582e-01,  2.9869e-01,
        -6.2556e-01, -3.2382e-01, -1.7314e-01,  3.8958e-03, -5.5425e-01,
         6.9016e-02,  7.2693e-01,  4.6504e-01, -4.7964e-01,  3.5607e-01,
         1.3033e-01, -9.5020e-02,  1.0676e-01,  3.1004e-01, -1.2014e-02,
         1.7115e-01, -1.2424e-01,  6.1027e-01,  4.5836e-02,  3.2309e-01,
        -4.8605e-01,  1.7425e-01,  2.6600e-01,  1.2566e-01,  5.0591e-01,
        -8.9251e-02,  2.6057e-01, -4.6535e-01,  1.1545e-01,  1.7462e-01,
        -5.1742e-01, -4.0783e-02,  1.2436e-01, -1.4552e-01, -4.3205e-01,
        -5.3004e-02, -4.7852e-01,  1.4936e-01,  1.9474e-01,  2.2816e-01,
        -1.2937e-02, -1.1804e-01, -8.3162e-02, -3.0067e-01, -1.8977e-01,
         5.7795e-02,  3.8762e-01,  3.1698e-01, -4.9484e-01, -1.6157e-02,
        -4.9811e-01,  3.2595e-01,  1.7162e-01,  4.4992e-02, -6.2124e-01,
         4.3203e-01,  1.2321e-01,  5.4165e-01, -5.0078e-01,  3.4717e-02,
        -5.3382e-01, -6.1564e-01, -5.8489e-01, -2.3203e-02, -1.6231e-01,
        -7.8383e-01, -3.9307e-01,  7.0894e-01, -4.0801e-01,  7.7823e-01,
        -7.6398e-01,  5.8893e-01,  6.3427e-01, -5.8201e-01, -5.3347e-01,
         4.8775e-01, -2.3627e-01, -6.3549e-01,  5.0122e-01, -7.8967e-01,
         1.6244e-01, -7.9642e-01, -8.0019e-01,  1.3899e-01,  8.2273e-01,
         7.5592e-01,  3.7106e-01,  8.3348e-01, -6.9810e-01, -1.3700e-03,
         4.5808e-01, -2.1090e-01,  3.3472e-01, -5.9063e-02, -7.1741e-01,
        -8.1854e-01,  3.6567e-01, -6.4742e-01,  3.0661e-01, -5.6133e-01,
        -1.9764e-01,  6.7031e-01,  8.7432e-01,  3.9924e-01, -7.3855e-01,
         7.7815e-02,  5.4299e-01, -5.3753e-01, -4.1292e-01, -5.8299e-01,
         8.6793e-02,  1.0234e-01,  6.2449e-01,  8.1192e-02, -6.3543e-01,
         4.5130e-01,  2.2388e-01, -8.4170e-01,  2.5655e-01,  5.7253e-01,
        -6.6659e-02,  4.8791e-01,  2.5713e-01, -7.4437e-01, -5.6950e-01,
        -6.1377e-01,  2.0259e-01,  1.6659e-01, -1.7486e-01, -8.4525e-03,
        -5.3312e-01, -6.9574e-02,  3.8156e-01,  7.7952e-01, -3.8246e-01,
        -4.4516e-01, -3.1103e-01, -3.8819e-02,  4.9856e-01, -1.7575e-01,
         4.2397e-01,  8.9406e-01,  1.4135e-01,  4.1010e-01, -6.9831e-01,
         7.7749e-01, -8.9490e-02,  8.4740e-01, -3.7409e-01,  3.1323e-01,
         6.3173e-01, -2.5371e-02,  4.0591e-01,  7.9391e-01,  3.0864e-01,
        -7.5923e-01, -4.7410e-01, -4.5884e-01,  6.8789e-01, -1.6782e-01,
         4.9831e-01, -9.2980e-01,  5.3568e-01, -4.3017e-01,  7.7517e-02,
         8.9337e-01, -5.1939e-01, -1.9476e-01, -5.3772e-01, -7.5878e-01,
        -8.4579e-01,  1.8609e-01,  6.9199e-01, -4.4527e-01,  7.3038e-02,
        -5.7332e-01,  6.2063e-01, -2.6400e-01,  5.1712e-01,  3.4286e-01,
         2.9933e-01, -6.5569e-01, -3.3946e-01, -4.2801e-01,  7.0896e-01,
         3.5804e-01, -5.1058e-01,  3.2847e-01, -5.5764e-01,  3.2528e-01,
        -4.5719e-01, -6.4589e-01, -2.2821e-03, -2.0460e-01, -8.0564e-01,
        -6.4442e-01,  2.1425e-01,  5.3068e-01,  6.8222e-01, -4.6367e-01,
        -7.2125e-01,  4.2341e-01,  1.6928e-01,  2.2742e-01,  7.3696e-01,
         3.7260e-01,  8.2167e-01,  7.8369e-02,  7.7229e-01,  4.8039e-02,
         8.4405e-01, -8.6506e-01,  5.2933e-01,  7.6998e-01, -6.3264e-02,
        -2.3228e-01,  6.5364e-01, -1.5303e-01, -2.7982e-01,  2.5608e-01,
        -6.5171e-01, -1.8198e-01,  6.9648e-01, -4.5943e-01, -5.8531e-01,
        -6.6385e-01,  6.7337e-02, -4.9060e-01,  9.9413e-02,  7.0720e-01,
         6.1761e-01, -5.3650e-01,  3.3130e-01, -5.6792e-01, -7.4363e-01,
         6.9463e-01,  8.7143e-01,  8.4666e-01, -6.6652e-01, -2.5494e-01,
         5.5848e-01, -7.2535e-01,  1.9622e-01, -5.3205e-01, -5.9582e-01,
         3.2633e-01, -4.4775e-01, -4.7416e-01,  3.2465e-01, -7.2399e-01,
        -5.5499e-01,  7.9260e-01,  4.9884e-02, -4.2605e-01, -6.5343e-01,
         8.3556e-01, -3.7302e-01,  4.3304e-01, -7.0611e-01,  7.6321e-01,
        -5.4380e-01,  1.4682e-01,  4.0167e-01,  6.1210e-01,  2.0142e-01,
         4.7122e-01, -3.5979e-01, -5.5082e-02,  2.2322e-01, -6.0433e-01,
        -5.4531e-01,  6.9359e-01, -4.9807e-01, -2.7091e-01, -4.1312e-01,
         8.4502e-01, -9.1589e-02,  3.4504e-01, -7.1894e-01,  3.2505e-01,
         4.8762e-01, -5.0332e-01,  4.6606e-01, -5.9701e-01,  6.0606e-01,
        -1.4260e-01, -1.7161e-01,  7.2719e-01,  1.1338e-01,  3.3952e-01,
        -3.5659e-01,  8.0574e-01, -5.0499e-01, -1.8738e-01, -1.2920e-01,
         6.2528e-02, -4.9116e-01, -6.8445e-01,  3.5525e-01,  1.5864e-01,
        -1.9324e-01,  8.8291e-01,  4.8479e-01, -7.2156e-03, -4.1997e-01,
         6.6830e-01,  8.6616e-01,  4.0541e-02, -5.7990e-01,  1.0424e-01,
        -5.8073e-01, -7.9035e-01,  5.7274e-02,  8.9841e-01, -2.8704e-01],
       device='cuda:1')
R 状态矩阵： torch.Size([5000, 1000])
r0 初始状态： tensor([-2.6596e-01,  2.1871e-01,  2.7580e-01, -2.1094e-01,  1.7892e-01,
        -2.5498e-01,  5.1291e-02,  1.0758e-01, -3.7020e-01, -3.3905e-01,
         1.6082e-01, -6.9050e-03, -1.9531e-01,  2.1117e-01, -1.4706e-02,
        -2.9229e-01, -1.2891e-01,  3.2996e-01,  2.4405e-01, -8.9060e-02,
         4.0957e-01,  3.3908e-01, -2.8231e-02, -9.9980e-02, -6.0068e-02,
         1.7805e-01, -1.7091e-01, -5.0658e-02,  3.2449e-01,  9.5672e-02,
        -6.4850e-02,  1.3212e-01, -3.2696e-01,  3.1127e-01, -4.3443e-01,
         4.1072e-01, -2.7918e-01, -3.5417e-01, -9.9203e-02,  4.5398e-03,
         9.3606e-04, -2.4076e-01, -2.6636e-01, -3.4900e-02,  1.9782e-01,
        -1.7797e-01, -9.7171e-02, -3.1872e-01, -1.7555e-01, -2.6400e-01,
         3.6817e-01,  2.6113e-01, -1.9291e-02, -1.0909e-01,  3.6881e-01,
        -8.5024e-02,  5.6463e-01, -2.5016e-01,  1.4288e-01,  3.7426e-01,
        -5.2554e-01,  1.7633e-01,  5.7924e-02, -4.5785e-01,  3.4572e-01,
        -1.1177e-01,  1.2286e-01, -2.9758e-01,  4.8369e-01, -4.9022e-01,
        -6.8324e-02, -1.4430e-01, -4.9770e-01, -4.7352e-01,  3.2255e-01,
        -1.0354e-01, -7.9096e-02, -4.6590e-01,  3.1421e-01, -3.0444e-02,
         4.4382e-01,  2.6915e-01,  3.2514e-01, -2.6073e-01, -3.2054e-01,
         1.5107e-01,  9.6993e-02, -1.0078e-01, -2.9196e-02, -4.4186e-01,
         5.6940e-02,  1.0914e-01,  2.4351e-01,  2.0371e-01, -6.0106e-02,
        -2.1498e-01,  1.3088e-01,  3.1844e-02, -2.4143e-01, -3.6122e-01,
        -3.5119e-02, -3.0668e-01, -2.1388e-01,  1.8231e-01,  3.1169e-02,
         1.6636e-01,  2.8875e-01,  4.0858e-01, -3.8303e-01,  3.8707e-01,
        -4.1297e-01, -2.2930e-01, -1.1780e-01, -3.9946e-01,  2.5837e-01,
         4.2191e-01,  1.0527e-01, -5.5797e-02,  2.0125e-01,  1.1559e-01,
        -5.7367e-01,  1.8011e-01,  4.3799e-01, -4.9282e-01,  1.3891e-01,
         3.6055e-02,  1.6151e-01,  1.0681e-01,  1.5443e-01,  1.4861e-01,
         2.1034e-01,  1.2323e-01,  5.1155e-01, -1.4254e-01,  2.8614e-01,
         6.1119e-02, -2.5735e-01, -1.8617e-01,  8.7509e-02, -2.7212e-01,
        -1.7814e-02,  3.5649e-01,  9.6418e-02, -2.6718e-02, -3.5935e-01,
         1.3965e-01, -8.9305e-02, -1.1792e-01, -4.9509e-02,  1.8174e-01,
         3.1242e-01,  1.9217e-01,  2.6193e-01, -6.8402e-02,  1.3585e-01,
        -1.4959e-01,  5.5514e-01,  1.1710e-02,  5.3016e-02,  2.2489e-01,
        -3.1576e-01,  3.7655e-01,  8.8774e-02, -4.2196e-01, -5.9804e-02,
         4.9888e-01, -4.5131e-02,  5.5684e-02, -4.4195e-01,  1.0133e-02,
         2.3959e-01,  2.0103e-01,  1.9768e-01,  1.8560e-01,  1.2034e-01,
        -1.0867e-01,  4.0503e-01, -3.2909e-01, -1.3598e-01, -4.5124e-02,
         2.4433e-01, -1.2945e-01,  3.2817e-02,  2.5529e-01,  2.3001e-01,
        -3.1274e-01,  8.9806e-02,  9.8257e-02, -1.7952e-01, -1.3548e-01,
        -1.0874e-01,  4.1895e-01,  3.8770e-01,  2.3530e-02,  2.2940e-01,
         3.1161e-01,  2.6842e-01, -5.3547e-02,  2.6462e-01, -2.7784e-01,
         1.7064e-01, -4.4459e-02, -4.5020e-01,  1.9025e-01,  2.0014e-01,
         1.2617e-01, -5.3850e-02, -5.0354e-01, -2.2357e-01,  8.0320e-02,
        -4.7256e-01,  1.7182e-02,  3.1258e-01, -3.2650e-01,  7.8091e-02,
        -1.2203e-01, -3.2862e-01,  2.2361e-01, -1.8401e-01,  2.8849e-01,
         2.6614e-01, -8.9392e-02,  3.9174e-01, -3.2384e-01, -1.8988e-01,
         3.4387e-01,  2.5251e-01,  2.0593e-05,  1.0337e-01,  1.9091e-01,
         1.1744e-01, -7.3605e-02,  3.3230e-01,  4.3644e-03, -1.6978e-01,
         2.2451e-02, -1.4577e-02, -4.4445e-01,  2.7209e-01,  4.9538e-01,
        -1.7213e-01, -1.2696e-01,  2.0052e-02, -2.9985e-01,  3.8582e-01,
         8.5322e-02,  1.9408e-01, -3.1449e-01, -1.9863e-01, -1.8602e-01,
         9.6224e-02,  5.4122e-02,  1.0887e-02, -4.6482e-02, -1.0246e-01,
        -1.5049e-01, -4.3755e-02, -3.1623e-02,  5.1747e-03,  6.9317e-02,
        -1.4619e-01, -1.1151e-01,  1.0131e-01,  2.1993e-02, -7.9458e-03,
         1.3107e-01,  1.2707e-02,  1.4835e-01, -6.7258e-02,  1.0735e-01,
        -4.9721e-02,  9.3813e-02, -2.2658e-02, -2.0907e-02,  1.1903e-02,
        -7.1870e-02, -2.8171e-02,  4.9617e-02, -4.2984e-02, -1.2002e-01,
         1.1985e-03,  3.2222e-03,  2.6809e-02, -1.0497e-01,  3.0946e-02,
         3.9927e-03,  6.6627e-03, -1.4999e-01, -7.7897e-02,  9.9525e-02,
        -2.0461e-02, -1.5177e-01,  8.5029e-02,  3.0212e-02, -1.0836e-01,
        -2.7841e-02, -8.3618e-02,  4.4337e-02,  9.5162e-02,  1.0886e-01,
         3.1278e-02,  8.5984e-02,  8.4054e-02, -5.6911e-02, -5.0901e-02,
        -4.2010e-02, -1.2591e-01, -2.4025e-02, -6.1184e-02,  1.9963e-02,
        -3.5430e-02,  5.9465e-02, -4.0056e-02, -2.6217e-02, -1.2357e-01,
         1.8409e-02, -1.3153e-02,  1.0761e-01,  2.8232e-02, -3.7432e-02,
        -1.2464e-01, -7.8806e-03, -8.7552e-02, -1.2850e-01, -1.3460e-03,
        -2.6751e-03,  1.9109e-03, -2.1987e-03,  1.8816e-02, -4.0576e-03,
         2.5049e-02,  1.0883e-01,  7.0042e-02, -4.4096e-03,  3.2084e-02,
        -3.0116e-02,  6.5494e-03, -3.1420e-02,  6.8894e-02, -1.1630e-01,
        -8.6382e-02,  2.5127e-02, -1.1145e-01, -1.0515e-02,  1.0472e-02,
         7.2615e-02, -9.4958e-02,  8.2248e-02, -4.0310e-02,  8.8074e-02,
        -8.6423e-02,  1.4468e-01, -9.3210e-02,  4.8198e-02, -1.4408e-02,
        -8.2138e-03,  9.1986e-02,  1.3138e-01, -1.0589e-01, -4.0337e-02,
        -1.2071e-01, -2.1985e-02, -3.7374e-02, -1.4707e-01, -7.0189e-02,
         1.4015e-01,  5.0701e-02, -9.1586e-02, -7.0782e-02,  1.0570e-01,
        -1.2762e-02, -8.8091e-03,  5.6466e-03,  8.4430e-02,  7.3681e-02,
        -1.2129e-01, -8.9806e-03, -1.0452e-02, -1.4487e-01, -1.0525e-01,
         1.0679e-02,  7.6028e-02,  9.5789e-02,  8.4972e-02,  1.2457e-01,
        -1.1662e-02, -6.0110e-02, -9.4911e-03,  2.3714e-02,  6.7532e-02,
         1.5901e-01,  7.0478e-03, -4.3326e-02, -1.2527e-01, -8.9903e-02,
        -2.3476e-02, -5.1113e-02, -4.3621e-02, -4.2951e-02,  2.3712e-02,
         4.0088e-02,  6.6950e-02,  1.2633e-01,  4.0170e-02, -6.7615e-02,
         6.1766e-02,  1.4411e-01, -4.6612e-02, -1.9520e-02, -8.6822e-02,
        -4.6101e-02, -6.3297e-02, -1.1137e-01,  1.5151e-02, -1.6713e-02,
        -1.0059e-01,  3.9989e-02,  8.7977e-02, -1.3330e-01, -1.0463e-01,
        -3.1007e-03,  2.9475e-02, -6.1841e-02, -1.2244e-02, -1.5373e-01,
        -4.9264e-02,  8.2437e-02,  1.2670e-01,  1.4276e-01,  6.3429e-02,
         3.9442e-03,  3.4601e-02,  4.1623e-02, -1.9092e-02,  1.3952e-01,
         1.7074e-02, -1.4803e-01,  2.4630e-02,  6.1722e-02,  1.5737e-02,
         5.6112e-02, -5.4690e-02,  1.5175e-02, -5.1321e-03,  5.3851e-02,
        -7.2021e-02,  6.6528e-02, -2.0643e-02, -1.8799e-01,  1.9193e-02,
        -1.4976e-01,  1.4699e-01, -1.2095e-01, -5.3425e-02, -3.1529e-02,
         1.0253e-01, -3.7658e-02,  7.5600e-02,  1.1365e-01,  1.4375e-01,
         1.1783e-02,  5.0903e-02, -5.9276e-02, -3.7170e-02,  9.6552e-02,
        -6.1126e-02, -1.2412e-02,  1.7299e-02, -1.1255e-01,  1.8291e-02,
         9.4247e-03,  3.8632e-02,  1.9424e-02,  3.6362e-02,  2.1305e-02,
         7.0789e-02, -1.4526e-02,  8.9279e-02,  8.1993e-02,  1.8571e-02,
         5.8142e-02, -1.3078e-01,  4.0139e-02,  1.0519e-02, -7.3570e-02,
        -1.3531e-01,  1.7316e-02,  9.3294e-02, -2.7839e-02,  7.7634e-02,
         7.5018e-02, -1.8482e-02, -1.1750e-01,  5.5704e-02, -2.1195e-02,
        -1.1570e-01, -1.8949e-02,  1.3368e-02,  1.0495e-01,  4.4215e-02,
        -5.3112e-01, -9.0207e-01, -5.4189e-01, -7.7117e-01, -4.8239e-01,
        -5.7974e-01,  6.5828e-01, -5.1950e-01, -1.6573e-01, -2.6139e-01,
        -3.2816e-01, -1.6850e-01,  1.6206e-01, -2.9077e-03,  8.0843e-01,
         2.0612e-01,  3.9127e-01, -2.5057e-01, -6.9115e-01,  4.9695e-01,
        -2.1522e-01,  3.2230e-01, -5.3901e-01,  5.7407e-01, -4.2576e-02,
         1.6809e-01, -4.5131e-01, -1.3848e-01,  6.6482e-01,  8.7622e-01,
        -3.1993e-01,  7.3554e-01,  8.0536e-01,  8.0425e-01, -7.8958e-01,
         1.3548e-01,  5.0827e-01,  5.3283e-01, -5.9333e-01,  6.9989e-01,
         2.7664e-01, -7.8608e-01, -6.2118e-01, -8.1017e-01, -2.4932e-01,
        -7.3635e-01,  4.7274e-01,  2.4976e-02,  2.7352e-01, -4.1655e-01,
        -4.4607e-01, -2.0849e-01, -1.3335e-01,  6.2245e-01,  1.0448e-01,
        -4.0125e-01,  6.0984e-01, -5.7314e-01, -5.8644e-01,  7.9335e-01,
        -6.5118e-01,  1.4240e-02,  6.4541e-01,  4.9635e-01, -6.7773e-01,
         3.3549e-02, -1.7221e-01, -8.4331e-01, -1.4266e-01, -1.9512e-01,
        -3.4905e-01, -2.0736e-02, -1.0648e-01,  4.1481e-02,  7.7603e-01,
        -3.1529e-01, -5.4186e-01,  7.9381e-01, -6.8313e-01,  2.4650e-01,
         5.5092e-01,  6.6882e-01, -7.4059e-01, -5.2758e-01,  2.7802e-01,
        -7.4723e-01,  2.5981e-01,  8.0052e-01, -2.2457e-01, -4.0472e-01,
         2.6559e-01,  5.8025e-01, -5.3666e-01,  5.2918e-01, -1.1784e-01,
        -4.6139e-01, -2.1198e-01, -7.6078e-01, -1.1971e-01,  4.0467e-01,
        -5.3697e-01,  4.6402e-02,  4.1895e-01,  5.9519e-01,  1.3415e-01,
         3.3154e-02, -4.3542e-01, -6.4718e-01,  5.6107e-02, -6.3915e-02,
         7.7109e-01, -2.0023e-02, -9.3872e-03, -4.7159e-01, -8.4666e-01,
         3.7128e-01, -2.9415e-01,  5.4666e-01,  4.8829e-02, -4.9726e-01,
        -5.7179e-01, -4.6612e-01, -2.0619e-02, -5.5706e-01, -7.0649e-01,
         3.6368e-01,  5.6304e-01,  1.4329e-01,  7.2506e-01,  6.2277e-01,
        -3.4898e-01,  1.0006e-01,  8.2729e-01,  2.2761e-01,  6.0092e-01,
         5.5239e-01, -7.0482e-01,  4.1865e-01, -8.0946e-01, -1.3812e-01,
        -3.6253e-01, -6.2775e-01,  1.9508e-01,  4.4784e-01, -4.0146e-01,
        -2.5442e-01,  8.2381e-01, -3.6884e-01, -6.1387e-01, -5.6477e-02,
         5.7308e-01,  1.0340e-01, -6.4562e-01,  2.8926e-01, -7.9317e-01,
         6.9256e-01,  5.6310e-01, -5.0252e-01, -2.3258e-01,  7.7050e-01,
         5.3759e-02, -7.3379e-01,  4.5637e-01,  4.5111e-01, -7.1449e-01,
         3.5364e-03,  3.7558e-01, -4.7422e-01,  4.5625e-02, -5.4744e-01,
         2.6750e-01, -1.2414e-01, -1.1030e-01, -6.9938e-01,  6.5255e-01,
        -7.1746e-01,  1.3527e-01,  7.6611e-01, -1.4516e-01,  6.3975e-02,
        -3.9097e-01,  7.5078e-01, -6.5806e-01,  6.9894e-01,  2.2977e-01,
        -8.2377e-01, -9.5346e-02, -8.7186e-01, -4.3103e-01, -2.1633e-01,
         5.8958e-01,  7.4588e-01,  5.4840e-01, -4.8634e-01,  4.0869e-01,
         4.4006e-03,  7.2536e-02, -1.8363e-01,  7.5644e-01, -6.6690e-01,
        -4.7407e-01,  5.2106e-01, -8.2170e-01, -3.8927e-01, -5.7741e-01,
        -1.1415e-01, -5.9705e-01, -4.5911e-01, -3.1843e-02,  5.4160e-01,
        -4.3268e-01,  3.5340e-01, -5.7810e-01, -2.5908e-01, -2.8862e-01,
        -1.1037e-01,  6.0571e-01,  3.9155e-01,  3.3163e-01, -2.8618e-01,
         2.5533e-01, -2.1891e-02,  4.5394e-01, -1.7466e-01,  6.0981e-01,
        -4.3381e-01, -3.2504e-01,  3.3156e-01, -3.9361e-01, -4.4212e-01,
         8.3744e-01, -1.6918e-01, -9.0641e-02, -1.6002e-01, -6.1538e-01,
         6.3328e-01,  8.2479e-03,  4.1605e-01,  6.4285e-01, -2.7921e-01,
         8.5206e-01, -1.7849e-01,  4.3031e-01,  7.5557e-01, -3.0884e-01,
         4.9001e-01,  4.1339e-01,  6.3532e-01, -7.3823e-01, -8.6198e-01,
         3.6527e-01, -2.6085e-01, -2.9586e-01, -1.5908e-01, -3.1832e-02,
        -3.0451e-01, -7.6135e-01,  7.4649e-01,  2.9375e-01,  4.0558e-01,
         3.1732e-01,  6.9118e-01,  5.6459e-01,  8.0079e-01,  9.4330e-02,
        -8.9472e-01,  4.5507e-01, -7.0381e-01, -1.8094e-01, -6.7629e-02,
        -5.6323e-01,  2.2628e-01,  3.4606e-01,  6.8896e-01,  1.5829e-01,
         1.4932e-01,  6.7879e-01,  2.3586e-01,  9.2098e-01, -5.1062e-01,
        -6.0235e-01, -6.9929e-01, -2.0966e-01, -3.3421e-01, -9.6620e-01,
         3.3119e-01,  5.4170e-01, -8.0802e-01,  5.3175e-01,  7.9748e-01,
         2.4303e-01, -6.7379e-01, -3.6048e-01,  4.8775e-01,  7.3528e-01,
        -4.5423e-01,  1.6859e-01, -1.1091e-01, -1.8374e-01,  8.6355e-01,
         8.3804e-02, -5.1686e-01, -6.7844e-01, -7.0881e-01, -6.9179e-01,
        -5.1959e-01, -3.8647e-01,  2.4212e-01, -1.5137e-01, -4.8761e-01,
         1.3045e-01,  5.2975e-01,  4.2595e-01, -3.1740e-01,  7.4104e-01,
        -7.1774e-01, -6.6724e-01, -2.7519e-01,  7.4572e-01,  3.8486e-01,
         3.9998e-01, -1.7273e-02, -4.8048e-01, -2.4958e-01, -7.8279e-01,
         1.1991e-01,  4.4266e-01, -9.2173e-01, -6.8643e-01,  6.6554e-01,
        -6.0630e-01, -4.9416e-01, -3.0903e-01,  4.4728e-01, -3.4326e-01,
         2.0832e-01, -7.7849e-01,  5.3132e-01, -1.1678e-01,  5.1854e-01,
        -6.9987e-02,  7.7701e-01,  6.5258e-02, -1.3858e-01, -1.9009e-01,
        -4.3882e-01, -8.3768e-01, -4.8735e-01,  5.1943e-01,  8.2006e-01,
        -3.9584e-02, -1.3398e-01, -7.1876e-01,  7.2284e-01,  2.8479e-01,
         3.8817e-01, -7.7945e-01,  6.0499e-01, -8.4248e-02,  5.6748e-01,
        -7.0018e-01,  4.9661e-01,  5.0648e-01, -8.0790e-01, -7.8631e-01,
         5.0321e-01,  4.1511e-01,  3.5440e-01, -1.9082e-01, -8.7612e-01,
         6.9212e-01,  1.3625e-01,  3.0058e-02, -5.4938e-01,  4.6448e-01,
         6.4241e-01, -8.2252e-01,  1.6981e-01,  6.1710e-01, -1.1850e-02,
        -4.1032e-01, -1.6288e-01,  7.0462e-01,  4.6133e-01,  4.2480e-01,
         1.1256e-01,  2.0912e-01, -7.3065e-01, -3.7710e-01, -4.4856e-01,
        -6.6687e-01,  2.8339e-01, -2.5378e-01,  5.2065e-01,  3.7121e-01,
         1.5498e-01, -1.4068e-01,  1.2917e-01, -7.0679e-01, -8.3668e-01,
        -2.3987e-02, -2.9558e-01,  5.4847e-01,  1.4477e-01,  3.7298e-01,
        -5.6992e-03, -2.8899e-01,  7.6994e-01,  6.9844e-01, -1.7989e-01,
        -2.8366e-01, -6.8523e-01, -7.9926e-01, -4.7021e-01, -7.7425e-01,
        -4.8489e-01, -7.8044e-01,  3.6638e-02,  4.8152e-01,  5.6823e-01,
         7.3855e-01,  5.8342e-01,  6.1272e-01, -2.3308e-01, -7.3038e-01,
         5.3270e-01, -6.0772e-01,  2.3974e-01, -8.1097e-01,  3.2494e-01,
         8.3563e-02, -7.9266e-01, -1.9395e-01,  3.1993e-01,  6.2205e-01,
         5.7622e-01,  4.8232e-01, -7.0505e-01, -8.7720e-01, -5.9428e-01,
        -6.7210e-01, -5.1711e-01, -1.8233e-01,  8.0839e-01, -2.3064e-01,
         4.6343e-01,  1.8659e-01,  5.4188e-01, -5.6173e-01,  6.2534e-01,
         6.6782e-01, -3.0227e-01,  4.3621e-01, -5.3598e-01, -6.2240e-01,
         7.1135e-02, -8.2685e-01, -4.9078e-01,  2.7145e-01,  7.3530e-01,
        -1.1712e-01, -8.7651e-01, -5.6924e-01,  8.1226e-01, -2.5618e-01,
        -1.7981e-01,  2.8894e-01, -8.9045e-01,  1.0437e-01,  3.0396e-01,
         4.5396e-01,  1.4451e-01,  8.4457e-01,  1.6738e-02,  2.7238e-01,
        -5.2293e-01,  1.6050e-01, -7.4505e-01,  8.5755e-01, -7.8817e-01,
        -1.0377e-01, -3.9915e-01, -8.3374e-01,  2.2641e-01,  2.8307e-01,
         1.3771e-02, -4.0068e-01,  8.8820e-01,  8.2785e-01,  3.9439e-01,
        -5.1541e-01,  3.0404e-01, -2.5590e-01,  8.9288e-01, -3.6429e-01,
         9.1832e-01,  6.2706e-01,  1.3080e-01, -2.2010e-01, -1.2359e-01],
       device='cuda:1')
R 状态矩阵： torch.Size([5000, 1000])
r0 初始状态： tensor([-0.4341, -0.4514,  0.6373, -0.2503, -0.2074,  0.3194, -0.1272,  0.1352,
         0.3178,  0.1728, -0.3409,  0.1563,  0.1114, -0.3847,  0.1447,  0.6494,
         0.0367, -0.2727, -0.5015, -0.6327, -0.4070,  0.3253,  0.5663, -0.1397,
        -0.5977, -0.0112,  0.3287, -0.0258,  0.0193,  0.2912, -0.1144, -0.2241,
        -0.4491, -0.2946,  0.4882,  0.0260,  0.2712, -0.2435, -0.1117, -0.2711,
         0.3238, -0.2375,  0.1004,  0.2274, -0.2363,  0.4523, -0.0933,  0.6021,
         0.1472,  0.1092,  0.5597,  0.2565,  0.4309, -0.2151, -0.3242,  0.4291,
         0.3777,  0.0016, -0.0192,  0.2123,  0.2942,  0.0521, -0.0313,  0.0810,
        -0.3882, -0.3939,  0.0774, -0.1584,  0.0798, -0.2160,  0.2210, -0.0976,
         0.2206, -0.3879,  0.1328,  0.0802, -0.0536, -0.1272, -0.2069, -0.0744,
        -0.1442,  0.2613,  0.1058,  0.0616, -0.0983, -0.3672,  0.3350, -0.4018,
        -0.3034, -0.2810, -0.2058,  0.2697,  0.2187, -0.2883,  0.2510,  0.3974,
         0.4128, -0.0561, -0.0925, -0.3396,  0.4090, -0.3387,  0.3257, -0.5460,
        -0.5879,  0.2688,  0.1547,  0.0469, -0.3138, -0.0427, -0.2923, -0.4057,
        -0.1441, -0.0726,  0.1685, -0.0649,  0.1904,  0.1329,  0.0034, -0.2727,
         0.1121,  0.5255,  0.1072,  0.1654, -0.1303,  0.0512,  0.0147, -0.1535,
         0.4040,  0.1542, -0.0335, -0.0102, -0.3586, -0.2395, -0.0139, -0.3169,
         0.0983, -0.4565, -0.1653,  0.4673, -0.0935, -0.0835, -0.1197,  0.4986,
        -0.1823, -0.2691,  0.3402, -0.1587, -0.0820,  0.0936,  0.3538,  0.5119,
        -0.2756, -0.1341,  0.2944, -0.3081,  0.3999, -0.0957,  0.0272, -0.1705,
         0.0922, -0.2352, -0.3946,  0.0269,  0.0545, -0.0229,  0.2455, -0.5925,
        -0.3512, -0.0890,  0.2868, -0.2763, -0.4443, -0.2915, -0.0752,  0.2492,
        -0.4262, -0.1456,  0.6324,  0.0702, -0.2224,  0.2585, -0.2413,  0.4483,
        -0.1357, -0.2186, -0.0242, -0.1385,  0.5729,  0.0241,  0.0268, -0.0977,
         0.4591,  0.2413,  0.1583,  0.5178,  0.7324, -0.1968,  0.1663, -0.2665,
        -0.0045, -0.2359, -0.1415, -0.1012, -0.4125, -0.4533,  0.1526, -0.1642,
        -0.2902, -0.1743,  0.1575,  0.1267,  0.5372,  0.1781, -0.3555,  0.3215,
        -0.3672,  0.0240,  0.3286, -0.0087,  0.0656, -0.1347, -0.3335, -0.2607,
         0.1780, -0.4063, -0.0503,  0.1755, -0.3079,  0.0267, -0.1229,  0.1956,
         0.3902, -0.3279,  0.4783,  0.0496,  0.0113,  0.3731, -0.3030, -0.1035,
        -0.4912, -0.2872, -0.4133,  0.2097, -0.5875, -0.0436, -0.0688,  0.3828,
        -0.0979, -0.4948,  0.0318, -0.0684, -0.0326, -0.1989,  0.4636, -0.0598,
         0.2709, -0.1761, -0.1860,  0.6375, -0.5261, -0.2297, -0.4660, -0.2407,
         0.1772,  0.5272, -0.1044,  0.3093,  0.2619,  0.3527, -0.1672,  0.4090,
         0.3620,  0.0228,  0.7028,  0.3937,  0.3254, -0.5186, -0.0886, -0.0331,
        -0.1950, -0.2006,  0.0397,  0.6041,  0.4391,  0.6706, -0.3624,  0.4244,
        -0.0983,  0.3614, -0.3069, -0.2313,  0.5765,  0.2246,  0.2412,  0.4646,
         0.4709,  0.4082, -0.1459,  0.5781,  0.4522,  0.7747,  0.4705,  0.5924,
         0.2082, -0.4134,  0.6324,  0.0469, -0.1700, -0.1582, -0.2524, -0.1719,
        -0.5719,  0.1189, -0.2525, -0.1658,  0.4328,  0.0668,  0.1132, -0.6268,
         0.4503,  0.3006, -0.4197,  0.2934,  0.2081,  0.2326,  0.1217,  0.1919,
        -0.4965, -0.3655, -0.2329, -0.1872,  0.1234,  0.6496, -0.4652, -0.6440,
         0.4483, -0.2877, -0.0231, -0.5497,  0.7314, -0.5870, -0.2334,  0.2466,
        -0.4614, -0.2768,  0.4503, -0.5590, -0.0512, -0.2325,  0.0977, -0.2103,
         0.2316,  0.3815, -0.5797,  0.5563,  0.4769, -0.4489,  0.5624,  0.2327,
         0.3732,  0.1485,  0.0392, -0.4169,  0.5479,  0.0720, -0.1751,  0.4589,
         0.3567,  0.5894,  0.4345,  0.7190,  0.6164,  0.2703, -0.3497, -0.3681,
         0.3502, -0.7031, -0.1289, -0.3365, -0.0144,  0.2736, -0.3586, -0.3768,
         0.2363, -0.1916,  0.4177,  0.4048,  0.3225, -0.5595,  0.4364, -0.3969,
        -0.5242,  0.4424,  0.3907, -0.2995,  0.0365, -0.5973,  0.2509, -0.1057,
         0.5355, -0.1583,  0.1357,  0.0279, -0.7610, -0.4084, -0.1837, -0.1878,
        -0.0916, -0.0393,  0.4841, -0.3416,  0.0062,  0.4270, -0.4175,  0.3227,
        -0.5641,  0.3420, -0.5301,  0.0038, -0.1322,  0.0292,  0.4311, -0.3459,
         0.2466,  0.3611,  0.1763, -0.1620,  0.3825,  0.0253, -0.3884, -0.4068,
        -0.1642, -0.1849,  0.0468,  0.0055, -0.4427,  0.1804,  0.4722, -0.3195,
         0.5316,  0.0379,  0.0977,  0.0011, -0.3868, -0.3331, -0.0324, -0.2949,
        -0.2046, -0.3534, -0.7020, -0.2379,  0.3180,  0.0369,  0.3104,  0.2603,
        -0.7848, -0.0081,  0.4701,  0.6830,  0.2708, -0.2568, -0.3504, -0.0186,
        -0.1670, -0.1519,  0.2275, -0.2955,  0.2771, -0.5215,  0.5153, -0.3402,
        -0.2508, -0.4798,  0.3160,  0.6042, -0.2128,  0.3724, -0.1407,  0.1141,
        -0.5845, -0.5784,  0.0646, -0.3442, -0.5513, -0.1627, -0.4004,  0.4398,
         0.0742,  0.2475, -0.1339, -0.1325,  0.4750, -0.5079,  0.7106, -0.5209,
         0.1684,  0.0960,  0.7465,  0.2186, -0.3187, -0.1980,  0.1534, -0.6017,
        -0.2370, -0.6375, -0.5112,  0.3798,  0.1968, -0.1611, -0.4958, -0.2015,
        -0.4500, -0.8851,  0.1193,  0.7051, -0.3807, -0.1163, -0.1105, -0.0517,
         0.3836,  0.4230, -0.1697, -0.2957,  0.2814, -0.0785,  0.6065,  0.4507,
        -0.0905,  0.4104,  0.0683,  0.1004, -0.5567, -0.1733, -0.2251, -0.5929,
        -0.6792, -0.3004,  0.7654, -0.0481,  0.2315,  0.5057,  0.7355,  0.3438,
         0.6429, -0.5033, -0.4872,  0.3295, -0.2590,  0.6280, -0.0181, -0.4542,
         0.4604, -0.0428,  0.4220,  0.1214, -0.7462, -0.5459,  0.2254, -0.0576,
        -0.1005, -0.2337,  0.3446,  0.0101,  0.3696,  0.2576,  0.2384, -0.5887,
         0.0211,  0.2411,  0.3840, -0.5079,  0.1563,  0.4866,  0.4959, -0.5886,
         0.3777,  0.1497, -0.5920,  0.0962,  0.1988,  0.0593, -0.3756,  0.2567,
         0.3271,  0.5038,  0.2823,  0.4652,  0.2424,  0.2996,  0.5574,  0.1510,
         0.0596, -0.5013,  0.2274, -0.3218, -0.0163,  0.1216, -0.5958,  0.5861,
         0.1767,  0.5089,  0.5125,  0.0588, -0.6367,  0.5690, -0.5220, -0.4118,
         0.0455,  0.7041, -0.0998,  0.2540, -0.5373,  0.0394,  0.5017,  0.3481,
        -0.1648,  0.1309,  0.3619, -0.1132,  0.0734, -0.1605,  0.1435, -0.5481,
         0.4282,  0.3312,  0.0333, -0.1548, -0.3499,  0.3985, -0.2975,  0.7508,
        -0.1079, -0.5400, -0.6217,  0.3817, -0.8438,  0.1010, -0.0439, -0.5039,
         0.2858, -0.4301,  0.5308,  0.5351, -0.0309, -0.1159,  0.3284,  0.4774,
         0.8387,  0.4788, -0.0241, -0.0333,  0.4835,  0.8309,  0.7825, -0.6045,
         0.4559, -0.4078, -0.4978,  0.3348,  0.6471, -0.0974,  0.1144, -0.3322,
         0.0812, -0.6608,  0.3036, -0.1857,  0.1367, -0.5594,  0.4673,  0.4276,
         0.1494, -0.6891, -0.5958, -0.3153,  0.3771,  0.1272, -0.3371,  0.7487,
        -0.2608,  0.5163,  0.7842,  0.2415, -0.8855, -0.7709,  0.6425,  0.4933,
         0.4248, -0.3391,  0.4924, -0.2406,  0.7353, -0.1350, -0.6561,  0.5673,
         0.1597,  0.0073,  0.2557,  0.3446,  0.1526,  0.2840, -0.2715,  0.4744,
         0.4768, -0.3936, -0.0487,  0.0943,  0.2585, -0.6155,  0.5422, -0.2502,
         0.7991, -0.1487,  0.7598, -0.2146,  0.4019,  0.3120,  0.2564, -0.4971,
         0.6122,  0.4532,  0.3304,  0.0697, -0.6998,  0.0570,  0.4988,  0.1385,
        -0.3984, -0.5197,  0.2306,  0.2972,  0.4576,  0.8387,  0.5637, -0.4924,
        -0.5586, -0.6115,  0.3939,  0.2023, -0.5535, -0.0924, -0.1518,  0.7247,
         0.6507, -0.3277,  0.1285, -0.3056, -0.3940,  0.7448,  0.5135, -0.3625,
         0.3483, -0.8339,  0.6171,  0.0550,  0.4668,  0.0293, -0.7276, -0.6411,
         0.0991, -0.5373,  0.6219, -0.1232, -0.3551, -0.2211, -0.0228, -0.6780,
        -0.3901,  0.0423,  0.4379, -0.7509,  0.4533, -0.2012,  0.1982,  0.8061,
        -0.6717,  0.0782,  0.3125, -0.3836, -0.0076, -0.3361, -0.2935,  0.3704,
         0.4677,  0.3902,  0.6398,  0.1276, -0.2251,  0.3840, -0.5357, -0.5232,
        -0.3059,  0.7769,  0.2410,  0.4887,  0.2306,  0.3168, -0.5756, -0.7915,
         0.4205, -0.3121, -0.1957, -0.5218,  0.4469, -0.0649, -0.3770,  0.1762,
        -0.6804,  0.6335, -0.4748,  0.5945,  0.2992, -0.2519,  0.5840,  0.0512,
        -0.5707,  0.6533, -0.4917, -0.2177,  0.0506, -0.5593,  0.1807, -0.3507,
         0.3895,  0.4422,  0.0676, -0.6452, -0.5544,  0.3663, -0.5300, -0.7373,
         0.2651,  0.1599, -0.3647,  0.4143, -0.0622,  0.0152,  0.6770, -0.1136,
        -0.1295, -0.5275,  0.8224, -0.6370,  0.0601, -0.7744, -0.6363, -0.5981,
        -0.3053, -0.7512, -0.3848,  0.2019,  0.7947,  0.3766, -0.5268, -0.4858,
        -0.5377,  0.3948, -0.3421,  0.3566,  0.2133, -0.4535,  0.5696, -0.1746,
        -0.0667, -0.6119, -0.4345,  0.1228,  0.5450,  0.6384,  0.7223, -0.4951,
         0.2725, -0.4546, -0.5710, -0.0337, -0.7152,  0.0291,  0.4936,  0.5786,
         0.3825,  0.6635, -0.3619,  0.0668, -0.4671,  0.8135, -0.6361, -0.7312,
        -0.3646, -0.2798,  0.5366, -0.3937,  0.6107,  0.3804,  0.0151, -0.6317,
         0.9028,  0.0644,  0.8178, -0.2952, -0.2346, -0.2290, -0.5597, -0.0958,
        -0.7215,  0.3815,  0.4566, -0.4035,  0.5824,  0.0896,  0.3486, -0.8971,
        -0.3788,  0.3612, -0.4274,  0.3825, -0.4942, -0.7959, -0.3521,  0.4828,
        -0.0211,  0.1803, -0.6313,  0.5468, -0.1015,  0.2135, -0.1754, -0.7124,
        -0.4629,  0.2157,  0.2157, -0.6697,  0.2897,  0.1367,  0.2196, -0.4908,
         0.7324, -0.4052,  0.0271,  0.7842,  0.2821,  0.4736, -0.1160, -0.3133,
        -0.6821, -0.3972,  0.6467,  0.1851, -0.1635, -0.8687,  0.7734, -0.0882,
         0.5687,  0.5287, -0.5376, -0.2157,  0.6681, -0.1921, -0.2043,  0.0953,
        -0.4145, -0.2287, -0.4983, -0.7531,  0.5770,  0.2491, -0.2416, -0.1323,
        -0.8683,  0.0909, -0.5109,  0.2872, -0.6789,  0.7091, -0.4977, -0.8556,
         0.7785, -0.0664,  0.3692,  0.5202,  0.2175, -0.4911, -0.6411,  0.3855,
         0.6347,  0.3539,  0.4113,  0.1813,  0.7625,  0.3914, -0.6767,  0.1977,
        -0.0063,  0.2710,  0.3412, -0.6440,  0.4843, -0.7587, -0.6310,  0.1821],
       device='cuda:1')[I 2025-10-02 13:15:57,089] Trial 25 finished with value: 0.7064972519874573 and parameters: {'n_units': 1000, 'alpha': 1.0, 'sigma_in': 0.9, 'rho': 0.6, 'tikh': 0.01, 'option': 2}. Best is trial 25 with value: 0.7064972519874573.
[I 2025-10-02 13:16:33,516] Trial 26 finished with value: 0.7562973101933798 and parameters: {'n_units': 3000, 'alpha': 0.8, 'sigma_in': 0.9, 'rho': 0.7000000000000001, 'tikh': 0.1, 'option': 2}. Best is trial 25 with value: 0.7064972519874573.
[I 2025-10-02 13:17:29,350] Trial 27 finished with value: 2.1851497292518616 and parameters: {'n_units': 3000, 'alpha': 0.8, 'sigma_in': 0.9, 'rho': 0.7000000000000001, 'tikh': 0.1, 'option': 2}. Best is trial 25 with value: 0.7064972519874573.

Test Loss for each rep: [0.7182877, 0.5850488, 0.81615525]
R 状态矩阵： torch.Size([5000, 3000])
r0 初始状态： tensor([ 0.3906,  0.2216,  0.0699,  ...,  0.1092,  0.5306, -0.2785],
       device='cuda:1')
R 状态矩阵： torch.Size([5000, 3000])
r0 初始状态： tensor([-0.5006, -0.4778,  0.1826,  ...,  0.3672, -0.3810, -0.0658],
       device='cuda:1')
R 状态矩阵： torch.Size([5000, 3000])
r0 初始状态： tensor([ 0.3228,  0.3063,  0.0435,  ...,  0.2634, -0.5579,  0.0871],
       device='cuda:1')
Test Loss for each rep: [0.9494458, 0.69230443, 0.6271417]
R 状态矩阵： torch.Size([5000, 3000])
r0 初始状态： tensor([ 0.3974,  0.1013, -0.1891,  ...,  0.1601, -0.3184,  0.5511],
       device='cuda:1')
R 状态矩阵： torch.Size([5000, 3000])
r0 初始状态： tensor([-0.5102, -0.3822, -0.1408,  ..., -0.6811,  0.2774, -0.7878],
       device='cuda:1')
R 状态矩阵： torch.Size([5000, 3000])
r0 初始状态： tensor([-0.1376, -0.1146,  0.3320,  ..., -0.0800, -0.1186,  0.1577],
       device='cuda:1')
Test Loss for each rep: [5.066678, 0.8000041, 0.688767]
R 状态矩阵： torch.Size([5000, 1000])
r0 初始状态： tensor([ 3.9179e-02, -6.6751e-02, -5.5381e-01, -6.5504e-01,  6.1786e-01,
        -6.6477e-01, -7.7783e-02,  8.9758e-02,  3.8486e-01, -3.7330e-01,
        -6.4030e-02,  6.8353e-02,  2.5477e-01, -4.9835e-02, -3.0002e-01,
         2.5966e-01, -5.4594e-02,  4.8296e-01, -6.7189e-02,  5.7502e-01,
        -7.6149e-01, -6.0932e-01,  4.9762e-01, -2.9519e-02, -6.4838e-01,
        -1.2453e-02, -1.1561e-01,  1.7920e-02,  1.0744e-01, -5.5055e-01,
        -3.4070e-01, -3.8721e-01,  1.3980e-01,  7.2504e-01,  5.8133e-01,
        -4.5984e-01, -5.0611e-01,  3.8271e-01, -2.5740e-01, -5.3545e-01,
         4.9606e-01, -3.9173e-01,  5.9049e-01,  3.2766e-01, -4.1238e-01,
        -5.7656e-01,  4.6692e-01, -1.4223e-01, -3.2983e-01, -1.3654e-01,
         3.2042e-01,  7.9171e-01,  4.2458e-01,  2.1924e-01, -4.3449e-01,
         1.6539e-01, -7.0892e-01, -3.3635e-01,  5.8343e-02, -5.7443e-01,
         4.2171e-01, -4.6101e-01,  2.5176e-01,  2.2043e-02, -3.1380e-01,
         4.7989e-01, -1.3702e-01,  2.9333e-01, -4.2004e-01, -5.9886e-01,
         7.6978e-03, -1.3776e-02, -2.7746e-01, -3.0616e-01,  6.5497e-01,
        -6.2357e-01,  2.8515e-01,  5.0039e-01,  6.2786e-01,  4.2919e-01,
         1.7874e-01, -6.3375e-02,  1.2495e-01, -2.2930e-01,  1.0639e-01,
         6.0141e-01, -6.1425e-01,  4.8167e-01,  2.5238e-01,  3.4424e-02,
         3.4235e-01, -9.1190e-03,  2.5123e-01, -7.2146e-01,  8.3479e-01,
         6.6880e-01,  2.7318e-01,  4.9318e-01,  4.3628e-01, -2.9250e-01,
        -3.5946e-01,  1.2798e-01,  7.2727e-01,  3.5767e-01,  5.2721e-01,
        -2.4775e-01, -4.6572e-03, -2.2591e-01, -2.3947e-01,  6.5197e-01,
         2.3613e-01, -1.0771e-01, -1.7910e-01, -2.5697e-01, -6.4556e-01,
        -1.6556e-01,  3.8489e-01, -5.5660e-01, -3.6905e-01,  4.6113e-03,
         5.0602e-01, -5.2258e-01, -5.8679e-01, -5.2324e-01, -2.4810e-01,
         1.2887e-01,  4.6871e-01, -5.5356e-01,  4.6269e-01,  1.9413e-01,
         5.1445e-01,  9.0337e-03,  5.1859e-01, -2.1392e-01,  2.7266e-01,
        -3.9508e-01, -2.9958e-01,  6.6512e-02,  5.8523e-01, -1.7820e-01,
         2.5371e-01, -7.2593e-01, -5.9785e-01, -4.7810e-01,  2.3018e-01,
        -2.4117e-01, -4.6798e-01,  6.5877e-01, -3.6485e-01, -1.1424e-01,
         5.2454e-01, -4.1702e-01,  1.9695e-01, -2.1483e-01, -8.1363e-02,
         3.6262e-01, -4.3782e-01,  4.5825e-01, -3.2043e-01,  6.4975e-01,
        -1.1731e-01, -3.7549e-01,  5.4377e-01, -4.6522e-01, -4.7139e-01,
        -6.8062e-01, -4.2908e-01, -2.1532e-01, -2.1474e-01,  6.3250e-01,
         5.8998e-01,  3.4230e-01, -4.1970e-02, -2.9353e-01,  3.4108e-01,
         5.5566e-01, -2.5314e-01,  6.9137e-01,  1.3384e-01,  1.7952e-01,
         2.3873e-01,  5.1362e-01,  4.1133e-01,  2.6662e-01, -6.4087e-01,
         3.8573e-01, -3.9477e-03, -4.9451e-01, -3.3332e-01,  5.7994e-01,
        -6.0070e-01,  9.5444e-02,  4.1769e-01, -2.4757e-01, -2.6598e-01,
        -7.6090e-02, -4.1107e-01,  1.1755e-01, -7.8816e-01,  5.5729e-01,
         5.9315e-01, -2.1346e-01, -6.0948e-01,  4.4723e-01, -5.5466e-01,
         5.6905e-01, -1.6453e-01, -5.6169e-01, -5.9397e-01, -5.0334e-02,
        -6.4771e-01, -1.6142e-01, -9.2289e-02,  2.4864e-01, -4.0866e-01,
         8.3851e-02,  4.9499e-01,  1.7416e-01, -2.5797e-01,  4.3629e-01,
         7.0861e-01,  5.7335e-01, -2.1855e-01, -3.2219e-01,  3.9993e-01,
        -2.9807e-01,  3.4493e-01,  6.0594e-01, -1.4266e-01,  1.3905e-01,
         5.3355e-01,  5.2958e-01, -6.8072e-02,  5.5742e-01, -3.0008e-01,
         4.4645e-01, -1.1394e-01,  6.1551e-01,  2.7669e-02,  1.3812e-01,
        -4.9768e-01,  5.3449e-01, -4.4805e-01,  1.5786e-01, -5.6675e-01,
         4.4768e-01, -6.4611e-01,  1.0480e-01,  1.1508e-02, -3.5460e-01,
        -7.4437e-01, -5.4993e-01,  1.9293e-01, -3.7362e-01, -2.7803e-02,
         7.5081e-02,  6.2819e-01, -3.8530e-02, -9.3994e-02, -5.3728e-01,
         3.4998e-01,  2.0847e-01,  3.3038e-01, -8.8678e-02, -5.9011e-02,
        -6.1236e-01,  2.8913e-01,  3.5167e-01, -6.8407e-01, -5.7741e-01,
         5.2146e-01, -1.3479e-01,  2.1568e-01,  5.1029e-01,  3.1141e-01,
         1.3192e-01, -5.5383e-01, -2.4616e-01,  8.6201e-02, -5.2653e-02,
         2.7110e-01, -4.1913e-02,  6.5459e-01,  3.9773e-01, -6.6773e-01,
         2.7784e-01, -8.8916e-01, -5.4015e-01,  4.8923e-01, -2.8287e-01,
        -2.2621e-02, -5.2059e-01, -5.4105e-01, -7.5865e-02,  4.7210e-01,
        -5.8151e-01,  4.1519e-01,  6.1714e-01,  5.5972e-01,  4.1264e-01,
         5.2662e-01,  3.6195e-01,  1.8093e-02, -4.4133e-02, -4.6559e-03,
         2.9100e-01, -5.0448e-01,  2.7833e-01,  3.9953e-01,  7.4813e-01,
        -7.7301e-01, -2.8931e-01, -3.0581e-01,  5.1398e-01, -1.7675e-01,
        -9.5631e-02, -2.9072e-01, -6.3115e-01,  4.7325e-01, -4.6010e-01,
         5.3497e-01,  6.4074e-01,  6.2793e-01,  4.6669e-01,  1.5532e-01,
         7.8973e-03,  5.9466e-01,  2.7732e-03,  1.0441e-01,  9.1833e-02,
         2.6939e-01,  7.6910e-01, -3.3007e-01, -7.0921e-01, -6.5368e-01,
        -3.6241e-01, -6.5017e-01, -4.4276e-01, -1.1404e-01, -1.2867e-01,
        -8.4146e-02,  2.7258e-02,  2.6847e-01,  1.4567e-01,  2.2282e-01,
         2.3045e-01, -6.0133e-02,  4.3733e-01,  1.2864e-01, -2.7381e-01,
        -4.5267e-01,  1.5038e-01,  5.3723e-01,  1.2590e-01, -8.4868e-01,
        -7.0899e-02, -3.0161e-01,  3.2761e-01, -8.6330e-03,  7.1207e-01,
         2.3792e-01,  2.8143e-02, -6.8442e-01,  3.0810e-01, -3.5516e-01,
         2.6646e-01,  4.0278e-01, -6.9748e-02, -4.4037e-01,  2.8551e-01,
        -4.2526e-01, -3.6579e-01,  5.4861e-01, -7.5648e-01,  2.9480e-01,
        -6.5747e-01, -6.5724e-01, -4.3679e-01,  9.2827e-02, -7.6401e-02,
        -4.6742e-01, -5.1386e-01,  4.8017e-01,  3.3994e-01,  2.7380e-01,
         2.6152e-01,  2.2494e-01, -5.4240e-01,  2.8382e-01,  2.7688e-01,
         5.4328e-01,  1.6381e-01,  5.6097e-01,  8.6595e-01, -4.0629e-01,
         2.3875e-01, -2.8304e-01, -4.0966e-01,  2.3312e-01, -1.8277e-01,
        -3.8869e-01, -6.1186e-01,  1.0520e-01, -3.9394e-01, -3.7901e-01,
         6.4866e-01,  5.1822e-02, -6.6036e-01, -1.9588e-01, -5.5495e-01,
        -1.7085e-01,  5.2332e-01, -5.1431e-01, -4.9690e-01, -6.8016e-01,
         5.2528e-01, -2.6213e-01, -2.7202e-01,  6.4367e-03,  1.6257e-01,
         2.5042e-01,  3.7523e-01,  1.5575e-01, -4.0280e-01,  2.0634e-01,
        -6.7501e-01,  1.6858e-01,  1.1962e-01, -2.0049e-01,  5.3103e-01,
        -7.7278e-01, -5.4645e-01, -2.0714e-01,  6.1363e-01, -1.1412e-01,
         5.7960e-01, -3.0306e-01, -2.5951e-02, -4.3534e-01, -4.9522e-01,
         1.6785e-01, -1.3035e-01,  7.3134e-01,  6.7266e-01,  4.6455e-01,
        -3.2643e-01, -7.8177e-02,  5.1508e-01,  4.7245e-01, -3.6855e-01,
        -2.1490e-01, -4.7728e-01,  5.7244e-01,  4.2880e-01, -3.3832e-01,
         5.0398e-01, -6.2573e-01,  2.1475e-01,  2.6296e-01, -1.8912e-03,
        -6.2228e-01, -4.3242e-01,  3.9844e-03, -4.1315e-01,  6.6507e-01,
        -3.3306e-01,  1.5510e-01, -4.1090e-01, -5.0667e-01, -4.6962e-01,
         3.6466e-01,  1.7628e-01, -3.1954e-01, -4.2377e-01,  6.2848e-01,
         4.8875e-01, -3.8479e-01,  4.9953e-01,  3.8453e-01,  6.1609e-01,
         6.9253e-01, -1.8290e-01, -7.9496e-01, -4.4260e-01, -4.7801e-01,
         6.1397e-01,  4.8781e-01,  6.1991e-01,  1.4186e-01,  7.9568e-01,
         3.0053e-02, -2.4258e-01, -1.8785e-01,  4.6984e-01, -3.3934e-01,
         3.3476e-01,  6.7962e-02,  1.1528e-01,  1.7701e-01,  5.3283e-01,
         1.3835e-01,  2.0762e-02,  9.3012e-01, -5.6860e-02,  2.8000e-01,
         7.2299e-01,  1.5105e-01, -2.1891e-01,  5.7177e-02, -9.6980e-02,
         3.2189e-01,  8.8864e-01,  3.3096e-01, -1.3655e-01,  3.0111e-02,
         1.7313e-01, -7.7238e-01,  5.3371e-01, -4.7768e-01, -9.0697e-01,
        -9.5349e-01, -9.7506e-01, -7.9229e-01,  4.3894e-01, -6.6423e-01,
        -7.2976e-01,  3.4646e-01, -9.4900e-02, -7.4070e-01, -2.6918e-01,
         7.0438e-01,  5.0554e-01,  6.3127e-01, -2.9435e-01, -1.5223e-01,
         6.0530e-02,  1.3983e-01,  7.8421e-01, -3.5846e-01,  5.7282e-01,
        -4.8297e-01, -5.4532e-01,  6.9742e-01,  7.6652e-01, -7.4178e-01,
        -2.0734e-01,  7.0298e-01,  4.6556e-01,  1.1930e-01,  3.1043e-01,
         1.3297e-01,  6.3139e-01, -6.5789e-01, -4.8366e-01,  7.0525e-01,
        -1.2412e-02, -5.7364e-01,  9.5009e-01, -5.9106e-01, -7.5139e-01,
         4.4994e-01,  8.9084e-01,  7.4636e-01,  8.1507e-01,  5.7657e-02,
        -2.8125e-01, -1.0337e-01,  7.0870e-01,  9.0067e-01,  5.7152e-01,
         5.5581e-01, -8.6323e-01,  4.5863e-01,  2.8001e-01, -6.5560e-01,
        -9.0742e-01, -3.6314e-01,  2.1210e-01,  6.4201e-02, -3.7206e-01,
         3.5133e-02,  2.2440e-01,  1.4838e-01, -8.2365e-01, -7.7695e-01,
         6.2506e-01,  7.3640e-01, -5.2251e-01, -4.9351e-01,  7.4344e-01,
         8.8124e-01, -9.2511e-01, -3.7387e-01,  4.6989e-01,  6.8672e-01,
         1.7532e-01,  5.5714e-01,  5.6511e-01, -1.7601e-01, -6.1259e-01,
        -4.0713e-01,  6.5160e-01,  7.1050e-01, -2.6177e-02,  3.8034e-01,
        -5.6976e-01, -7.8370e-01, -7.8969e-01, -5.5344e-02,  5.2163e-01,
        -8.8796e-01, -5.2968e-02,  2.4389e-01,  8.7980e-01,  4.9435e-01,
         7.9083e-02, -4.6819e-01, -2.4972e-01,  6.4184e-01, -2.5393e-01,
         6.8098e-02,  2.0215e-01, -7.7112e-01, -7.2679e-01, -2.0397e-01,
         4.1707e-02,  4.4551e-01, -8.8392e-01, -4.6387e-02,  7.3342e-01,
        -8.9696e-02, -8.7434e-01,  2.2814e-01,  2.7157e-01,  2.2896e-01,
         6.0711e-01,  2.2191e-01,  1.7435e-01, -8.7540e-01, -9.2231e-01,
        -6.5819e-01, -6.5196e-01,  6.8651e-01,  8.1851e-01,  7.4943e-01,
        -6.3850e-01,  5.8446e-01, -6.0816e-02,  2.2113e-01, -5.0300e-01,
        -3.8497e-01,  5.0631e-01, -4.2386e-01,  7.7163e-01, -2.0785e-01,
         8.1269e-01,  5.6545e-01,  2.0309e-01, -7.9670e-01,  8.1954e-03,
         1.6604e-01,  1.2736e-01,  4.0338e-01,  9.2883e-02,  3.2092e-02,
        -2.9426e-03,  3.9543e-02, -8.1245e-01, -7.8729e-01,  2.9804e-01,
         7.0550e-01, -9.3835e-01,  8.9029e-01,  9.3090e-01,  6.5419e-01,
         8.3519e-01,  7.3646e-01, -6.4627e-01, -1.7052e-01, -5.2970e-01,
        -4.7416e-01,  2.1857e-01, -6.4229e-03,  1.8306e-01, -8.0482e-01,
        -6.9276e-01, -7.1226e-01,  1.8523e-01,  6.0389e-01,  3.7535e-01,
         6.5097e-01,  7.2506e-01,  6.2148e-01, -6.8046e-01, -1.8561e-01,
        -8.3980e-04, -2.7561e-01, -5.0939e-01,  8.5660e-01, -1.8104e-01,
        -4.3188e-01, -3.5396e-01,  2.7197e-01, -3.5769e-01,  1.3835e-01,
         5.0791e-01,  1.5388e-01, -3.1853e-01,  9.3404e-01, -6.4447e-02,
         4.1946e-01, -4.3767e-01, -5.9706e-01, -2.7584e-01, -9.5475e-01,
         7.5479e-01, -2.2219e-01,  9.1392e-01,  4.8269e-01, -9.7944e-02,
         9.6246e-01,  8.6135e-01, -3.4339e-01,  7.4687e-01, -5.1919e-01,
         2.6498e-01, -8.3351e-01,  8.9039e-01,  7.1530e-01, -1.6673e-01,
        -3.0107e-01, -4.9220e-01, -6.4878e-01,  4.4786e-02, -6.9564e-01,
         1.5896e-01,  5.1411e-01,  1.4141e-01, -6.1120e-01,  2.4176e-01,
        -6.5675e-01, -8.4053e-01,  7.8123e-01,  4.5495e-01, -4.9177e-01,
         1.5986e-01,  9.1586e-02,  8.6209e-01,  7.9340e-01, -2.6756e-01,
         4.9938e-02, -4.4971e-01, -4.8853e-01,  5.5047e-01,  8.6449e-01,
        -8.4466e-01,  6.4410e-01,  3.7835e-01, -4.0075e-01, -5.6172e-01,
         7.7259e-01, -7.4614e-01,  6.3729e-01, -9.4799e-01, -7.5270e-01,
        -9.1500e-01, -4.7748e-01, -7.1890e-01, -1.5646e-01,  4.6008e-01,
        -7.5307e-01,  4.0241e-01, -7.9671e-01,  8.0844e-01,  1.2806e-01,
        -7.1867e-01, -9.7260e-01, -1.1636e-02,  2.4241e-01,  4.6293e-01,
         6.7911e-01, -2.8660e-01,  4.9611e-01,  4.7620e-01,  3.5749e-01,
        -3.6301e-01, -7.8876e-01, -1.8783e-01, -4.7077e-01,  4.5902e-01,
        -7.3115e-01, -5.3399e-01,  8.5029e-01,  9.6031e-02, -8.4617e-01,
         5.6925e-01, -9.4230e-01,  1.3241e-01, -2.2339e-01, -1.4902e-01,
         4.2315e-01,  3.9348e-01, -2.4331e-01,  6.1389e-01, -9.1747e-01,
        -1.1285e-01,  2.2272e-02,  8.6090e-01, -1.9778e-01,  9.2136e-01,
        -6.1801e-01,  2.9654e-01,  6.3545e-01,  9.5212e-01, -5.5635e-01,
        -6.6364e-01,  8.4380e-01,  3.5861e-02,  2.8908e-01,  8.6146e-01,
         4.4232e-01,  4.1854e-01,  3.9883e-01,  3.5290e-01, -2.0539e-01,
        -8.0594e-01,  8.4158e-01, -9.5198e-01,  6.1245e-01, -3.4344e-01,
        -9.7860e-01, -7.6585e-01, -8.8885e-01, -1.5840e-01,  2.9984e-02,
        -6.6426e-01, -5.7180e-01,  4.5940e-01,  6.7669e-01, -3.8028e-01,
         8.5445e-01, -4.9133e-01, -5.1873e-01, -4.8285e-01, -1.7749e-01,
         6.4212e-01,  9.4214e-01,  8.8984e-01, -5.0855e-01, -2.9557e-01,
        -6.2493e-01, -7.4924e-01,  3.9779e-01, -2.7819e-01,  4.4963e-01,
         8.5876e-01,  7.4629e-01, -7.3006e-01, -1.4098e-01, -7.6970e-01,
        -4.5403e-01, -4.4264e-01,  4.7691e-01,  9.2950e-01, -4.4099e-01,
         6.1735e-01,  9.1627e-01,  1.5491e-01, -5.5897e-01, -2.2144e-01,
         1.6177e-01,  4.4810e-01,  1.9087e-02, -5.0030e-01,  8.1058e-01,
        -1.0889e-01, -7.9265e-01, -9.0743e-01, -7.5380e-01, -9.5319e-01,
        -1.9642e-01, -8.6614e-01, -1.5248e-01, -9.5676e-01, -3.8485e-01,
        -6.8946e-01, -7.4226e-01, -7.0681e-01,  1.3136e-01, -6.6986e-01,
        -8.6506e-01, -6.2113e-02,  7.5209e-01, -3.1478e-01, -3.1702e-01,
         4.8340e-02, -4.3479e-01, -9.5828e-01,  1.3978e-01, -6.4805e-01,
        -7.8284e-02,  4.5097e-01, -1.3861e-01,  5.4535e-01, -2.3730e-01,
         1.2359e-01, -5.5298e-01,  3.2188e-01, -7.1823e-01, -8.1910e-01,
        -6.1623e-01, -6.5494e-02, -7.1889e-01,  5.2161e-01, -8.8518e-01,
         5.3402e-01, -3.2927e-01,  3.9550e-01,  5.4171e-01, -8.8014e-01,
        -6.2140e-01,  1.8672e-01,  6.1768e-01,  9.1078e-03,  3.6363e-01,
        -4.0944e-01,  6.9754e-01,  6.0582e-01,  2.9595e-02,  4.7850e-01,
        -3.9657e-01, -3.1961e-01, -9.1587e-01,  6.9400e-01,  1.7706e-01,
        -6.2109e-01, -1.5637e-01, -3.1458e-01,  7.5374e-02,  1.9443e-01,
         3.0128e-02, -8.1891e-01,  4.9571e-01,  2.3596e-01,  7.3092e-01,
         4.3846e-01, -5.8864e-01,  3.1912e-01, -1.4035e-02,  6.7691e-01,
         8.6498e-01, -8.0042e-01,  4.0246e-01,  1.0240e-01, -7.1834e-01,
         1.4622e-01,  6.7672e-01,  7.4606e-01, -4.7956e-01,  4.9124e-01,
         5.9339e-01, -2.0035e-01,  7.8442e-01, -7.3537e-01, -3.7849e-01,
        -2.6123e-01,  2.7362e-01,  5.9094e-01, -6.8930e-01, -3.8981e-01,
         5.4049e-01, -5.7423e-01,  5.4248e-01, -6.9841e-01, -5.9293e-01,
         2.7778e-01, -6.8639e-01,  1.3569e-01, -5.1719e-01, -6.5226e-01,
         2.8831e-01, -7.2108e-01,  9.5063e-01,  8.6109e-01,  8.1999e-01,
         5.4236e-01,  8.7664e-01, -2.9628e-01,  1.1677e-02,  8.5060e-01,
         1.7126e-01, -7.3814e-02,  2.1464e-01, -4.3832e-01,  5.1157e-01,
        -3.6242e-01,  7.8557e-03, -5.3364e-01,  4.5039e-01,  6.2211e-01],
       device='cuda:1')
R 状态矩阵： torch.Size([5000, 1000])
r0 初始状态： tensor([ 7.6185e-02,  3.1527e-01,  1.5783e-01, -5.8306e-01, -4.8362e-01,
         3.7046e-01,  1.0995e-01,  3.5102e-01,  6.6370e-01,  1.9780e-01,
        -3.9558e-01,  2.4192e-01, -3.9919e-01,  4.5777e-01, -2.2971e-01,
         4.6573e-01, -6.1452e-02, -2.1859e-01,  2.9649e-01, -3.9517e-01,
        -1.7372e-01, -4.7321e-01, -5.3391e-01, -2.9807e-01, -2.7178e-01,
         4.7475e-01,  9.7851e-03,  2.9650e-01,  3.7725e-01, -3.4944e-01,
         8.9030e-03,  3.6832e-01, -4.2242e-02,  3.8835e-02, -9.8193e-02,
        -7.3375e-03, -6.1682e-01, -6.0378e-01, -3.5224e-01,  1.6414e-01,
         4.2324e-01, -3.0026e-01, -2.2729e-02, -6.7866e-01,  8.4819e-02,
         4.8196e-01, -5.6223e-01, -1.8253e-01,  6.3735e-01,  2.2909e-01,
         5.8391e-01,  2.8284e-01,  7.4318e-02, -3.4661e-01,  1.1334e-01,
        -1.0628e-01,  4.1148e-01,  7.7022e-02, -2.5984e-01,  2.2936e-01,
         3.2795e-02, -4.6755e-03,  4.4328e-01,  1.5343e-02, -6.5954e-02,
         5.1486e-01,  1.7554e-02,  3.9027e-01,  3.0165e-01, -4.3340e-01,
        -6.8629e-01,  6.2542e-01,  1.6209e-01,  1.6636e-01,  2.6952e-01,
         1.8731e-01,  1.4185e-01,  4.8907e-01, -1.5108e-01,  2.2097e-01,
        -2.2099e-01, -4.4049e-01, -1.7026e-01, -1.0693e-01,  2.5721e-02,
         4.8498e-01, -9.4739e-02, -3.4043e-01, -2.0156e-01, -4.5610e-01,
         7.0581e-02,  1.8477e-01,  3.3157e-01,  4.0279e-02,  1.0365e-01,
         1.1653e-01, -4.8032e-01,  3.5796e-01, -3.3410e-01,  1.4716e-01,
        -5.1250e-01,  4.6794e-01, -4.6439e-02,  6.3051e-02,  1.6117e-01,
        -5.7688e-01,  2.2989e-01, -4.4644e-01,  1.6760e-01, -2.0445e-01,
        -1.5157e-02,  5.6500e-02, -4.5550e-01, -5.7690e-01,  3.1601e-01,
         2.9721e-01,  5.4470e-01,  6.9105e-03, -3.5194e-01, -1.6465e-01,
        -1.5050e-01, -2.9220e-01,  2.3675e-01, -3.8403e-01,  7.6642e-02,
         5.7766e-01, -4.7870e-01, -3.4422e-01, -6.1578e-01, -4.9259e-01,
        -3.7734e-01, -2.8586e-01, -3.4230e-01,  4.1772e-01,  1.2507e-01,
         4.9708e-01,  4.9977e-01,  3.8425e-01, -2.6012e-02, -1.1267e-02,
         2.2744e-01,  5.1061e-01, -3.3514e-01,  4.0360e-01,  1.5172e-02,
         4.0895e-01,  3.7665e-01,  1.2382e-01, -1.9320e-01, -6.4191e-01,
         4.4635e-02,  2.3351e-01, -3.2907e-01,  3.4891e-01, -7.1683e-01,
        -3.2484e-01,  2.2049e-01,  7.4542e-02,  4.3097e-01,  2.0236e-01,
        -6.4534e-01,  3.1166e-01,  2.8254e-01,  2.3695e-01,  3.5090e-01,
        -3.2833e-01,  8.6040e-02, -1.6878e-01, -2.0510e-01,  1.8428e-01,
         9.2509e-03, -5.8106e-03,  2.2032e-02, -3.2839e-01,  1.3384e-01,
        -1.7245e-01, -4.0057e-01, -8.0623e-02, -7.4033e-02,  4.7098e-01,
         6.1046e-02,  4.8475e-01, -6.4655e-01, -4.9872e-01, -4.3978e-01,
         1.8717e-01,  8.1698e-01,  2.3845e-01,  2.4642e-01, -9.0554e-02,
        -4.4254e-01, -1.7741e-01,  2.7888e-01, -2.8444e-01,  3.4360e-01,
         3.2912e-01, -8.5517e-02,  7.9640e-02,  8.0770e-03, -1.4414e-01,
        -3.1753e-01,  4.7097e-01,  1.4064e-01,  2.9265e-01, -5.4494e-01,
         5.5080e-01,  3.5712e-01,  8.7281e-02,  2.2216e-01,  4.8901e-01,
        -1.1199e-01,  4.0073e-01,  3.6277e-01, -2.9421e-01,  4.7479e-01,
        -6.8415e-01, -2.4515e-01, -2.9743e-01, -2.8341e-01, -5.7104e-02,
         4.7946e-03,  4.0226e-01,  3.5235e-01, -4.7333e-01,  1.8286e-01,
         4.1249e-02, -3.2704e-01,  2.7361e-01,  9.8421e-02,  1.3475e-01,
        -2.7460e-01, -6.9078e-01,  4.4391e-01,  1.8511e-01,  4.6803e-01,
        -1.1558e-01, -6.0462e-01,  1.7301e-01, -6.7548e-01, -8.1995e-03,
        -4.2998e-01,  5.2299e-01, -8.4157e-02, -3.3607e-01,  4.2528e-01,
         1.9058e-01,  2.9333e-01, -4.8854e-02,  2.9432e-01, -3.2455e-01,
        -1.2015e-01,  3.5191e-01, -1.2176e-01, -1.8747e-01,  4.8408e-02,
         9.8564e-02,  1.5972e-01,  1.5495e-01,  3.2534e-01,  2.0525e-02,
         1.6314e-01, -4.8074e-02, -1.7728e-02,  2.3231e-01,  1.6169e-01,
        -9.2351e-02,  2.0015e-01,  2.6972e-01,  8.7748e-02, -2.9607e-01,
         4.5494e-02,  1.7916e-01,  3.4232e-01, -1.5710e-01,  4.4598e-02,
        -1.9826e-02,  1.2345e-01,  2.4055e-01, -4.5842e-03,  9.8916e-02,
         1.0448e-01, -1.9405e-01, -1.0586e-01, -2.3508e-02,  3.9804e-01,
         4.4313e-01, -2.2744e-01,  7.1348e-02, -2.5936e-02,  2.2442e-02,
         1.4073e-01, -2.0463e-01,  2.0106e-01,  1.8857e-01,  1.4822e-01,
        -3.6102e-01,  5.1160e-03, -1.9237e-01,  3.7462e-01,  1.1905e-01,
         2.9545e-01,  2.5307e-01, -4.4185e-01, -1.0170e-03,  2.4208e-01,
        -6.9495e-02, -6.1827e-02,  8.3688e-04,  2.4901e-01, -1.8531e-01,
        -2.9588e-02, -4.4610e-01,  2.2132e-02,  2.2201e-01, -2.8275e-01,
        -4.6579e-01,  2.5669e-01, -8.4670e-02,  1.3774e-01,  1.7240e-01,
         2.6849e-01, -3.6935e-01,  4.1565e-01, -1.3396e-01,  2.3374e-01,
         8.9496e-03, -2.3951e-01,  2.6323e-01, -3.0041e-01, -1.1681e-01,
         1.0265e-01, -3.3794e-01,  5.0108e-02,  4.9849e-01,  9.8345e-02,
         2.2828e-01,  2.5795e-02, -1.5121e-01, -2.1163e-01,  3.4141e-03,
        -3.1824e-01,  3.4877e-01,  1.6104e-01, -2.6640e-01, -1.3827e-01,
         5.1830e-02, -1.4191e-01,  6.5729e-02, -1.7990e-01, -1.5148e-01,
         5.0009e-01, -3.4072e-01, -1.5000e-02,  4.7968e-03, -2.7731e-01,
        -2.5293e-01, -4.9097e-02, -1.0204e-01,  7.9900e-02,  3.3402e-02,
        -4.1375e-02, -2.6261e-01,  6.5251e-02, -1.7810e-01,  2.0830e-01,
        -2.2906e-01,  2.5887e-01,  8.3881e-02, -4.6873e-02, -2.2140e-01,
        -2.1845e-01,  1.7309e-01, -2.7195e-01,  3.9766e-01, -2.6001e-01,
         1.1029e-01, -8.4946e-02, -1.5253e-01,  9.2925e-02,  3.5739e-02,
         6.5248e-02,  2.9513e-02, -2.2577e-01,  8.2417e-02, -5.0826e-01,
        -1.1572e-01,  1.9250e-01, -3.3062e-01, -2.2541e-01, -1.8431e-01,
         3.2509e-01,  2.5904e-01,  4.3409e-01,  2.3802e-01, -3.2204e-01,
        -8.5992e-02, -1.1510e-01,  9.2180e-03, -1.6031e-01,  3.8255e-01,
         2.4961e-01,  4.4414e-01,  2.3927e-03,  3.2521e-02,  2.2901e-01,
        -4.8509e-02,  1.9964e-01,  1.0025e-01, -2.1886e-01, -2.3837e-01,
         1.5894e-03,  1.2452e-01,  1.9910e-01, -7.5578e-02,  1.9860e-01,
         7.3403e-02, -5.6940e-02, -1.2811e-01, -2.1425e-01,  1.5689e-01,
         4.5422e-02, -2.2198e-01, -1.6003e-02,  1.5442e-02,  4.0427e-01,
        -8.4690e-02, -1.5952e-01, -4.1170e-01,  1.3631e-01, -2.7776e-02,
         3.0567e-01, -4.0516e-02, -6.9316e-02, -5.4600e-03, -3.0705e-01,
         3.1778e-02,  1.5568e-01,  1.3188e-01,  4.8612e-02,  1.7983e-01,
         3.1501e-01, -2.9104e-01,  1.8142e-01,  1.3855e-01, -1.6953e-01,
         1.9354e-01,  1.7317e-01,  3.0307e-01,  5.4050e-02, -1.8608e-01,
         1.0080e-03, -1.2449e-01, -2.4580e-01, -4.6128e-02,  2.6618e-01,
         2.7547e-01,  5.7193e-02, -3.3165e-01,  4.3059e-02, -1.0550e-01,
         3.1789e-01,  5.4303e-02,  1.5072e-01, -2.3847e-01,  4.5087e-02,
        -5.1662e-01, -2.5497e-01,  1.9449e-01,  4.8842e-02,  4.4663e-03,
        -2.6965e-01, -1.1087e-01,  1.5824e-01,  4.0086e-01,  1.3892e-01,
        -2.4202e-02, -2.8484e-01,  2.9093e-01, -1.8482e-01,  2.2485e-01,
        -5.1785e-01, -7.9638e-02, -1.0177e-01, -4.6849e-01,  7.6007e-02,
        -1.7097e-01, -3.5296e-03, -1.8871e-01,  3.7786e-01, -1.4846e-01,
         7.5248e-02, -1.2343e-01,  1.8062e-01,  1.7939e-01, -1.0230e-01,
        -1.7865e-02,  3.5749e-01, -9.0616e-02, -5.4405e-02,  1.0720e-01,
        -8.0436e-01,  7.3935e-01,  7.4120e-01, -7.9951e-01, -4.2807e-01,
         3.3066e-01,  7.5739e-01,  8.4216e-01,  2.8207e-01,  5.3159e-01,
        -7.0408e-01,  6.7451e-01, -4.6486e-01,  4.4366e-01, -8.2352e-01,
         6.2492e-01,  8.5636e-02, -6.6131e-01,  8.2711e-01,  4.9047e-01,
         3.5381e-01, -7.3252e-01, -3.1755e-01,  2.0243e-01,  4.8925e-01,
        -4.3306e-01,  3.0003e-01,  5.2120e-01,  9.3024e-03,  2.9612e-01,
         2.0672e-01,  3.2466e-01, -1.9348e-01,  2.6243e-01, -1.0182e-01,
         3.7458e-01,  3.3962e-01, -5.2636e-01,  3.4028e-01, -8.1440e-01,
        -6.2725e-01,  1.9406e-01,  5.3197e-01, -6.8194e-02, -7.8532e-01,
         3.2879e-01, -6.4245e-01,  5.6365e-01,  4.3456e-02,  1.0386e-01,
        -1.9261e-01,  8.9645e-01,  4.0039e-01,  7.1861e-01,  3.8978e-01,
         1.3707e-01,  1.3268e-01,  2.2851e-01,  1.8255e-01,  5.3992e-01,
         4.7233e-01,  3.2333e-01, -1.5265e-01,  1.1625e-01,  5.5151e-01,
         3.4146e-01,  5.0926e-01,  5.5312e-01,  1.1550e-01, -7.4950e-01,
         1.8972e-01, -5.6294e-01, -8.4479e-01,  2.3071e-01,  6.8819e-01,
        -4.1892e-01,  1.9796e-01, -1.9943e-01,  4.2041e-01,  7.4882e-01,
         2.6225e-01,  9.8630e-02,  3.0392e-01, -4.1181e-01,  6.1085e-01,
         5.2654e-01, -7.5973e-01,  4.1942e-01,  2.4300e-01, -4.5622e-01,
        -5.2726e-01, -5.5284e-01, -2.1112e-01, -3.6251e-01, -6.8289e-01,
         1.3747e-01, -4.1555e-02,  1.6857e-01,  6.9247e-01,  4.9840e-01,
         6.2044e-02, -6.4744e-02,  1.6064e-01, -8.5768e-01, -8.3478e-01,
        -5.4503e-02, -1.8083e-02,  4.5382e-01,  1.7841e-01, -2.3054e-01,
         7.0053e-01,  6.9834e-01, -3.3256e-01,  7.3155e-01,  6.8985e-01,
         3.4139e-01, -5.4695e-01,  2.1611e-01,  2.4570e-01, -5.5154e-01,
         3.7536e-01, -1.8636e-01, -1.6145e-01,  4.4031e-01,  8.9555e-01,
         2.2938e-01, -4.0905e-01,  4.9662e-01,  1.5394e-01, -8.5362e-01,
        -5.5232e-01,  1.5997e-01, -1.5268e-01, -7.1505e-01, -3.5495e-01,
        -5.6104e-01, -2.0599e-01,  3.1538e-01,  7.3050e-01,  7.3368e-01,
         9.1963e-01, -1.9811e-01, -5.3272e-02, -9.5587e-04, -3.5506e-01,
         4.5673e-02, -4.1688e-01,  1.8301e-01,  4.8157e-01, -3.3668e-01,
        -1.2788e-01,  1.2882e-01, -6.2108e-01, -3.8909e-01,  6.2357e-01,
        -2.6130e-01, -7.3691e-01,  1.5798e-01,  8.1048e-01, -2.9990e-01,
         7.7920e-01, -3.9489e-01, -8.5899e-01, -2.6438e-01, -5.2973e-01,
         7.4739e-01, -2.1219e-01, -2.8822e-01, -7.4038e-02, -5.5231e-01,
        -1.6041e-01, -7.1011e-01, -1.7505e-02,  2.2499e-02,  1.9895e-01,
        -5.4736e-01,  5.4072e-01,  3.0465e-01,  3.6426e-01,  7.5956e-01,
         2.2467e-01, -4.3315e-01,  2.7007e-01, -3.5669e-01, -8.4061e-01,
        -7.9223e-01, -6.2162e-01, -3.7017e-01, -4.7699e-01, -8.4085e-01,
         3.5279e-01,  2.9051e-01, -8.2713e-01, -3.2664e-01, -8.1270e-01,
         6.7559e-01,  5.1448e-01, -6.2384e-01,  7.6812e-02, -8.0535e-01,
        -4.8495e-01, -6.2332e-02,  2.5520e-01, -6.4470e-01,  2.6917e-01,
        -8.6215e-01, -8.3984e-01,  3.3413e-01, -4.6775e-01,  4.3756e-01,
        -6.5305e-01,  2.8562e-01,  8.4170e-01,  7.6187e-02, -1.9309e-01,
         5.2447e-01,  5.2232e-01, -1.4089e-01, -5.2783e-01,  1.7049e-01,
        -9.0064e-02,  5.3595e-01,  1.0331e-01, -3.9344e-01, -4.9176e-01,
         1.7086e-01,  5.7168e-01, -5.1244e-02,  8.5157e-03, -6.1512e-01,
         1.9879e-01,  6.6363e-01,  6.3088e-01,  2.6976e-01, -8.3591e-01,
         4.6730e-01, -6.1700e-01, -5.8965e-01,  5.4316e-01,  6.1921e-02,
        -9.8676e-02,  5.2453e-01,  3.4129e-01,  8.5161e-02,  3.7134e-01,
         8.0333e-01,  5.1882e-01,  3.6891e-01, -5.4020e-01, -4.2049e-01,
        -3.6017e-01, -6.9165e-02, -7.7701e-02,  5.4159e-01,  3.1075e-01,
         5.9327e-01,  2.1848e-01,  8.7054e-01,  9.0150e-01, -8.8177e-01,
        -7.5327e-01, -8.5151e-01,  2.2439e-01, -4.0717e-01, -3.8151e-01,
        -1.8105e-01, -6.5181e-02,  8.4880e-01,  9.8830e-02, -4.1764e-01,
        -3.4300e-01,  3.3293e-03,  6.5649e-01,  4.1814e-01,  7.8321e-01,
        -4.9283e-01,  7.2612e-01,  7.3870e-01, -3.6317e-01,  3.4864e-01,
        -8.4955e-01, -3.3989e-02,  4.0090e-01,  1.4801e-01,  3.7928e-01,
        -4.6170e-01, -1.8530e-01,  3.9878e-01, -7.9251e-02,  7.4601e-01,
        -2.4476e-01, -9.4018e-01,  5.4931e-01,  7.6764e-01,  6.6659e-01,
        -2.8765e-01, -2.2835e-01,  5.1553e-01,  4.9039e-01, -7.4526e-01,
         3.5904e-01,  6.0386e-01, -4.0183e-01, -8.7883e-01, -7.1613e-01,
         3.8002e-01,  5.5315e-01, -6.4572e-01,  2.7700e-01,  9.5608e-02,
        -9.1196e-01,  6.1738e-01,  5.2042e-01,  7.2658e-01,  2.8007e-01,
         3.2293e-01,  3.5583e-02,  8.6594e-01, -4.6178e-02, -6.6273e-01,
        -8.0625e-02, -4.7196e-01, -7.3394e-01,  5.5383e-02,  7.6236e-01,
         5.3853e-01, -2.5178e-02,  5.5353e-01, -5.8337e-01,  5.9702e-01,
         7.6474e-01, -3.5078e-01, -1.2266e-01,  7.7024e-01, -1.6336e-01,
        -1.8167e-02, -3.2684e-01, -2.3747e-01,  5.7851e-01,  1.7304e-01,
        -8.0076e-01, -5.5544e-01,  1.2863e-01,  3.3178e-01, -8.2182e-01,
        -7.4001e-01, -3.2521e-01,  1.0940e-01,  8.5049e-02, -3.7920e-01,
        -4.6157e-01,  6.6856e-01,  8.9440e-01,  8.1553e-01, -6.9129e-01,
        -8.7712e-04,  1.2971e-01,  5.7727e-01, -6.1391e-01,  4.0956e-01,
        -1.7196e-01,  6.8416e-01,  1.4841e-01, -5.5203e-01, -8.6806e-01,
         4.0253e-01,  5.6008e-01, -8.9653e-01, -1.5113e-01, -3.6343e-01,
        -8.6238e-01,  3.8699e-01,  2.7455e-01, -6.9455e-01,  5.5954e-01,
         6.9350e-01,  5.9160e-01, -8.5392e-01, -2.6227e-01,  8.0104e-01,
        -4.1174e-01, -5.0339e-01, -5.7269e-01, -3.5268e-01,  7.4930e-01,
        -9.0037e-01, -6.3409e-01,  8.0623e-01, -3.0832e-01, -9.4661e-01,
        -1.8101e-01,  5.2762e-01, -7.0575e-01, -2.3068e-01,  1.1554e-01,
        -7.4335e-01,  8.8214e-01,  7.1576e-01,  2.4370e-02, -2.8055e-01,
         4.2763e-01, -8.7302e-01,  2.0946e-01,  6.8637e-01,  1.3884e-01,
         1.2561e-01,  4.6846e-01,  1.5385e-01,  2.3349e-01, -6.6524e-01,
        -8.4128e-01,  2.1012e-01, -8.0504e-01,  4.9706e-01, -8.1834e-01,
        -4.6372e-01, -8.9259e-01, -8.8318e-02,  6.2186e-01, -4.6626e-01,
         5.4845e-01, -3.6799e-01, -4.8682e-01, -7.0169e-01,  7.2444e-01,
        -8.5965e-01,  4.3687e-01, -4.2142e-01,  6.0100e-01,  5.2048e-01,
        -4.6513e-01, -7.2332e-01,  3.3142e-01,  8.1798e-01,  5.3021e-01,
         4.8528e-01, -2.9981e-01, -7.3781e-01, -3.5445e-01,  8.7986e-01,
        -9.0878e-03,  5.6610e-01, -7.9079e-01,  1.6269e-01, -7.3016e-01,
        -1.6477e-01,  1.4990e-01, -5.1278e-01, -8.9696e-01,  1.9738e-01,
        -6.2778e-01, -2.3473e-01,  6.6622e-01,  1.1291e-01, -6.1984e-01,
         1.8542e-01, -6.7066e-01, -6.0658e-01, -7.5145e-01,  8.7991e-01,
        -1.4396e-01, -5.2628e-02,  1.4052e-01, -7.3261e-01, -8.3417e-01,
         3.9892e-01, -3.9078e-01,  5.8843e-01,  4.5512e-01,  6.8325e-01,
        -3.4718e-01, -8.5137e-01,  6.0232e-01, -1.6758e-01,  8.4085e-01,
        -4.3928e-01, -3.6786e-01, -6.8829e-01,  1.6839e-01,  6.4764e-01,
         5.6077e-01, -3.6734e-01,  6.4665e-01,  6.3169e-01, -6.9186e-01,
        -6.5601e-02, -2.1727e-02,  6.4487e-02, -3.7070e-01, -8.5050e-02,
         8.6321e-01, -5.6705e-01,  8.7219e-01, -5.8242e-01, -8.1939e-01,
        -4.0707e-01,  6.4612e-01, -8.5946e-01,  6.8199e-01,  6.9492e-01],
       device='cuda:1')
R 状态矩阵： torch.Size([5000, 1000])
r0 初始状态： tensor([-0.3863, -0.1097, -0.3168, -0.5728, -0.1291,  0.4360, -0.0925,  0.2025,
         0.1082,  0.0614,  0.7357,  0.1718,  0.1005, -0.2382, -0.4099, -0.1354,
         0.2560,  0.5923, -0.2283, -0.6214, -0.1400,  0.1356,  0.0374,  0.4695,
         0.1101, -0.1650, -0.7046,  0.1959, -0.4090, -0.3452,  0.1679, -0.1911,
        -0.2573,  0.1843, -0.7002, -0.0440, -0.0569, -0.6129,  0.3785,  0.4221,
         0.3272,  0.6947,  0.1438,  0.3743, -0.2442, -0.4377, -0.0256, -0.4791,
         0.3469, -0.2264,  0.3698, -0.1650, -0.5448, -0.6490,  0.4465, -0.2334,
        -0.2337,  0.0582,  0.2042, -0.0060, -0.2997,  0.0664,  0.4365, -0.3993,
         0.3865,  0.6464,  0.2260,  0.0491, -0.4487, -0.1428,  0.4202,  0.4429,
        -0.0591, -0.3192,  0.4342,  0.6960,  0.0305,  0.1791,  0.5274,  0.2047,
         0.1260,  0.1420,  0.1098, -0.5996,  0.4828,  0.4837, -0.0315,  0.3028,
        -0.3560, -0.3006, -0.0171,  0.4845, -0.4592, -0.0727, -0.3153, -0.6814,
         0.0174, -0.2936,  0.2402,  0.4781,  0.4021, -0.1285, -0.2600, -0.1268,
        -0.2689, -0.2005,  0.2642,  0.3498, -0.2838,  0.0770,  0.1897, -0.1481,
        -0.4712,  0.3101, -0.3566,  0.0549,  0.2048, -0.0480, -0.0184, -0.3550,
         0.3627,  0.1695, -0.0615, -0.0409,  0.0495,  0.5710,  0.5237,  0.2324,
         0.1275, -0.4267,  0.1792,  0.6361,  0.2498, -0.4094, -0.3457, -0.3469,
         0.6555, -0.4371, -0.1948,  0.2111,  0.3411,  0.0395,  0.0449, -0.0186,
        -0.3216,  0.3197,  0.3764,  0.3274, -0.3897, -0.0757, -0.3146,  0.1047,
        -0.4868, -0.4265,  0.3343, -0.0648, -0.5152, -0.5157,  0.4362, -0.2783,
        -0.0416, -0.0222,  0.2094,  0.1787, -0.0833, -0.0968, -0.5749, -0.3976,
         0.1795,  0.5585,  0.3295, -0.6707,  0.2561, -0.3735, -0.6772,  0.4567,
         0.2971,  0.2602, -0.3141, -0.3575,  0.2014,  0.2097,  0.4111,  0.6423,
        -0.2457,  0.4796,  0.4152, -0.0623, -0.3255,  0.1819, -0.0482,  0.0772,
        -0.1091, -0.0595, -0.3723,  0.4811,  0.0514, -0.2312,  0.6145,  0.4287,
        -0.0540,  0.4302, -0.7811, -0.1357, -0.5997,  0.5276, -0.1480,  0.2490,
        -0.6123,  0.2949, -0.1432, -0.2068,  0.4528, -0.6309,  0.2433, -0.4933,
        -0.0047, -0.1082,  0.0893,  0.4976, -0.5722,  0.3503,  0.6839,  0.1606,
        -0.6024, -0.1310,  0.4480, -0.5184, -0.1318, -0.2490, -0.3781, -0.4922,
         0.0607,  0.3772,  0.2727, -0.0325,  0.0029,  0.4409,  0.1845, -0.6312,
        -0.4323,  0.3619, -0.2072,  0.3411,  0.1042,  0.5052, -0.0396,  0.3161,
         0.1400,  0.6293,  0.4600,  0.2353,  0.1919,  0.6712, -0.1786, -0.1008,
         0.1912,  0.2211,  0.7327,  0.5127,  0.7469, -0.1755,  0.1808, -0.3902,
         0.2051, -0.1031, -0.3694, -0.3940,  0.1468,  0.7021, -0.1883, -0.3173,
        -0.4109,  0.0762,  0.2144,  0.4724, -0.0620, -0.6959, -0.7008, -0.4104,
         0.3562,  0.1511,  0.2994, -0.3962,  0.6010, -0.5306, -0.5077,  0.4532,
         0.0883, -0.1243,  0.6140,  0.4098, -0.1225, -0.7201, -0.1608, -0.3506,
        -0.5527,  0.0466,  0.1831,  0.4409,  0.2384, -0.2293, -0.4443, -0.4666,
         0.0516,  0.6444,  0.3414,  0.6231, -0.1016,  0.1838,  0.2501, -0.1652,
         0.1515,  0.7394, -0.4356, -0.2907, -0.1440, -0.6247,  0.1824, -0.4043,
        -0.2970, -0.5766, -0.0614, -0.2739,  0.1907, -0.2977,  0.1005,  0.4657,
        -0.4234,  0.1201,  0.1451,  0.2012, -0.2966, -0.0060,  0.4923,  0.3636,
         0.2028, -0.0586,  0.0546, -0.2305, -0.5535, -0.5808, -0.2557, -0.3720,
         0.0475, -0.4748, -0.0889, -0.1008, -0.1826,  0.1860,  0.5104,  0.0991,
        -0.1716,  0.6222, -0.1026,  0.4451,  0.0591, -0.3881,  0.2166, -0.0644,
        -0.5635,  0.5325, -0.0317,  0.2093, -0.5019,  0.0938, -0.3038,  0.6323,
        -0.2986, -0.1708, -0.3881,  0.7631, -0.3511,  0.1202,  0.7193, -0.4932,
         0.4530,  0.3530,  0.2256, -0.3275, -0.5470,  0.2288, -0.3177,  0.0656,
        -0.3641, -0.5120, -0.1406, -0.2022,  0.1603, -0.1626,  0.4103,  0.1689,
        -0.2399, -0.0958,  0.2751,  0.0938,  0.2181, -0.2213,  0.0160, -0.1627,
         0.7132, -0.1457,  0.0842,  0.0324, -0.2236,  0.1554,  0.1319, -0.1118,
         0.1306, -0.1778,  0.0647,  0.1156,  0.0853,  0.1582,  0.2051,  0.4912,
         0.5019, -0.4781, -0.0840,  0.2369, -0.3242, -0.0021,  0.4130,  0.0129,
        -0.2364, -0.5411,  0.3008, -0.5934,  0.3454,  0.5605, -0.2030, -0.3343,
        -0.1463,  0.2747, -0.1557, -0.1048,  0.1562, -0.6030,  0.1494, -0.0298,
         0.1158, -0.3504, -0.3698,  0.2770, -0.3960,  0.1348, -0.4016,  0.6253,
        -0.0329, -0.2401,  0.1485,  0.7236, -0.3681,  0.0804, -0.0182, -0.0543,
         0.0485,  0.2155,  0.4766, -0.2191,  0.4980, -0.2634, -0.6468, -0.3877,
         0.5159,  0.0921, -0.2607,  0.3368, -0.3126,  0.4132,  0.0917, -0.0484,
         0.0551,  0.2417, -0.1021,  0.3987, -0.2569,  0.1685, -0.3792, -0.1683,
        -0.0695,  0.3971, -0.0849, -0.3315, -0.2650,  0.1592,  0.0153,  0.3509,
        -0.4055, -0.0120, -0.1119, -0.3433,  0.1787,  0.7068, -0.4293, -0.2923,
        -0.4441, -0.0553, -0.3625, -0.0473,  0.2885,  0.8266, -0.7161, -0.2362,
         0.8794, -0.0672, -0.5148,  0.2359,  0.0273, -0.3678,  0.4803,  0.3302,
         0.1137,  0.3528,  0.4615, -0.1886,  0.0954,  0.7059,  0.5399,  0.5943,
         0.6303, -0.4556, -0.4093, -0.1258,  0.1319,  0.1497,  0.8332, -0.8248,
         0.6643, -0.4487,  0.6041, -0.3813, -0.0321, -0.8458,  0.3654,  0.7933,
         0.4003, -0.7276, -0.4521, -0.3460,  0.8123, -0.5299, -0.2363, -0.1196,
         0.4678, -0.5372,  0.5780, -0.4829, -0.3291, -0.7186, -0.0487, -0.1769,
        -0.1255,  0.4947,  0.3721, -0.7553,  0.5785, -0.5265, -0.7897, -0.7578,
        -0.8022, -0.0651,  0.2097, -0.3128, -0.8788,  0.4076,  0.1814, -0.1127,
        -0.8216,  0.4782,  0.4317,  0.7555, -0.5791,  0.4082, -0.5012,  0.3400,
        -0.4292,  0.2734, -0.3327, -0.6982, -0.1794,  0.2395,  0.1489,  0.1006,
         0.0048,  0.3054, -0.5039, -0.3280, -0.2866, -0.3855,  0.3525,  0.4513,
         0.3456, -0.7527,  0.6513, -0.5249,  0.0305,  0.8797,  0.0659,  0.5969,
        -0.6692,  0.4321, -0.0111, -0.5367, -0.6666, -0.1698, -0.7098,  0.6479,
        -0.2167,  0.5542,  0.2589,  0.5169,  0.5016,  0.3348,  0.4247,  0.1039,
         0.2620,  0.6480,  0.4622,  0.0937, -0.7225,  0.0161, -0.1418,  0.7667,
        -0.2612,  0.5754,  0.4509,  0.1682, -0.7825,  0.3459,  0.5449, -0.1545,
        -0.1057,  0.6906, -0.7791,  0.0227, -0.1490,  0.2084,  0.5702,  0.8210,
         0.0823,  0.3510,  0.1799,  0.2067, -0.4342, -0.1587, -0.3931,  0.2086,
        -0.7378,  0.2902, -0.5133, -0.3117,  0.9840, -0.4578,  0.7261,  0.6156,
         0.2775,  0.4796,  0.0289, -0.4774,  0.0684,  0.2594,  0.1413, -0.8035,
         0.6334, -0.6190, -0.0234,  0.1284, -0.0397,  0.0753, -0.6556, -0.7072,
        -0.8533,  0.3933,  0.7288,  0.1134, -0.1158, -0.5241,  0.4729, -0.4097,
         0.3349, -0.5303, -0.6097, -0.3135, -0.2626,  0.0176,  0.3674, -0.3879,
         0.2053, -0.8257,  0.4918,  0.7993,  0.1836,  0.1059, -0.6102,  0.5420,
         0.0150,  0.7974,  0.6493,  0.6965,  0.2921, -0.0279,  0.2852,  0.5133,
         0.8218, -0.5778, -0.2961,  0.4652, -0.1652, -0.0898, -0.1168, -0.8812,
         0.5570, -0.7122,  0.4892,  0.2774,  0.5059,  0.1078, -0.0294,  0.6851,
        -0.8720, -0.2155, -0.3819, -0.4216, -0.6528, -0.2554,  0.3456,  0.1743,
         0.1658, -0.3421,  0.3088,  0.5785, -0.2053, -0.4915, -0.3180, -0.0772,
        -0.7731, -0.2578,  0.4900, -0.7081, -0.1195, -0.0126, -0.0509, -0.6862,
         0.3644, -0.4622, -0.3809, -0.4853, -0.2102,  0.0704,  0.1653, -0.4072,
         0.7384,  0.3005,  0.4877, -0.0881,  0.2453, -0.1153,  0.5430, -0.6478,
        -0.3245,  0.1279, -0.0691,  0.3092, -0.7328,  0.3449, -0.6084, -0.0142,
         0.0876, -0.0042, -0.3476, -0.4692,  0.2037,  0.8225, -0.7129,  0.0194,
         0.6350, -0.0770,  0.6302,  0.2532,  0.0955, -0.8122,  0.6481,  0.4535,
        -0.8161, -0.6296, -0.4582,  0.6247, -0.1244,  0.0178, -0.2158, -0.3384,
         0.3304, -0.7654, -0.1443, -0.7784, -0.5064,  0.6325,  0.4508, -0.5808,
         0.6350, -0.3369, -0.5773,  0.2407, -0.8761, -0.0364,  0.3974, -0.0962,
         0.1883, -0.7100,  0.4908,  0.8113, -0.6363,  0.8438,  0.6271,  0.6286,
        -0.2817, -0.0661, -0.7628,  0.1089, -0.2750, -0.5128, -0.1618, -0.2500,
         0.6912, -0.6560, -0.3965,  0.8129,  0.3376, -0.7383,  0.0592,  0.6083,
        -0.1905, -0.1617,  0.4925,  0.7827,  0.4951, -0.6263, -0.1896,  0.5075,
        -0.0947, -0.5252,  0.1409, -0.2528,  0.2801,  0.6084,  0.4405,  0.7735,
         0.0499,  0.8463,  0.6582, -0.2766, -0.2210,  0.2732,  0.0583,  0.6441,
         0.3958, -0.1045, -0.3929,  0.7987,  0.6675, -0.7831,  0.2284, -0.2087,
         0.3908, -0.3657,  0.3615,  0.1684, -0.8028, -0.3268,  0.5958,  0.2040,
        -0.8637,  0.5701,  0.3055,  0.7602,  0.4609, -0.7208, -0.3598,  0.4474,
        -0.2930, -0.4464,  0.3920, -0.5092,  0.5969, -0.6467,  0.5275, -0.6044,
        -0.5321,  0.4560,  0.2702,  0.4467,  0.5339, -0.5369, -0.0349, -0.3772,
         0.8685,  0.1581,  0.3566,  0.6599, -0.9112, -0.3891, -0.8911, -0.4535,
        -0.2734,  0.1439,  0.1709,  0.3873, -0.6711,  0.5548,  0.0893, -0.5254,
         0.4392,  0.3219,  0.2131,  0.8427,  0.6568,  0.8257, -0.9238,  0.2403,
         0.2901,  0.7846,  0.1005,  0.2221,  0.7800, -0.0346,  0.0682, -0.6529,
        -0.4757, -0.0982,  0.5548,  0.6296, -0.1137,  0.3406,  0.8332, -0.4628,
         0.3569,  0.6489,  0.2342,  0.0607, -0.4341, -0.1551, -0.8312,  0.1900,
         0.4415,  0.3522, -0.5657,  0.5990,  0.7749,  0.8275,  0.9457, -0.3500,
         0.2895,  0.8367, -0.7345, -0.1425, -0.9391,  0.7005,  0.8472, -0.1888,
        -0.4573, -0.0547,  0.8759,  0.7232, -0.5683,  0.0139, -0.8217,  0.4297,
         0.3976, -0.5944, -0.6365,  0.7942, -0.8714, -0.8150, -0.1801, -0.4279,
         0.1667, -0.2696,  0.3091, -0.3011, -0.3931, -0.5185,  0.6638,  0.2087,
        -0.4058,  0.8178, -0.8101,  0.6069,  0.3943,  0.5073, -0.1897, -0.1641,
         0.4321, -0.4516,  0.4222, -0.2663,  0.7380,  0.7772,  0.8596,  0.4070],
       device='cuda:1')[I 2025-10-02 13:17:42,715] Trial 28 finished with value: 2.108261505762736 and parameters: {'n_units': 1000, 'alpha': 0.7000000000000001, 'sigma_in': 0.9, 'rho': 0.7000000000000001, 'tikh': 0.01, 'option': 2}. Best is trial 25 with value: 0.7064972519874573.
[I 2025-10-02 13:18:11,960] Trial 29 finished with value: 0.5422939757506052 and parameters: {'n_units': 4000, 'alpha': 0.9, 'sigma_in': 0.9, 'rho': 0.6, 'tikh': 0.1, 'option': 3}. Best is trial 29 with value: 0.5422939757506052.
[I 2025-10-02 13:19:32,889] Trial 30 finished with value: 181169.1440525055 and parameters: {'n_units': 4000, 'alpha': 0.9, 'sigma_in': 0.9, 'rho': 0.6, 'tikh': 1e-06, 'option': 3}. Best is trial 29 with value: 0.5422939757506052.
[I 2025-10-02 13:20:10,782] Trial 31 finished with value: 0.8237342039744059 and parameters: {'n_units': 4000, 'alpha': 0.9, 'sigma_in': 0.9, 'rho': 0.7000000000000001, 'tikh': 0.1, 'option': 3}. Best is trial 29 with value: 0.5422939757506052.
[I 2025-10-02 13:21:03,413] Trial 32 finished with value: 4.691151022911072 and parameters: {'n_units': 4000, 'alpha': 0.9, 'sigma_in': 0.8, 'rho': 0.6, 'tikh': 0.1, 'option': 3}. Best is trial 29 with value: 0.5422939757506052.
[I 2025-10-02 13:22:11,329] Trial 33 finished with value: 0.7487840255101522 and parameters: {'n_units': 4000, 'alpha': 0.8, 'sigma_in': 1.0, 'rho': 0.6, 'tikh': 0.1, 'option': 3}. Best is trial 29 with value: 0.5422939757506052.
[I 2025-10-02 13:22:55,701] Trial 34 finished with value: 272.1520182291667 and parameters: {'n_units': 4000, 'alpha': 0.8, 'sigma_in': 1.0, 'rho': 0.6, 'tikh': 1e-05, 'option': 3}. Best is trial 29 with value: 0.5422939757506052.
[I 2025-10-02 13:23:24,054] Trial 35 finished with value: 3587.8132858276367 and parameters: {'n_units': 4000, 'alpha': 0.7000000000000001, 'sigma_in': 1.0, 'rho': 0.7000000000000001, 'tikh': 0.001, 'option': 3}. Best is trial 29 with value: 0.5422939757506052.
[I 2025-10-02 13:23:50,867] Trial 36 finished with value: 713.6798756917318 and parameters: {'n_units': 4000, 'alpha': 0.7000000000000001, 'sigma_in': 0.9, 'rho': 0.9, 'tikh': 0.0001, 'option': 3}. Best is trial 29 with value: 0.5422939757506052.
[I 2025-10-02 13:24:37,342] Trial 37 finished with value: 33.52597286303838 and parameters: {'n_units': 5000, 'alpha': 0.8, 'sigma_in': 1.0, 'rho': 0.8, 'tikh': 0.1, 'option': 3}. Best is trial 29 with value: 0.5422939757506052.
[I 2025-10-02 13:25:15,116] Trial 38 finished with value: 178.75184313456217 and parameters: {'n_units': 2000, 'alpha': 0.6, 'sigma_in': 0.9, 'rho': 1.0, 'tikh': 1e-07, 'option': 3}. Best is trial 29 with value: 0.5422939757506052.
[I 2025-10-02 13:25:50,686] Trial 39 finished with value: 6567848.0625 and parameters: {'n_units': 4000, 'alpha': 0.5, 'sigma_in': 0.8, 'rho': 0.8, 'tikh': 1e-05, 'option': 1}. Best is trial 29 with value: 0.5422939757506052.
[I 2025-10-02 13:26:28,595] Trial 40 finished with value: 0.7673638065656027 and parameters: {'n_units': 4000, 'alpha': 0.9, 'sigma_in': 0.4, 'rho': 0.6, 'tikh': 0.1, 'option': 3}. Best is trial 29 with value: 0.5422939757506052.
[I 2025-10-02 13:26:52,654] Trial 41 finished with value: 937.9642702738444 and parameters: {'n_units': 3000, 'alpha': 1.0, 'sigma_in': 0.6, 'rho': 0.4, 'tikh': 0.1, 'option': 1}. Best is trial 29 with value: 0.5422939757506052.
[I 2025-10-02 13:27:48,871] Trial 42 finished with value: 1.6955105662345886 and parameters: {'n_units': 5000, 'alpha': 1.0, 'sigma_in': 0.9, 'rho': 0.6, 'tikh': 0.1, 'option': 3}. Best is trial 29 with value: 0.5422939757506052.
[I 2025-10-02 13:28:24,193] Trial 43 finished with value: 0.6398924986521403 and parameters: {'n_units': 3000, 'alpha': 0.9, 'sigma_in': 1.0, 'rho': 0.7000000000000001, 'tikh': 0.1, 'option': 2}. Best is trial 29 with value: 0.5422939757506052.

Test Loss for each rep: [3.1250815, 1.0614557, 2.1382473]
R 状态矩阵： torch.Size([5000, 4000])
r0 初始状态： tensor([ 0.5971, -0.5586, -0.6157,  ...,  0.4985,  0.8083,  0.6308],
       device='cuda:1')
R 状态矩阵： torch.Size([5000, 4000])
r0 初始状态： tensor([-0.0365, -0.1790,  0.0208,  ...,  0.5860, -0.6469, -0.7356],
       device='cuda:1')
R 状态矩阵： torch.Size([5000, 4000])
r0 初始状态： tensor([ 0.0410, -0.1015, -0.4381,  ...,  0.6575, -0.0165,  0.2197],
       device='cuda:1')
Test Loss for each rep: [0.6181163, 0.44681606, 0.56194955]
R 状态矩阵： torch.Size([5000, 4000])
r0 初始状态： tensor([-0.0319, -0.0013, -0.0203,  ...,  0.3662,  0.4651, -0.5074],
       device='cuda:1')
R 状态矩阵： torch.Size([5000, 4000])
r0 初始状态： tensor([ 0.0220, -0.1530,  0.3556,  ..., -0.6563, -0.2636, -0.2915],
       device='cuda:1')
R 状态矩阵： torch.Size([5000, 4000])
r0 初始状态： tensor([ 0.0789, -0.0905, -0.2888,  ...,  0.5726, -0.1041,  0.2238],
       device='cuda:1')
Test Loss for each rep: [1233.8137, 542251.9, 21.743437]
R 状态矩阵： torch.Size([5000, 4000])
r0 初始状态： tensor([ 0.2024,  0.6302,  0.3979,  ..., -0.1407,  0.4607, -0.5216],
       device='cuda:1')
R 状态矩阵： torch.Size([5000, 4000])
r0 初始状态： tensor([ 0.6326, -0.4539, -0.2555,  ..., -0.0794,  0.7179, -0.4524],
       device='cuda:1')
R 状态矩阵： torch.Size([5000, 4000])
r0 初始状态： tensor([-0.2269, -0.2065,  0.0142,  ...,  0.3460,  0.1447, -0.3957],
       device='cuda:1')
Test Loss for each rep: [1.1965587, 0.5433815, 0.7312624]
R 状态矩阵： torch.Size([5000, 4000])
r0 初始状态： tensor([ 0.3440,  0.4615,  0.1820,  ...,  0.1330, -0.0111,  0.3438],
       device='cuda:1')
R 状态矩阵： torch.Size([5000, 4000])
r0 初始状态： tensor([ 0.3052,  0.4645, -0.2248,  ...,  0.0020, -0.1581, -0.0226],
       device='cuda:1')
R 状态矩阵： torch.Size([5000, 4000])
r0 初始状态： tensor([ 0.0152,  0.3262,  0.0010,  ..., -0.4384,  0.2344, -0.1572],
       device='cuda:1')
Test Loss for each rep: [0.69251, 3.010208, 10.370735]
R 状态矩阵： torch.Size([5000, 4000])
r0 初始状态： tensor([ 0.0068,  0.0051, -0.3154,  ..., -0.4091,  0.1767,  0.2614],
       device='cuda:1')
R 状态矩阵： torch.Size([5000, 4000])
r0 初始状态： tensor([ 0.0115,  0.1421,  0.1509,  ...,  0.0757,  0.7511, -0.4702],
       device='cuda:1')
R 状态矩阵： torch.Size([5000, 4000])
r0 初始状态： tensor([-0.2194, -0.2404,  0.1657,  ...,  0.0344, -0.5984, -0.8834],
       device='cuda:1')
Test Loss for each rep: [0.94268507, 0.69476974, 0.60889727]
R 状态矩阵： torch.Size([5000, 4000])
r0 初始状态： tensor([ 0.7026, -0.0984, -0.2769,  ..., -0.0625, -0.5780,  0.4806],
       device='cuda:1')
R 状态矩阵： torch.Size([5000, 4000])
r0 初始状态： tensor([-0.3050, -0.1943, -0.0527,  ...,  0.3971,  0.6079, -0.0917],
       device='cuda:1')
R 状态矩阵： torch.Size([5000, 4000])
r0 初始状态： tensor([ 0.3702,  0.0185,  0.4466,  ...,  0.0290, -0.1254, -0.3471],
       device='cuda:1')
Test Loss for each rep: [251.85664, 165.01491, 399.5845]
R 状态矩阵： torch.Size([5000, 4000])
r0 初始状态： tensor([ 0.3794,  0.0296, -0.2567,  ..., -0.2370, -0.3832,  0.6713],
       device='cuda:1')
R 状态矩阵： torch.Size([5000, 4000])
r0 初始状态： tensor([ 0.3540,  0.3942, -0.0189,  ...,  0.9375, -0.7899,  0.7792],
       device='cuda:1')
R 状态矩阵： torch.Size([5000, 4000])
r0 初始状态： tensor([ 0.2726,  0.3798,  0.0407,  ..., -0.0374,  0.0629,  0.0155],
       device='cuda:1')
Test Loss for each rep: [10609.508, 72.35685, 81.575195]
R 状态矩阵： torch.Size([5000, 4000])
r0 初始状态： tensor([ 0.3693, -0.5410, -0.6516,  ...,  0.4479,  0.3172, -0.7016],
       device='cuda:1')
R 状态矩阵： torch.Size([5000, 4000])
r0 初始状态： tensor([-0.0138,  0.1300,  0.0561,  ...,  0.3409,  0.5714,  0.3308],
       device='cuda:1')
R 状态矩阵： torch.Size([5000, 4000])
r0 初始状态： tensor([-0.3029, -0.0379,  0.0635,  ..., -0.3357,  0.5696, -0.0256],
       device='cuda:1')
Test Loss for each rep: [478.4304, 1492.8734, 169.73582]
R 状态矩阵： torch.Size([5000, 5000])
r0 初始状态： tensor([-0.6818,  0.4636, -0.1067,  ...,  0.0729, -0.1341,  0.3768],
       device='cuda:1')
R 状态矩阵： torch.Size([5000, 5000])
r0 初始状态： tensor([ 0.0620,  0.1572, -0.2835,  ..., -0.7281, -0.6466, -0.8953],
       device='cuda:1')
R 状态矩阵： torch.Size([5000, 5000])
r0 初始状态： tensor([-0.2044, -0.7754,  0.0715,  ...,  0.5093, -0.0382, -0.0458],
       device='cuda:1')
Test Loss for each rep: [98.69054, 1.0939577, 0.7934244]
R 状态矩阵： torch.Size([5000, 2000])
r0 初始状态： tensor([-0.2927, -0.1044, -0.3148,  ...,  0.6434, -0.3805,  0.4826],
       device='cuda:1')
R 状态矩阵： torch.Size([5000, 2000])
r0 初始状态： tensor([-0.8676,  0.0274,  0.5603,  ...,  0.2687,  0.3562,  0.5499],
       device='cuda:1')
R 状态矩阵： torch.Size([5000, 2000])
r0 初始状态： tensor([ 0.0883,  0.5316, -0.0297,  ..., -0.9233, -0.4788, -0.8872],
       device='cuda:1')
Test Loss for each rep: [31.400705, 33.190487, 471.66434]
R 状态矩阵： torch.Size([5000, 4000])
r0 初始状态： tensor([-0.1276, -0.0099, -0.0499,  ...,  0.0564,  0.0324, -0.1793],
       device='cuda:1')
R 状态矩阵： torch.Size([5000, 4000])
r0 初始状态： tensor([ 0.0558, -0.0385,  0.0948,  ...,  0.8417, -0.4436,  0.8870],
       device='cuda:1')
R 状态矩阵： torch.Size([5000, 4000])
r0 初始状态： tensor([ 0.0959, -0.1824, -0.0050,  ..., -0.9920, -0.5351,  0.9232],
       device='cuda:1')
Test Loss for each rep: [5143739.0, 13552372.0, 1007433.2]
R 状态矩阵： torch.Size([5000, 4000])
r0 初始状态： tensor([ 0.1437,  0.0251, -0.0407,  ...,  0.0159, -0.2071,  0.1535],
       device='cuda:1')
R 状态矩阵： torch.Size([5000, 4000])
r0 初始状态： tensor([-0.0783, -0.0582, -0.1648,  ..., -0.1950, -0.1114, -0.1923],
       device='cuda:1')
R 状态矩阵： torch.Size([5000, 4000])
r0 初始状态： tensor([-0.0095, -0.0135,  0.0127,  ..., -0.4045, -0.1686, -0.4207],
       device='cuda:1')
Test Loss for each rep: [0.63499475, 0.76653636, 0.9005603]
R 状态矩阵： torch.Size([5000, 3000])
r0 初始状态： tensor([-0.4774,  0.0811, -0.1647,  ..., -0.6838,  0.3232, -0.5832],
       device='cuda:1')
R 状态矩阵： torch.Size([5000, 3000])
r0 初始状态： tensor([-0.2045, -0.1988, -0.1038,  ...,  0.2639, -0.5361,  0.5210],
       device='cuda:1')
R 状态矩阵： torch.Size([5000, 3000])
r0 初始状态： tensor([ 0.0202,  0.0143, -0.0124,  ...,  0.6602, -0.2353, -0.9636],
       device='cuda:1')
Test Loss for each rep: [1077.5537, 1678.3517, 57.987415]
R 状态矩阵： torch.Size([5000, 5000])
r0 初始状态： tensor([-0.0130,  0.3740, -0.4200,  ..., -0.1212,  0.8732,  0.1238],
       device='cuda:1')
R 状态矩阵： torch.Size([5000, 5000])
r0 初始状态： tensor([-0.0698,  0.0184,  0.0373,  ...,  0.4661, -0.2355, -0.3102],
       device='cuda:1')
R 状态矩阵： torch.Size([5000, 5000])
r0 初始状态： tensor([ 0.0040, -0.0403,  0.6994,  ...,  0.2423, -0.2333, -0.4981],
       device='cuda:1')
Test Loss for each rep: [0.6253669, 3.7856858, 0.675479]
R 状态矩阵： torch.Size([5000, 3000])
r0 初始状态： tensor([-0.2901,  0.0498, -0.0636,  ..., -0.7904,  0.2088, -0.7871],
       device='cuda:1')
R 状态矩阵： torch.Size([5000, 3000])
r0 初始状态： tensor([-0.0228, -0.3596,  0.0356,  ..., -0.0272,  0.4666, -0.3592],
       device='cuda:1')
R 状态矩阵： torch.Size([5000, 3000])
r0 初始状态： tensor([-0.2222, -0.1488,  0.5460,  ..., -0.1883, -0.2857, -0.2213],
       device='cuda:1')
Test Loss for each rep: [0.62858295, 0.6461911, 0.6449034]
R 状态矩阵： torch.Size([5000, 2000])
r0 初始状态： tensor([-0.2748,  0.0251, -0.0633,  ...,  0.4029,  0.3317,  0.0525],
       device='cuda:1')
R 状态矩阵： torch.Size([5000, 2000])
r0 初始状态： [I 2025-10-02 13:28:47,349] Trial 44 finished with value: 54.227979024251304 and parameters: {'n_units': 2000, 'alpha': 0.8, 'sigma_in': 1.0, 'rho': 0.7000000000000001, 'tikh': 0.001, 'option': 2}. Best is trial 29 with value: 0.5422939757506052.
[I 2025-10-02 13:29:16,020] Trial 45 finished with value: 1515412725.9661458 and parameters: {'n_units': 4000, 'alpha': 0.9, 'sigma_in': 1.0, 'rho': 0.7000000000000001, 'tikh': 0.0001, 'option': 1}. Best is trial 29 with value: 0.5422939757506052.
[I 2025-10-02 13:29:40,044] Trial 46 finished with value: 0.6576765676339468 and parameters: {'n_units': 3000, 'alpha': 0.30000000000000004, 'sigma_in': 1.0, 'rho': 0.8, 'tikh': 0.1, 'option': 3}. Best is trial 29 with value: 0.5422939757506052.
tensor([-0.7046,  0.0511,  0.1905,  ..., -0.4777, -0.0964, -0.8654],
       device='cuda:1')
R 状态矩阵： torch.Size([5000, 2000])
r0 初始状态： tensor([ 0.3832, -0.1550, -0.0960,  ..., -0.5152, -0.1190, -0.5519],
       device='cuda:1')
Test Loss for each rep: [74.99583, 41.354546, 46.333565]
R 状态矩阵： torch.Size([5000, 4000])
r0 初始状态： tensor([ 0.1775,  0.2270, -0.2262,  ..., -0.1847,  0.0624,  0.0081],
       device='cuda:1')
R 状态矩阵： torch.Size([5000, 4000])
r0 初始状态： tensor([ 0.2216,  0.3098, -0.2775,  ...,  0.0115,  0.9767, -0.9526],
       device='cuda:1')
R 状态矩阵： torch.Size([5000, 4000])
r0 初始状态： tensor([-0.0356, -0.2760,  0.2464,  ...,  0.4169, -0.7869, -0.6332],
       device='cuda:1')
Test Loss for each rep: [84644.15, 2957885.8, 4543195600.0]
R 状态矩阵： torch.Size([5000, 3000])
r0 初始状态： tensor([ 0.1177, -0.1491,  0.1153,  ...,  0.4724,  0.6273,  0.0674],
       device='cuda:1')
R 状态矩阵： torch.Size([5000, 3000])
r0 初始状态： tensor([ 0.0093,  0.1533, -0.4142,  ...,  0.6734, -0.2179, -0.0713],
       device='cuda:1')
R 状态矩阵： torch.Size([5000, 3000])
r0 初始状态： tensor([ 0.7684, -0.2386,  0.6811,  ..., -0.1924,  0.0540, -0.3450],
       device='cuda:1')
Test Loss for each rep: [0.41067258, 0.82730263, 0.7350545]
R 状态矩阵： torch.Size([5000, 1000])
r0 初始状态： tensor([ 4.9029e-01, -3.0711e-02, -7.0061e-01,  3.9836e-01, -5.2455e-01,
        -5.0746e-01, -2.2280e-01,  4.0775e-01,  3.8556e-01,  4.5894e-01,
         1.0800e-01, -4.3806e-01, -5.8206e-01,  2.8123e-01,  4.7505e-01,
         5.1523e-01,  3.2144e-01, -5.7315e-01,  2.5412e-01, -4.8034e-01,
        -4.8662e-01,  9.0771e-02, -6.5775e-02, -7.7617e-02, -2.1580e-01,
        -4.6756e-02, -6.0488e-01, -5.4902e-01, -2.0555e-01,  4.8418e-02,
        -2.1292e-02, -6.7041e-01, -1.0575e-01,  1.9441e-01,  2.9517e-01,
        -6.4094e-01,  8.6913e-01, -6.6090e-01,  1.2550e-01, -6.4684e-02,
        -2.5253e-01,  4.7050e-01,  2.9944e-01,  1.7702e-01,  1.7450e-01,
        -4.0237e-01, -5.9474e-01, -2.9308e-01, -5.1065e-01,  4.3810e-01,
         2.0004e-01,  2.2430e-01, -1.4475e-01,  6.1245e-02, -2.4721e-01,
        -1.2027e-01, -5.1073e-01,  5.8720e-01,  2.9004e-01,  2.2104e-01,
         5.5074e-01, -3.1358e-01, -5.3806e-01, -5.5064e-01, -1.0892e-01,
         1.5107e-01, -1.1521e-01, -6.2227e-02,  3.4000e-01,  4.6265e-01,
         1.7986e-01,  3.8639e-01,  3.4829e-02,  2.7517e-01, -1.0644e-01,
         1.0510e-01,  5.4935e-01,  2.7671e-01, -2.3120e-01, -3.5698e-01,
        -2.9236e-01, -5.8042e-01,  4.8572e-01, -2.7978e-01,  3.8079e-01,
        -6.9462e-02, -1.8392e-01, -2.7367e-01, -6.5705e-01, -2.2306e-01,
        -1.2561e-01,  9.4031e-02,  5.9076e-01,  1.4100e-01, -1.5284e-01,
         5.0982e-02,  3.5867e-03, -5.6511e-01, -6.4761e-02,  7.6281e-01,
         6.6657e-02, -1.5961e-01,  7.5306e-03,  4.9118e-02, -3.1152e-01,
         2.7748e-01,  2.9930e-01,  3.6591e-01,  6.0766e-01, -1.7857e-01,
         6.1148e-01,  6.6484e-01,  3.0064e-01,  5.4983e-02,  6.1211e-02,
        -5.4528e-01,  2.1666e-01,  2.5683e-01, -1.3132e-01, -4.4171e-02,
        -3.8557e-01, -4.0865e-01,  3.3582e-01,  2.1533e-01,  4.7180e-01,
        -1.3506e-01,  7.2017e-01, -5.7180e-01, -5.4578e-01,  4.2282e-01,
         5.8156e-01, -2.0973e-01,  1.4654e-02,  7.4452e-01, -4.6154e-01,
        -5.7963e-01,  4.1160e-01,  3.3306e-01,  6.0262e-01,  6.4641e-01,
         3.0682e-01,  2.1615e-01,  4.7537e-01,  5.6784e-01, -5.3016e-01,
        -7.0953e-01,  2.9289e-01, -1.5376e-02, -9.9935e-02, -3.6750e-01,
        -5.9950e-01,  3.5330e-01,  4.8024e-01,  5.5504e-01, -6.7122e-01,
        -4.0452e-01, -2.5767e-01, -6.1045e-01, -6.7909e-01,  4.1603e-01,
        -6.3022e-01,  6.9122e-02, -3.0442e-01, -4.8715e-01,  6.9749e-01,
         5.0425e-01,  3.1643e-02, -7.0188e-02, -7.7418e-01,  7.3075e-01,
         6.2191e-01, -1.2802e-01, -5.2379e-01, -4.0058e-01, -5.6750e-01,
        -7.9436e-01,  2.7572e-01,  6.0045e-01, -1.9520e-02,  3.6048e-01,
         8.6852e-01,  4.4414e-01, -1.6869e-01,  7.3659e-01, -2.4746e-01,
         1.1748e-01, -2.6610e-01,  3.4129e-01,  4.4025e-01,  6.0067e-01,
        -7.3392e-01,  3.7244e-01, -5.2164e-01, -2.7929e-01,  1.4756e-01,
        -3.4295e-01, -3.7466e-01,  2.6506e-03,  4.5152e-01, -4.5090e-01,
        -4.2132e-02, -1.4767e-01,  1.9084e-01,  5.5880e-01, -1.5083e-02,
         6.1234e-01,  2.6274e-01,  4.2040e-01, -5.0627e-02,  5.5717e-01,
        -5.4528e-01, -1.9106e-01,  2.8249e-01, -7.0810e-01,  5.4558e-01,
        -3.0517e-01,  5.0880e-01, -1.3104e-01, -2.9169e-02, -1.9025e-01,
        -4.4187e-01, -6.7017e-01, -3.8715e-01, -4.2112e-01, -5.1594e-02,
         3.1691e-01, -1.9331e-01, -7.0482e-02, -2.3769e-01,  5.6492e-01,
         3.1570e-01,  2.9221e-01, -3.6702e-01,  1.2567e-01,  3.5667e-01,
         5.3583e-01,  1.9954e-01, -1.6532e-02, -2.5768e-01, -6.2145e-01,
         4.3492e-01,  1.0683e-01, -3.5764e-01,  5.1461e-01, -3.5408e-01,
        -4.1306e-01, -6.2523e-01,  5.9144e-01, -1.6118e-01,  3.2471e-01,
        -1.6366e-01, -9.1953e-03,  4.7256e-02,  1.3369e-01,  1.8093e-01,
        -1.8449e-01,  9.7984e-02, -9.7934e-02, -1.8896e-01,  2.0962e-01,
        -5.8922e-02,  2.5583e-01,  6.8542e-02, -5.6960e-02,  1.2542e-01,
         1.0107e-01,  1.1573e-01,  1.1297e-01,  9.1427e-02, -4.2270e-02,
        -7.6674e-02, -7.6139e-02,  1.1190e-01, -1.3123e-01, -1.4419e-02,
        -1.5360e-01, -2.3917e-01,  1.7865e-01,  1.0561e-01,  1.9361e-01,
        -1.4572e-01, -7.3089e-02, -7.5318e-02,  1.0779e-01,  2.7457e-02,
        -7.6601e-02, -1.6574e-01,  6.7501e-02, -4.4921e-02,  6.4734e-02,
         8.1355e-02,  4.9580e-02, -7.1019e-02,  1.0933e-03, -6.4814e-02,
         1.5847e-02, -8.0827e-02, -1.6815e-01,  1.4286e-01, -4.0295e-02,
        -4.0070e-02, -1.1684e-02,  1.4134e-01, -4.0379e-04,  2.8580e-02,
        -1.7047e-01,  2.3304e-02, -3.1067e-02,  3.1793e-02, -1.1450e-01,
         2.0864e-01, -1.4369e-01, -3.8143e-02, -1.0162e-02, -1.1670e-01,
        -1.0413e-01, -1.9979e-01,  4.1911e-02, -2.0754e-01,  1.4356e-01,
         2.8058e-02, -6.2001e-02, -2.3337e-02, -1.3444e-01, -8.2429e-02,
        -1.8255e-01,  2.1689e-03,  1.2824e-01,  1.3436e-01,  3.4824e-02,
         6.9799e-02,  1.0672e-01, -2.0818e-01,  1.0216e-01,  9.4706e-02,
         1.0552e-02, -6.3445e-03, -9.4815e-02, -4.6642e-02,  6.1212e-02,
         1.8651e-02, -2.1670e-01,  1.1114e-02,  1.7396e-01, -1.2817e-01,
         2.7446e-02,  9.9894e-02,  2.9646e-02,  1.9387e-02,  3.9163e-02,
        -7.5612e-03,  2.5531e-02, -9.0767e-02,  1.7843e-01, -9.7530e-02,
        -6.9805e-02,  1.1954e-01,  1.7037e-01,  1.2611e-01, -4.0835e-02,
        -1.8543e-01,  1.1634e-01, -1.2947e-01,  1.4671e-02,  1.0103e-03,
         9.4298e-02,  7.4061e-02, -1.9160e-01, -1.2959e-02,  1.2090e-01,
        -2.1219e-01, -1.5271e-01, -6.0040e-02,  1.3093e-01,  1.1837e-01,
        -1.2042e-01, -5.7174e-03, -2.1570e-01,  5.8980e-02, -3.7857e-02,
        -2.2777e-01,  7.4121e-02,  4.6393e-02, -1.9971e-02, -8.8225e-02,
         2.2902e-01,  1.2634e-01,  1.6832e-02,  9.8636e-02, -1.1998e-02,
        -5.0160e-03,  9.2009e-02, -1.2354e-01, -1.2387e-02,  4.3820e-02,
         8.8698e-03, -7.9043e-02,  3.2459e-02, -7.3750e-02,  2.0961e-02,
        -3.1182e-01, -3.4805e-02,  2.6885e-01, -7.4618e-02,  1.5848e-01,
         8.5905e-02,  6.5181e-04, -1.0901e-01,  1.2124e-01,  3.0877e-02,
         8.6479e-02, -6.9665e-02, -1.6070e-01, -2.8171e-02,  1.8416e-02,
        -1.5973e-02, -1.0973e-01, -1.7082e-01,  7.0654e-02, -1.0169e-01,
        -1.5543e-01, -4.9660e-02, -1.6264e-02,  5.2372e-02,  1.6756e-01,
        -2.8124e-02, -1.0398e-01,  5.1077e-02,  9.9941e-02, -6.2699e-02,
         1.7546e-01, -1.1164e-01,  7.8148e-02,  1.7844e-01,  3.2519e-02,
         1.7273e-01,  1.5166e-01,  2.4502e-02, -7.5961e-02, -6.7362e-02,
        -6.7977e-02,  1.5916e-01, -1.2193e-02,  1.0691e-01, -1.3627e-01,
         5.8660e-02, -3.2158e-02,  6.1924e-02,  5.0003e-02, -6.1248e-02,
         1.2984e-02, -9.1833e-02,  6.1103e-02,  1.0125e-01, -6.6652e-02,
        -2.5225e-02, -2.0385e-01,  9.8065e-02,  9.8267e-04,  8.8797e-02,
        -8.0071e-02,  4.4164e-03, -1.2325e-01, -7.2876e-02, -3.7991e-02,
        -1.2856e-01,  4.3538e-02,  2.1194e-02,  2.0140e-01,  1.0704e-01,
         5.9703e-02, -8.1155e-02,  1.7331e-01,  6.1773e-02,  1.1650e-01,
        -6.8252e-05, -2.4199e-02, -1.7998e-01,  1.7668e-01, -7.0672e-03,
        -1.6392e-01, -1.8383e-02, -4.6690e-02, -6.7634e-02,  1.9812e-01,
        -1.0885e-01,  3.4160e-03, -4.6405e-02,  6.5927e-02, -1.9126e-01,
        -6.5815e-02, -1.3189e-01,  9.4893e-03, -1.5541e-01,  1.4337e-01,
         1.3376e-02, -5.2925e-02,  1.1574e-01,  5.3980e-02, -7.2705e-02,
        -4.2585e-01, -4.1283e-02, -1.5245e-01,  3.1713e-01,  7.7232e-01,
        -7.5241e-01, -3.2052e-01, -6.2448e-01,  1.9501e-01,  2.8013e-01,
        -2.7395e-01, -5.0312e-01, -7.5649e-01, -7.1096e-01, -4.3156e-01,
        -2.7585e-01,  4.8057e-01, -7.0029e-01,  3.3408e-01, -6.5045e-01,
        -2.5636e-01,  4.7741e-01, -2.7157e-01,  4.2825e-01,  4.5422e-01,
         4.2564e-01, -6.9280e-01,  5.2210e-01,  8.6837e-01,  4.0110e-01,
        -1.6028e-01,  7.1428e-03, -8.4246e-01, -7.2355e-01,  1.8971e-01,
         6.6089e-02,  5.8770e-01, -5.6720e-01, -5.0629e-01, -6.8255e-01,
        -3.0203e-02, -6.7622e-01, -5.0009e-03, -3.7632e-01, -9.5167e-01,
        -1.9651e-01,  2.0611e-01,  6.4793e-01,  2.8875e-01, -7.0170e-01,
         4.2421e-01,  5.1900e-01,  5.4010e-01,  5.7953e-01, -4.8762e-01,
         8.0730e-01,  4.6471e-01,  3.0128e-01, -9.3271e-02,  5.6827e-01,
         1.3722e-01,  4.7192e-01, -4.2482e-01,  5.6355e-01, -6.8672e-02,
        -3.9190e-01,  7.8246e-01,  1.5759e-01, -1.7132e-01,  9.0894e-01,
         8.1963e-01,  1.6545e-01,  5.6986e-01,  1.8378e-01,  5.5789e-01,
         4.2341e-01,  1.0014e-01, -8.2569e-01,  5.6415e-01, -9.0140e-01,
         7.7584e-01, -6.2709e-02,  6.2655e-01,  3.9093e-01,  2.3139e-01,
         4.1340e-01,  7.3826e-01,  7.0589e-01, -8.8312e-01, -5.1626e-01,
         3.5514e-02,  2.4511e-01, -7.4756e-01,  3.2947e-01, -3.3329e-02,
        -6.2495e-01,  7.0777e-01, -2.9455e-01,  4.8420e-01, -8.7740e-02,
         9.1460e-01,  6.9673e-01, -5.3663e-01, -5.0651e-01, -8.2960e-01,
         1.5239e-01, -6.8726e-01,  6.7389e-01,  8.5860e-01, -3.9259e-01,
         5.4247e-01,  8.3121e-01,  4.9017e-01, -6.3773e-01,  2.7369e-01,
         8.6498e-01, -1.0923e-02, -8.1416e-01, -2.9584e-01,  5.9014e-02,
         1.5625e-01, -3.9300e-01,  3.6609e-01,  1.9042e-01,  7.2544e-01,
        -7.0386e-01,  9.4727e-02,  2.8115e-01, -5.3086e-01,  3.5598e-01,
        -1.5923e-03, -4.4700e-01, -1.7150e-01,  1.9051e-01, -7.7901e-02,
         5.7393e-01, -6.2532e-02,  8.3640e-01,  3.3535e-01,  5.9255e-01,
        -1.9955e-01,  8.3982e-01,  8.1635e-01,  1.3658e-01, -4.2128e-01,
         3.5699e-01,  2.4179e-01, -2.8747e-01, -8.8283e-01, -1.0599e-01,
         7.5767e-01, -5.7160e-01, -2.1280e-01, -3.3621e-01, -1.9560e-01,
        -8.2619e-01,  8.4040e-01, -4.8323e-01,  1.3775e-01,  6.8862e-01,
         6.2891e-02,  8.4439e-01,  1.5622e-01,  7.3053e-01,  2.4056e-01,
        -7.4262e-01,  4.2311e-01, -2.3815e-01,  7.4132e-01, -3.3602e-01,
         1.5426e-01, -7.7288e-02,  1.0137e-01,  5.5483e-01,  2.8197e-01,
        -4.1568e-01, -6.4382e-01, -3.5754e-01, -4.1150e-01,  4.3874e-01,
        -5.5779e-01, -3.6538e-01, -3.1921e-01,  2.9813e-01, -3.1159e-01,
         7.3486e-01, -4.0627e-01, -4.1875e-01, -4.4440e-01,  2.2030e-01,
        -5.3414e-01,  7.7657e-01,  5.2526e-01, -5.2191e-01,  3.4774e-01,
        -9.4450e-01, -8.9858e-01,  5.3732e-01, -8.4100e-01, -7.2448e-01,
         1.2993e-01,  5.3688e-01, -7.4842e-01,  4.4037e-01, -3.3224e-01,
        -6.9809e-02,  6.1974e-01, -7.8753e-01, -5.9771e-01, -1.3449e-01,
        -4.0677e-02,  7.9384e-01, -5.6937e-01, -5.1224e-01,  6.7131e-01,
        -1.9120e-01, -8.6526e-01, -8.7920e-01,  3.0165e-01, -2.9127e-01,
         8.0486e-02, -5.6717e-01, -2.7254e-01,  2.7699e-01, -4.0288e-01,
        -8.3275e-01, -2.3542e-01,  3.7783e-01,  5.5949e-01, -1.6142e-01,
         9.2878e-01,  4.2035e-01, -4.3545e-01, -8.4804e-01,  6.4910e-01,
         2.5915e-01, -1.5044e-01,  8.9587e-01,  2.3595e-01, -1.7038e-01,
        -6.1813e-02,  2.9058e-01,  5.0295e-01, -1.7696e-01, -4.9807e-01,
        -6.7346e-01,  7.5315e-02, -1.9950e-01,  1.0055e-02, -5.0293e-01,
        -5.5643e-01,  1.9747e-02, -6.1599e-01, -8.4630e-01,  5.5620e-01,
        -4.5581e-01,  3.9511e-01,  5.5444e-01,  8.3918e-01,  1.9440e-01,
        -7.4721e-01,  3.0973e-01, -3.0057e-01, -6.9691e-01,  2.9045e-01,
         8.6792e-01,  4.1989e-02, -1.1026e-01, -4.9646e-01,  6.2433e-01,
        -5.0089e-01, -6.8626e-01, -7.5864e-01, -7.0203e-01,  5.0916e-01,
         1.8608e-01, -6.6714e-01,  6.1035e-01, -3.2845e-01, -4.5715e-01,
         5.2687e-01, -6.8207e-01, -6.2600e-01, -3.4438e-01, -3.0753e-01,
         8.8587e-03, -3.9821e-01, -3.5903e-01, -7.6747e-01, -7.9059e-01,
        -6.7484e-01, -9.2753e-01, -8.9215e-01,  8.5677e-01,  4.2192e-01,
        -4.2921e-01, -4.4551e-01, -7.8776e-01, -2.8330e-01,  7.8547e-01,
         3.1470e-01, -5.1913e-01, -2.9100e-01,  7.7780e-01, -2.1277e-01,
        -3.0151e-01, -1.9217e-01,  2.9496e-01, -1.3942e-01,  1.5210e-01,
        -5.9180e-01, -8.3647e-02, -4.3188e-01, -1.3880e-01,  5.5633e-01,
         4.1934e-01, -4.7511e-01, -2.6268e-01, -4.7410e-01, -7.7454e-01,
        -2.1903e-02, -4.7152e-01, -5.5957e-01, -7.2285e-01,  2.0740e-01,
        -4.1027e-01,  3.2545e-01,  3.1655e-01, -3.3719e-01, -3.3981e-02,
         7.8769e-02, -1.7126e-01,  2.9614e-01, -4.3565e-01, -1.2757e-02,
        -9.4423e-03,  5.8363e-01, -5.8920e-01, -2.0123e-02, -5.6639e-01,
        -2.5128e-01, -4.7330e-01,  2.5680e-01,  1.0699e-01, -3.3601e-02,
        -3.2136e-01, -3.1140e-01, -2.7249e-01,  3.6104e-01,  3.6871e-01,
         7.9068e-01,  4.5954e-01,  8.9568e-01,  2.5009e-01,  6.1468e-01,
         2.8839e-01, -4.9819e-01,  4.3914e-03,  5.9917e-01, -4.9614e-01,
         1.0797e-01,  1.6820e-01,  4.0993e-01, -3.8485e-01,  6.5755e-01,
        -4.1331e-01, -3.7332e-01, -3.5867e-01, -6.5247e-01, -1.0910e-02,
        -2.4997e-01, -6.0838e-01, -4.5259e-01, -6.4234e-01,  6.4759e-01,
        -2.5150e-01,  8.2457e-01, -3.1684e-01, -1.6617e-01, -2.6417e-01,
         9.1619e-01,  5.2463e-01, -1.2543e-01, -4.2893e-03,  8.1486e-01,
         6.2745e-01,  1.3357e-01, -1.0211e-01, -2.4106e-01,  6.9094e-01,
         1.4427e-01, -8.0778e-01,  9.0444e-01,  8.3184e-01, -1.6476e-01,
         3.1861e-01, -2.6174e-01, -5.4950e-01, -3.4159e-01,  2.7438e-01,
        -2.5210e-02,  5.8058e-02,  7.2084e-01,  7.2791e-01, -2.2187e-01,
        -1.2924e-01, -6.2110e-01, -2.7825e-01, -8.9441e-01, -3.3237e-01,
        -5.6144e-01, -1.7057e-01,  4.7786e-01,  6.1320e-01, -2.6371e-01,
         1.4148e-01, -3.0088e-01, -4.9132e-01,  5.0559e-01,  6.1573e-02,
         2.4049e-01,  6.9095e-01, -4.0370e-01, -6.8717e-02,  1.3181e-01,
        -1.8419e-01, -5.9670e-01,  5.1343e-01,  4.7131e-01,  2.5755e-01,
         3.8828e-03, -1.6753e-02,  3.8044e-01,  5.8470e-01,  6.4663e-01,
         6.8472e-01,  4.8000e-01, -1.1984e-01, -6.4003e-02, -2.8141e-01,
         1.2916e-02,  7.0347e-01,  3.1863e-01, -7.1641e-01, -5.4208e-01,
         8.1805e-01, -2.6810e-01, -2.8579e-01, -5.9125e-01, -7.7485e-02,
         7.1886e-01, -1.2920e-01,  5.1951e-01, -1.9813e-01,  6.1819e-01,
         1.9756e-01,  1.6562e-01, -1.4318e-02,  5.4145e-02, -3.2367e-01,
        -2.2669e-01, -7.7172e-01,  8.0841e-02, -5.0550e-01, -5.8156e-01,
        -6.2955e-02,  1.8171e-01, -5.8382e-02, -1.9672e-01,  5.3933e-01,
        -1.6535e-01, -3.0158e-01,  2.5962e-01, -5.8626e-01, -5.9580e-01,
        -2.3544e-01,  7.5407e-01, -7.9622e-01,  6.8597e-01, -5.4696e-01,
         6.3262e-03, -2.6915e-01, -4.7684e-01, -3.0154e-01,  2.1776e-01,
        -5.9175e-01,  2.9874e-01, -3.9848e-01,  6.0324e-01,  3.8541e-01,
         4.7906e-01, -7.7298e-01, -5.6554e-01, -7.0180e-01,  9.1599e-01,
         3.8732e-01, -1.4943e-01,  3.4501e-01,  2.4027e-02, -4.8624e-01],
       device='cuda:1')
R 状态矩阵： torch.Size([5000, 1000])
r0 初始状态： tensor([-0.0071, -0.5002,  0.8014,  0.2295,  0.6391, -0.5449,  0.2813,  0.1299,
        -0.3454, -0.5693,  0.3533, -0.2812, -0.4744, -0.5980,  0.4847, -0.4014,
         0.0334,  0.0471,  0.3338,  0.2240,  0.3212, -0.4113,  0.0416,  0.1493,
         0.1758, -0.3635, -0.3952, -0.0750,  0.0081,  0.1053,  0.2492, -0.5265,
         0.0848,  0.3372,  0.7332,  0.4848,  0.1377, -0.3521,  0.0703, -0.5417,
        -0.4764,  0.0797,  0.0525,  0.8292,  0.3871,  0.7807, -0.2168, -0.2397,
        -0.7038, -0.1961, -0.1205, -0.4422, -0.2395, -0.2219,  0.6557,  0.0289,
        -0.5092,  0.0113,  0.3303, -0.5630, -0.2470,  0.0166,  0.0389, -0.3100,
         0.2493, -0.3299,  0.4235, -0.0316, -0.2138,  0.2971,  0.5574, -0.5699,
         0.3203, -0.3987,  0.2615, -0.3780,  0.0070,  0.1288,  0.1414,  0.4019,
        -0.5729,  0.2987, -0.1496, -0.3973,  0.0855,  0.7549,  0.4507, -0.4238,
         0.1090, -0.5793,  0.3420,  0.2358,  0.1686, -0.3691,  0.1184, -0.3599,
         0.0065,  0.1194, -0.2409,  0.5306,  0.5602,  0.0481, -0.5009, -0.2420,
         0.0861, -0.1733,  0.2776,  0.2352,  0.2694, -0.0276, -0.4630, -0.0691,
         0.1101, -0.4107, -0.5789,  0.3342,  0.5017, -0.4137,  0.2392,  0.3966,
         0.3945, -0.3152,  0.4820,  0.2876,  0.1800,  0.1816,  0.3352,  0.0801,
        -0.5599, -0.5005, -0.0409, -0.3279,  0.2097, -0.4459,  0.0159, -0.1387,
        -0.3250,  0.1044,  0.0557, -0.1099, -0.4573,  0.0462, -0.4579, -0.2137,
         0.3520, -0.3256,  0.4529, -0.0288, -0.0612,  0.0702, -0.1679,  0.1484,
        -0.2935,  0.2801,  0.4257,  0.3702,  0.3397, -0.3039, -0.1543, -0.3577,
         0.1682, -0.0150, -0.7005, -0.0725, -0.3041, -0.1848,  0.0464,  0.1445,
        -0.3185,  0.4866,  0.3106,  0.5380,  0.0174, -0.2128,  0.0979, -0.8487,
        -0.5358,  0.0113, -0.1554, -0.0490, -0.4129, -0.1851, -0.3550,  0.1325,
         0.2600, -0.2425,  0.3236, -0.1608, -0.2137, -0.5401, -0.3481,  0.2945,
        -0.5338, -0.5241,  0.3860, -0.2130, -0.1398,  0.1649, -0.2673, -0.1555,
        -0.7448,  0.4517,  0.4639,  0.0373,  0.3045, -0.4249, -0.2886,  0.1974,
         0.0234, -0.2639,  0.0616, -0.6428, -0.2597,  0.2636, -0.5764,  0.2768,
        -0.4797,  0.3759, -0.0489,  0.2848, -0.5874, -0.4551,  0.2286, -0.2847,
        -0.4307,  0.0882,  0.2700,  0.2130,  0.0368, -0.0344, -0.4505,  0.2403,
         0.5160, -0.1390, -0.5648,  0.1682, -0.4543,  0.7734,  0.2448, -0.2852,
         0.2995,  0.0557, -0.4576,  0.0510, -0.0157, -0.1071, -0.1974,  0.3416,
        -0.0930, -0.4695, -0.1800, -0.2263, -0.1236,  0.0933, -0.4190, -0.3721,
        -0.7271, -0.2192,  0.4275,  0.3151, -0.0509,  0.1850, -0.3240, -0.3608,
        -0.0730,  0.1034, -0.6193,  0.2555,  0.2138,  0.4413, -0.1773,  0.3394,
        -0.1735,  0.1591, -0.3664,  0.3567,  0.0486,  0.2102,  0.3582,  0.1650,
         0.4675,  0.0790, -0.2149,  0.0681,  0.3894,  0.5552,  0.4661,  0.0928,
         0.0350, -0.1829,  0.1765, -0.4224, -0.3756,  0.3128, -0.5166,  0.3859,
        -0.4962,  0.0467,  0.0748, -0.1742, -0.0045,  0.1888, -0.2890,  0.0291,
         0.0813,  0.0524,  0.4056, -0.3394, -0.0756, -0.2458,  0.1668,  0.5119,
        -0.1909,  0.2028,  0.1298,  0.1455, -0.1824, -0.3256, -0.1311,  0.2654,
        -0.2168,  0.1893, -0.2266,  0.0399, -0.3274, -0.1600,  0.0551,  0.0604,
        -0.2885,  0.4811, -0.5796, -0.1792,  0.0116,  0.3462,  0.2776, -0.3746,
         0.0917, -0.7294,  0.3015,  0.1581, -0.6176, -0.3578,  0.5911, -0.0733,
         0.0790,  0.3571,  0.0269, -0.1430, -0.6322,  0.2120,  0.1430, -0.1082,
        -0.3743, -0.5057, -0.4267,  0.3532, -0.3183,  0.2905, -0.0601,  0.1558,
        -0.1507, -0.4130,  0.2474,  0.3953,  0.3772,  0.1782, -0.1047, -0.0091,
        -0.1499, -0.0449,  0.3824,  0.1454, -0.2225, -0.1326, -0.3364, -0.6270,
        -0.4084,  0.2646,  0.6087, -0.1357, -0.0966, -0.0558, -0.4963, -0.3943,
        -0.2594, -0.0596, -0.3748, -0.2454,  0.5283, -0.1414,  0.2799, -0.1936,
        -0.1867, -0.2048, -0.3012, -0.3746, -0.6250,  0.0863, -0.0328,  0.2122,
         0.2283, -0.4598, -0.2266, -0.1208, -0.2883, -0.5392,  0.2929, -0.1624,
         0.5642,  0.1819,  0.0474, -0.0605,  0.2088, -0.2254, -0.0559, -0.3209,
        -0.4610,  0.1565,  0.4587,  0.2905, -0.3162, -0.5820, -0.1229,  0.2089,
        -0.5803,  0.3681, -0.0011, -0.4464,  0.0428, -0.3065, -0.4592, -0.4446,
        -0.0175,  0.1682,  0.1313,  0.2511,  0.3497,  0.4349,  0.6076, -0.5450,
         0.7021, -0.1955,  0.1605,  0.3324, -0.4413,  0.2182,  0.0421,  0.0894,
         0.5591, -0.4824,  0.1080, -0.0097,  0.4215,  0.5389,  0.5907,  0.2840,
         0.0969, -0.3582, -0.4430,  0.4241, -0.3451, -0.4889, -0.1443, -0.1918,
        -0.7387, -0.4145, -0.0462,  0.6439,  0.2083, -0.4495, -0.0200, -0.2365,
        -0.2313,  0.0075,  0.6877, -0.2641, -0.0258,  0.3429, -0.5368, -0.2624,
        -0.0668, -0.5851, -0.3342,  0.0206,  0.2706, -0.3871,  0.2864, -0.0138,
         0.0825,  0.2692, -0.3703, -0.1356,  0.4417, -0.2763, -0.2072,  0.2804,
         0.3190,  0.1997,  0.5200, -0.2045, -0.8584,  0.4223,  0.6439,  0.8037,
        -0.7915,  0.9692,  0.6224,  0.6152, -0.9003,  0.2677,  0.6182,  0.6687,
        -0.8571, -0.2622,  0.3080, -0.6355,  0.8490,  0.2608, -0.6789, -0.0932,
        -0.0199, -0.8703,  0.2828, -0.3060, -0.5544,  0.3432,  0.7035,  0.8456,
         0.1885,  0.3646,  0.6291, -0.1389, -0.7056, -0.8170,  0.6124,  0.3403,
        -0.3626,  0.3544, -0.2145, -0.0535,  0.2368, -0.9495,  0.0628, -0.9361,
         0.6416,  0.3792, -0.8186,  0.8616,  0.8993,  0.5839, -0.1625,  0.7096,
        -0.0030, -0.7476,  0.4955,  0.5734,  0.5486, -0.1529, -0.7571, -0.4839,
         0.1014,  0.5666,  0.3045,  0.9394,  0.7465,  0.3727,  0.6734,  0.6064,
        -0.9032, -0.5695, -0.8801,  0.6776,  0.7274, -0.2423, -0.7546, -0.2456,
        -0.4353,  0.3802, -0.0446, -0.3398, -0.7211,  0.1195, -0.8067, -0.6284,
         0.1095, -0.7588, -0.8923,  0.4665, -0.7884, -0.4917,  0.0864,  0.6917,
         0.3023, -0.6121, -0.1470, -0.6056,  0.0070, -0.8067, -0.5426,  0.6880,
        -0.4769,  0.8679, -0.9318,  0.3670, -0.6813,  0.7955, -0.4212, -0.5116,
         0.5400, -0.2679,  0.4457, -0.8869, -0.8665, -0.5556, -0.8427, -0.2633,
        -0.6290, -0.5303, -0.8221, -0.6179,  0.9209, -0.5283, -0.0719, -0.7321,
         0.4036,  0.9586, -0.4002, -0.3995,  0.6415,  0.6936, -0.5137, -0.7443,
         0.2445,  0.4454, -0.6059,  0.9267,  0.4724,  0.6620, -0.5449, -0.4917,
         0.5308, -0.5622,  0.1269, -0.6415,  0.6592, -0.5407,  0.9293, -0.4951,
         0.4013,  0.5078, -0.4512,  0.9491, -0.2613, -0.6316,  0.0423, -0.0595,
         0.1304,  0.5833,  0.9343,  0.4543, -0.4709,  0.3230, -0.7720, -0.2426,
         0.6271, -0.5567,  0.1230,  0.9137, -0.8407, -0.3874, -0.0271, -0.3316,
        -0.5730,  0.8584, -0.4742,  0.7989,  0.6677,  0.0339, -0.9599, -0.0606,
         0.9931,  0.1986,  0.0289, -0.4999,  0.6466,  0.2581, -0.0973,  0.4511,
         0.8748,  0.7483, -0.7393, -0.3792, -0.9357, -0.6068, -0.6648,  0.7243,
         0.3019,  0.9285, -0.1992,  0.9160, -0.4261,  0.2267,  0.3088, -0.2093,
        -0.7834, -0.6145,  0.9192,  0.0389, -0.2211,  0.0016, -0.1136,  0.4855,
        -0.3433, -0.1142, -0.9125, -0.0895, -0.0723,  0.4164, -0.3224, -0.2921,
        -0.7945, -0.6590, -0.6426,  0.0488, -0.3031,  0.3678,  0.9191,  0.5768,
         0.8552, -0.9354,  0.2972,  0.6651,  0.6440,  0.0616,  0.3963,  0.2770,
        -0.7565,  0.2807, -0.2464, -0.1333, -0.6473,  0.0327,  0.8654, -0.9122,
        -0.7669, -0.8180,  0.1426,  0.6994, -0.6923,  0.5632,  0.5568,  0.3989,
         0.4764, -0.0569, -0.9269, -0.3610,  0.5206, -0.2662,  0.2230,  0.2609,
         0.5963, -0.4218, -0.3247, -0.3554, -0.8684, -0.5625,  0.5749,  0.0258,
         0.4662, -0.3109,  0.7417, -0.6562, -0.4448, -0.4333,  0.8816, -0.9040,
        -0.4854,  0.9314, -0.9468,  0.6608,  0.0015, -0.1278,  0.5274,  0.7886,
        -0.2812, -0.3378, -0.8284,  0.2077, -0.4742,  0.9212, -0.3635,  0.2037,
        -0.2801, -0.6808, -0.4308, -0.0810,  0.6698, -0.6505,  0.6262, -0.9152,
         0.2976, -0.1370, -0.5569, -0.2378, -0.5917, -0.5137,  0.3153, -0.7103,
        -0.0695,  0.3930, -0.8619, -0.6544, -0.5066,  0.7724,  0.8161, -0.7523,
         0.2955,  0.3414,  0.7752, -0.2445,  0.3063,  0.9113, -0.1733, -0.9461,
         0.5622, -0.4799, -0.7530, -0.5870,  0.5685,  0.6790, -0.5608, -0.6055,
         0.3056,  0.6437, -0.7277, -0.1987, -0.9031,  0.7859,  0.8584, -0.6682,
        -0.1569, -0.0486, -0.9412, -0.8819, -0.9459, -0.8581,  0.4027, -0.1556,
         0.6978,  0.4097,  0.7733, -0.2080, -0.9651,  0.5871, -0.2645,  0.4467,
        -0.5733, -0.8384, -0.4854, -0.0295, -0.6376, -0.7505,  0.1638, -0.4767,
        -0.5465, -0.8986, -0.5989,  0.1846,  0.8566, -0.4396,  0.6777, -0.6766,
         0.7594, -0.2440, -0.0485,  0.4883, -0.5767,  0.4266,  0.6995,  0.5133,
         0.4232, -0.3092, -0.7152,  0.0916, -0.7276, -0.5339,  0.7094,  0.5225,
         0.1569,  0.7374,  0.9240, -0.6784, -0.2748,  0.7428, -0.0529,  0.6100,
        -0.0759,  0.3126,  0.3983,  0.7335, -0.4568, -0.6569, -0.4611, -0.6150,
        -0.2978,  0.1048,  0.2861,  0.6221, -0.7164, -0.0131, -0.3359,  0.8752,
        -0.2804,  0.3545, -0.1294,  0.7833,  0.3711,  0.4320, -0.0492, -0.0609,
        -0.7060,  0.7875,  0.0080,  0.9308,  0.4771,  0.7233, -0.7848, -0.0510,
         0.6664, -0.5790,  0.6484, -0.2370,  0.1338, -0.7563,  0.7736,  0.0844,
         0.3464, -0.3500, -0.2144, -0.1222, -0.9080, -0.3929, -0.1914,  0.8045,
        -0.3569,  0.5310,  0.6196,  0.8131,  0.7380,  0.5931,  0.0784, -0.2881,
         0.5113,  0.5586,  0.8407,  0.5886, -0.9232, -0.9761, -0.8852, -0.8195,
         0.7102,  0.3133, -0.2692, -0.6032, -0.9517, -0.1484,  0.7517, -0.7604,
         0.4390,  0.4821, -0.5536,  0.2112, -0.0461, -0.2136, -0.6790,  0.5110,
        -0.7126, -0.7921, -0.9237, -0.8675,  0.8450, -0.1624, -0.6497,  0.0375,
        -0.8451, -0.1792, -0.7640,  0.9260,  0.0906, -0.5800,  0.8628,  0.7367,
        -0.3389, -0.8811, -0.0691,  0.8213, -0.5814,  0.4560, -0.2039,  0.0083],
       device='cuda:1')
R 状态矩阵： torch.Size([5000, 1000])
r0 初始状态： tensor([-2.3718e-01,  1.9603e-01,  3.2670e-01, -1.3279e-01, -5.1881e-01,
         6.0772e-01,  7.8972e-02,  1.4386e-01, -2.9791e-01, -4.6475e-01,
        -2.9155e-01,  3.0837e-01, -5.7240e-02,  9.6309e-02,  3.9328e-01,
        -1.5258e-03, -3.2052e-01,  2.1234e-02,  3.6014e-01,  7.5649e-01,
         2.3935e-01, -1.9392e-01,  3.5662e-01, -3.1164e-01, -3.1541e-01,
         1.6542e-01,  8.5164e-01, -7.4027e-01, -3.3812e-01,  8.7373e-02,
         5.0883e-01, -3.2236e-01,  2.2656e-01,  3.4578e-01, -4.3461e-01,
         8.3719e-01,  1.3200e-01,  6.6324e-02,  1.1533e-01, -3.1005e-01,
        -3.2626e-01,  1.5172e-01,  6.9639e-01,  2.3608e-01,  1.9584e-01,
         7.9816e-02,  1.4356e-01, -6.3011e-01,  6.9642e-02,  2.2789e-01,
         6.5882e-01,  8.1172e-02,  8.8198e-02,  2.3480e-01,  4.7080e-01,
        -3.6654e-01,  3.6405e-02,  3.6781e-01, -1.2782e-01, -4.9356e-01,
        -2.8678e-01, -3.3281e-01, -1.6904e-01, -7.7750e-02, -4.4087e-01,
        -6.5104e-01,  3.5810e-01,  3.8329e-02,  5.3048e-01, -6.3162e-01,
        -1.1692e-01,  1.8208e-01,  6.7565e-01,  3.6851e-01,  4.8371e-01,
        -4.9487e-01,  2.3238e-01, -1.1133e-01, -3.3530e-01, -5.4104e-01,
         1.8355e-01,  1.3366e-01, -3.3171e-01,  2.6414e-01,  6.3228e-01,
        -6.2369e-01,  4.4564e-01,  6.2598e-01,  2.5260e-02,  4.0056e-01,
         7.1344e-01, -4.1081e-01,  8.3391e-01, -1.2872e-01,  5.3445e-01,
         5.7007e-01, -4.4822e-02,  3.4653e-01,  1.4073e-01,  2.4379e-01,
         8.3218e-01,  4.3995e-01, -8.0408e-01,  9.1298e-01, -2.3674e-03,
        -1.8245e-01,  3.6076e-01, -6.5378e-01, -1.2887e-01,  3.6356e-01,
        -3.7408e-01,  4.4179e-02,  3.9333e-01,  5.2965e-01, -6.7693e-01,
         5.2116e-01,  7.1222e-01, -4.0493e-01, -5.9578e-01, -2.3890e-01,
        -1.5833e-01, -2.0030e-01,  6.1408e-01, -4.9063e-01,  1.3330e-01,
        -6.9903e-01,  4.9685e-01, -1.8249e-02, -8.1949e-01,  9.0917e-01,
         4.1533e-01,  6.4457e-01,  2.2248e-01,  8.2721e-01,  4.1880e-01,
        -1.4209e-01,  3.5228e-01, -3.5296e-01, -6.8835e-01, -3.4990e-01,
        -7.7386e-01,  4.5708e-01,  6.5950e-01, -4.1401e-01, -6.1772e-02,
         8.1800e-02, -3.9242e-01, -2.5081e-01,  1.8804e-01,  4.8901e-01,
        -1.6245e-01,  2.0431e-01, -5.0102e-01, -7.7077e-01, -4.4849e-01,
         5.5368e-01, -2.5822e-01, -7.9799e-01,  8.2805e-02,  4.9072e-01,
         5.2927e-01,  4.1952e-01, -2.2985e-01, -5.8644e-01, -7.5029e-01,
        -3.0856e-01,  5.4867e-01,  3.4943e-01,  1.2574e-01,  2.5281e-01,
        -5.6776e-01,  3.7961e-01,  4.3016e-01,  2.2906e-01,  3.6217e-01,
         5.1309e-02, -5.2682e-01, -3.5467e-01, -5.8396e-01,  5.0536e-01,
        -5.3689e-04,  3.1498e-01, -1.8279e-01, -8.5901e-02, -1.7945e-01,
         1.3887e-01,  1.2194e-01, -1.7268e-01,  1.9644e-01, -2.0266e-01,
         5.9516e-01,  3.8558e-01,  9.1959e-02,  4.1052e-01,  9.6616e-02,
        -2.7865e-01, -1.9064e-01,  2.4294e-01, -1.7177e-01,  2.2738e-01,
         5.0174e-01,  1.4210e-01, -3.4180e-01, -6.6562e-01, -6.0086e-01,
        -3.8783e-01, -1.1038e-01, -3.8970e-01, -5.2129e-01,  6.6108e-01,
         7.6210e-01, -2.5500e-01,  4.5186e-02, -1.8782e-01, -2.2898e-01,
        -1.7144e-01, -4.9111e-01,  2.8891e-01, -1.4763e-01, -1.9886e-02,
        -3.7158e-01, -2.1215e-01,  5.6827e-01, -2.1656e-01,  1.7253e-01,
        -7.8324e-01,  1.8107e-01,  4.2710e-01,  2.7909e-01,  4.1749e-01,
         3.3437e-01,  2.5850e-01, -4.4064e-01, -3.2355e-01,  2.7562e-01,
        -2.0272e-01, -1.3408e-01, -5.6238e-01, -1.3466e-01,  1.7141e-01,
        -2.8977e-01, -7.7233e-02,  3.3664e-01,  4.2318e-01,  1.9751e-01,
         7.3908e-01, -7.0140e-01, -1.6991e-01, -5.5073e-01,  1.6479e-01,
        -3.2696e-01, -6.1054e-01, -4.0481e-01,  5.5569e-01, -7.4670e-01,
         7.3583e-01, -3.0462e-01, -6.1575e-02, -7.9750e-02,  4.6195e-01,
         2.7418e-01, -8.9322e-01, -4.9421e-01,  5.3867e-01,  3.7668e-01,
         6.8236e-01,  4.2312e-01,  6.2498e-02, -1.4022e-02, -4.2433e-01,
         3.7903e-01, -3.6301e-01, -3.5305e-01,  8.4629e-01,  2.3697e-01,
         5.5993e-01,  3.8609e-01, -3.5367e-01,  8.1424e-01, -5.6106e-02,
        -1.3216e-01, -6.7084e-01, -4.2782e-01, -7.4813e-01, -1.0748e-01,
        -5.3074e-01, -5.4137e-01,  5.1984e-01, -3.7303e-01, -8.1927e-01,
        -3.5336e-01,  8.1867e-01,  8.0445e-01, -5.4094e-01,  5.4817e-01,
        -8.0439e-01,  6.4168e-01,  8.2981e-02, -4.8780e-01, -3.7837e-01,
         5.0001e-01,  4.3053e-01, -6.4195e-01, -7.3693e-01, -6.2705e-01,
         7.2219e-02, -9.7671e-02, -9.4478e-01,  4.0273e-01,  5.6055e-01,
         4.4858e-01, -3.3521e-01,  5.0762e-01,  7.6160e-01,  2.9523e-01,
        -1.5132e-01, -1.7736e-01,  6.7463e-01,  6.9071e-01, -1.9562e-01,
         7.0375e-01,  7.8271e-01,  1.4915e-01, -7.0344e-01,  6.2872e-02,
        -3.1013e-01, -6.1234e-01, -2.6134e-01,  7.3030e-01,  8.8981e-02,
        -5.4983e-01, -7.5151e-01,  2.5247e-01,  6.4203e-01, -8.3793e-01,
         7.8064e-01,  1.7329e-04,  3.3245e-01, -1.2439e-01,  9.3061e-01,
         2.5943e-01, -3.1817e-01,  2.7948e-01, -5.1163e-01,  2.6379e-01,
        -3.2838e-03, -3.5779e-01,  5.9014e-01,  6.9577e-01, -6.4818e-01,
        -7.5723e-01, -8.7224e-02,  3.9882e-01, -3.0225e-01, -6.7816e-01,
         1.7381e-01, -4.1638e-02,  2.1304e-02, -2.6260e-01,  2.7678e-01,
         6.2694e-01, -5.8280e-01, -5.3860e-01,  7.6257e-01,  8.4660e-01,
        -6.3351e-01,  4.8908e-01,  8.6323e-01,  7.2941e-01, -6.1241e-01,
        -2.3250e-02, -3.8078e-02, -2.4825e-01,  7.5873e-01,  2.3494e-01,
         2.0895e-01,  5.0099e-01,  5.4356e-01,  2.2483e-01, -9.6887e-02,
        -5.8087e-01,  8.3301e-01,  1.2360e-01,  3.9048e-02,  8.3906e-01,
         4.5963e-01,  8.0767e-01, -5.8657e-01,  2.3145e-01, -2.4207e-01,
         5.0601e-01, -4.1519e-01, -5.4601e-01,  5.9183e-03, -5.0892e-01,
         4.1703e-01, -7.8908e-01, -4.7600e-06,  8.9934e-01, -5.0376e-01,
         2.9169e-01,  6.1712e-01,  6.2346e-01,  2.7306e-01,  3.8943e-01,
         2.0928e-01, -8.6761e-01, -7.2601e-01, -6.8723e-01,  1.1379e-01,
         5.0509e-01,  7.5397e-01, -5.2909e-02, -5.8187e-01, -8.4060e-01,
        -6.3238e-01, -4.1667e-01, -6.9686e-01, -7.7630e-01,  2.9499e-01,
         6.9989e-01, -2.3703e-01, -4.7280e-01,  1.0663e-01, -1.0695e-01,
        -3.9281e-01,  4.8481e-02, -1.9103e-01,  4.6675e-01,  5.0977e-01,
        -5.0954e-01,  6.4226e-01, -2.9066e-01, -1.0903e-01, -5.4445e-01,
        -9.0776e-01,  5.5055e-01, -6.9386e-01, -2.2955e-01, -3.9375e-01,
        -2.9190e-01, -7.2907e-01,  6.5477e-01,  6.8322e-01, -2.1747e-01,
        -2.7109e-01,  1.8129e-01, -3.5937e-01, -9.5269e-01, -4.1259e-01,
        -5.8295e-01, -5.0365e-01, -2.7815e-01,  6.7382e-01, -2.8747e-01,
        -4.0886e-01, -5.2435e-02,  1.2925e-01, -7.9195e-01,  8.2236e-01,
         9.1332e-02, -6.8489e-01, -2.5581e-01,  3.3731e-01,  8.8229e-01,
        -6.5855e-01, -1.4209e-01,  1.8536e-01,  7.5797e-01,  2.5402e-01,
         6.2097e-01,  5.0664e-01, -1.3267e-02, -5.9317e-01, -3.0502e-01,
         6.4504e-01, -6.4033e-01,  1.4462e-01,  1.0924e-02, -2.7067e-01,
        -2.7768e-01,  8.6699e-01, -2.8888e-02,  1.9508e-01,  2.0427e-01,
         5.3084e-01, -7.1205e-01,  7.5604e-03,  7.6873e-01, -2.4684e-01,
        -5.1668e-01,  1.3153e-01,  3.8463e-02, -6.0290e-01,  3.4154e-01,
         5.4247e-01, -1.6139e-01, -6.9612e-01, -4.2435e-01, -6.0131e-02,
         1.8916e-01,  5.8354e-02,  7.7257e-01,  7.9865e-01, -4.3454e-01,
        -5.4360e-01, -3.5088e-01,  9.2114e-01,  9.1199e-01,  8.2022e-01,
        -2.7914e-01, -2.7770e-02,  9.5970e-01,  8.1231e-01, -9.1387e-04,
         5.5849e-01, -7.7203e-01,  4.7836e-01,  7.0428e-01,  6.7765e-02,
         4.7107e-01,  7.6304e-03, -8.2315e-01,  2.2291e-01, -4.3891e-01,
        -5.0960e-01,  7.3941e-01,  2.0038e-01, -9.7449e-01,  8.4234e-01,
         7.5017e-01,  5.5167e-01, -6.9509e-01, -4.8524e-01,  7.7948e-01,
         5.3868e-01,  4.5220e-01, -8.5650e-01, -3.4984e-01, -7.9648e-01,
         1.4311e-01,  8.5295e-01, -9.8779e-02,  3.5794e-01,  2.1369e-01,
        -7.0100e-01, -2.8350e-01, -1.7075e-01, -4.6998e-01, -1.1980e-02,
         6.8926e-01,  4.0436e-01,  3.8688e-01,  1.9791e-01,  2.1471e-01,
         1.3968e-01, -1.2331e-01, -9.5393e-01, -5.9569e-01,  4.6944e-01,
         7.6216e-01, -2.9057e-01,  9.2017e-01,  1.9071e-01,  2.4430e-01,
         7.1017e-01, -4.1916e-01,  3.8280e-01, -6.9993e-01,  4.4866e-01,
         3.1542e-01, -5.9896e-01,  3.0748e-01, -5.4304e-01, -3.9007e-01,
        -9.3928e-03,  8.9107e-01, -6.7234e-01, -8.3849e-01, -3.4728e-02,
         2.7910e-01,  9.0962e-01,  4.5550e-01,  2.9698e-01, -2.2066e-01,
         4.6969e-01, -4.6490e-01,  4.3524e-01, -1.5048e-02, -7.8095e-01,
        -6.9093e-01, -9.5999e-01,  6.8673e-03, -2.7543e-01,  4.0926e-01,
        -8.3289e-02,  6.7327e-01,  1.0687e-01,  7.0351e-01, -1.6499e-01,
         2.4901e-01, -4.0077e-01, -6.3643e-01,  8.2727e-01,  8.8115e-01,
         5.4370e-01, -8.3921e-01, -8.2485e-01,  1.5889e-02,  7.4243e-02,
        -9.3006e-02, -8.8595e-01,  2.7890e-01,  4.0711e-01,  2.8085e-01,
        -1.1127e-01, -8.5926e-01, -6.8417e-01,  9.2359e-01, -5.3738e-01,
         6.1861e-01, -4.5173e-01, -4.1145e-01, -1.2075e-01, -5.2738e-01,
        -5.3277e-01,  1.0240e-02, -4.4557e-01, -4.6530e-01, -7.2673e-01,
        -6.0321e-01, -5.8546e-01, -6.5469e-01,  6.3552e-01, -3.1563e-01,
        -6.0188e-01,  7.6691e-01,  8.5607e-01,  6.4603e-01,  6.3261e-01,
         8.9830e-01,  2.0362e-03, -1.7827e-01, -9.0572e-01, -7.8231e-01,
         9.4967e-01,  8.7669e-01,  5.3150e-01,  3.4328e-01, -8.2306e-01,
        -2.0231e-03,  6.6152e-01, -4.8030e-01, -2.6611e-01, -1.7046e-02,
        -2.4058e-01,  7.6755e-01,  2.0729e-01,  1.5639e-01,  7.2649e-01,
        -6.5934e-01, -1.0696e-01, -8.5485e-01,  4.1995e-01,  1.9607e-01,
        -1.0950e-02, -6.8483e-01, -5.3238e-01, -8.5801e-02,  2.9571e-01,
        -6.9076e-01, -7.3371e-02,  2.6896e-01, -7.9895e-01, -3.4308e-01,
        -3.0885e-01, -6.0217e-01,  4.8076e-01,  3.2705e-02, -2.2248e-01,
         3.2416e-02,  6.2305e-01, -6.0058e-01,  1.2641e-01, -5.1903e-01,
        -7.6089e-01,  7.3510e-01,  7.9641e-01,  4.0339e-01,  9.6418e-01,
        -6.3369e-01, -9.2428e-01, -5.6626e-01,  1.8653e-01, -4.1515e-01,
         6.2917e-01, -2.0854e-01, -8.3876e-01,  2.3448e-01, -2.2740e-01,
        -6.1957e-01, -6.8707e-01,  5.1744e-01, -8.9810e-01, -3.2058e-02,
         2.5404e-01, -4.8985e-01,  3.4475e-01,  1.6256e-01,  7.3619e-02,
         4.0938e-01,  6.3613e-01,  7.2618e-01, -9.6963e-01,  2.2642e-01,
         2.9469e-02,  9.1401e-01, -8.8791e-01, -5.2997e-01, -3.5422e-01,
        -2.1886e-01,  1.7617e-01, -3.1184e-01, -8.5701e-01,  3.4934e-01,
        -9.4141e-01,  3.4837e-01,  8.0326e-01,  1.9741e-01, -2.4505e-01,
         6.0689e-01,  2.1108e-01,  6.0950e-01,  6.4772e-01,  7.3040e-01,
        -6.9822e-01,  2.3290e-01, -8.6888e-01,  5.8117e-01, -7.0511e-01,
        -5.0888e-02,  7.6076e-01,  4.9550e-01,  5.6996e-01,  5.3351e-01,
        -6.1093e-01,  6.7249e-01,  1.0231e-01,  7.9353e-01, -6.2110e-01,
         4.5100e-01,  7.4555e-02,  6.6499e-01,  5.8665e-01,  5.0046e-01,
         5.4046e-01, -1.8940e-01, -4.8990e-01, -3.0796e-01,  8.3856e-01,
         6.9051e-01,  6.7458e-01, -9.2600e-01, -6.8237e-01,  9.7812e-01,
         8.8535e-01, -1.2354e-02,  7.6393e-01,  1.0324e-02,  5.3245e-01,
         8.2870e-01, -3.6334e-01, -7.3518e-01,  8.8810e-01, -5.7782e-01,
         7.3937e-01,  3.1546e-01, -8.7592e-01, -3.1525e-01, -1.7555e-01,
         2.8922e-01,  7.5748e-01, -7.5863e-01, -1.0300e-01, -8.5302e-01,
        -8.0380e-01, -3.3295e-02, -3.3111e-01,  3.5064e-01, -7.9664e-01,
        -7.7916e-01, -6.7547e-01, -8.7250e-01, -3.1463e-01, -2.1269e-01,
        -2.2983e-01, -2.7067e-01,  7.4313e-01,  1.4933e-01,  7.6759e-01,
         4.0812e-01,  8.6212e-01,  1.5867e-01, -7.0676e-01, -6.0768e-01,
        -4.6905e-01, -3.0529e-01,  8.1772e-01, -1.8396e-01, -4.6361e-01,
        -1.1534e-01, -4.8128e-01,  8.7225e-01, -9.2785e-01,  8.5569e-01,
        -9.3910e-01,  9.2791e-01, -5.0986e-02,  5.9631e-01,  8.4853e-01,
        -1.1337e-01,  4.4206e-01, -1.7940e-01,  7.7101e-01,  7.1914e-01,
        -9.1001e-01,  4.1179e-01,  9.0977e-01, -8.9169e-01, -9.7941e-01,
         6.5826e-01, -7.1787e-01,  6.8576e-01,  7.7871e-01,  7.3054e-01,
        -6.9339e-01, -7.8041e-01, -9.2352e-01,  2.4218e-01,  9.1916e-01,
        -3.9115e-01,  4.9773e-01,  7.7729e-01, -2.8319e-01, -8.2266e-01,
         9.2136e-01,  2.6577e-01, -1.6174e-01, -3.7106e-01,  2.1441e-02,
         5.3647e-01, -7.1482e-01,  4.7536e-01,  2.4949e-02,  1.1717e-01,
        -2.8134e-01, -1.8772e-01, -5.8351e-01, -4.0321e-01,  1.8121e-01,
         4.1704e-01,  4.3504e-01, -2.9040e-01, -2.4021e-01, -9.8025e-01,
        -2.4218e-02,  6.9516e-01, -3.3211e-01, -6.2893e-01,  6.3633e-01,
         1.7906e-01,  8.9506e-01, -7.5246e-01,  2.7541e-01, -4.4701e-01,
         7.7942e-01,  4.3121e-01, -9.6828e-01, -1.5081e-01, -2.5057e-01,
        -8.5866e-01, -2.9110e-02, -3.9467e-01, -7.6535e-01, -5.0718e-01,
         3.0650e-01, -8.6312e-01,  4.7040e-01,  7.7094e-01,  3.4160e-01,
         6.5152e-01, -9.7989e-01,  5.5955e-01,  2.8579e-01, -4.1461e-01,
         4.8660e-01,  4.9460e-01, -7.2171e-01, -5.5836e-01, -9.0003e-01,
         6.5486e-03, -2.7982e-01, -1.2208e-01,  3.7476e-01,  5.6948e-01,
         7.4038e-02, -4.2713e-01, -4.1439e-01,  8.1129e-01,  5.5001e-01,
         6.4516e-01,  1.7706e-01,  8.3668e-02,  9.7798e-01,  2.2293e-01,
         5.8695e-01, -3.8697e-01,  8.2572e-01, -2.1038e-01,  2.8607e-01,
        -3.9655e-01,  7.1771e-01,  6.6424e-01, -6.3830e-01,  6.0755e-01,
         9.6360e-01, -9.6581e-01, -8.8918e-01, -6.2105e-01,  7.1788e-01,
         2.3974e-01, -8.1427e-01,  8.5850e-03, -6.1225e-01,  8.1153e-01,
         8.1997e-01, -2.2500e-01,  9.4445e-01,  4.4996e-01, -6.1894e-01,
         8.8245e-01, -8.6138e-01, -5.8708e-01,  5.7828e-01, -3.3690e-01,
         2.2636e-01, -5.4672e-01, -6.7594e-01,  3.2544e-01,  6.0912e-01,
         7.5415e-01, -8.8293e-01,  6.3436e-01,  7.8371e-01,  9.6628e-01,
        -3.2502e-01,  7.3030e-01, -2.5810e-01, -7.3545e-02, -2.7891e-01,
         7.5690e-02,  5.6638e-01,  5.4200e-01, -9.5580e-01,  4.8638e-01,
        -1.3582e-01, -6.0217e-02,  9.0753e-01,  6.1018e-01, -5.1507e-01,
         1.4278e-01,  6.2962e-01, -5.6255e-01, -4.5224e-01,  3.3713e-01,
         7.4435e-01,  6.9307e-01,  7.7644e-01,  4.1226e-01,  8.2635e-01,
         4.3072e-01,  8.9119e-01, -5.6125e-02,  2.1497e-01, -1.3733e-01,
         7.2059e-01,  5.7035e-01, -6.5723e-01,  8.6976e-01, -7.7469e-01,
        -5.9405e-01,  3.9949e-01,  4.7423e-01, -5.4965e-02, -8.2059e-01,
         4.2890e-01, -2.5701e-01, -2.6094e-01,  5.3708e-01, -3.0950e-01],
       device='cuda:1')[I 2025-10-02 13:29:48,749] Trial 47 finished with value: 90.51466997464497 and parameters: {'n_units': 1000, 'alpha': 0.30000000000000004, 'sigma_in': 1.0, 'rho': 0.9, 'tikh': 1e-08, 'option': 3}. Best is trial 29 with value: 0.5422939757506052.
[I 2025-10-02 13:30:09,159] Trial 48 finished with value: 0.6323182781537374 and parameters: {'n_units': 3000, 'alpha': 0.2, 'sigma_in': 1.0, 'rho': 0.8, 'tikh': 0.1, 'option': 3}. Best is trial 29 with value: 0.5422939757506052.
[I 2025-10-02 13:30:39,193] Trial 49 finished with value: 27.14554786682129 and parameters: {'n_units': 3000, 'alpha': 0.2, 'sigma_in': 1.0, 'rho': 0.9, 'tikh': 0.01, 'option': 3}. Best is trial 29 with value: 0.5422939757506052.
[I 2025-10-02 13:30:57,512] Trial 50 finished with value: 0.7018002867698669 and parameters: {'n_units': 3000, 'alpha': 0.2, 'sigma_in': 0.8, 'rho': 0.8, 'tikh': 0.1, 'option': 3}. Best is trial 29 with value: 0.5422939757506052.
[I 2025-10-02 13:31:18,517] Trial 51 finished with value: 2.2973363995552063 and parameters: {'n_units': 3000, 'alpha': 0.2, 'sigma_in': 0.9, 'rho': 0.8, 'tikh': 0.1, 'option': 3}. Best is trial 29 with value: 0.5422939757506052.
[I 2025-10-02 13:31:38,190] Trial 52 finished with value: 0.6887046694755554 and parameters: {'n_units': 3000, 'alpha': 0.30000000000000004, 'sigma_in': 0.8, 'rho': 0.9, 'tikh': 0.1, 'option': 3}. Best is trial 29 with value: 0.5422939757506052.
[I 2025-10-02 13:31:55,065] Trial 53 finished with value: 2.3507620294888816 and parameters: {'n_units': 3000, 'alpha': 0.30000000000000004, 'sigma_in': 0.8, 'rho': 0.9, 'tikh': 0.1, 'option': 3}. Best is trial 29 with value: 0.5422939757506052.
[I 2025-10-02 13:32:17,196] Trial 54 finished with value: 0.730573316415151 and parameters: {'n_units': 3000, 'alpha': 0.30000000000000004, 'sigma_in': 0.8, 'rho': 1.0, 'tikh': 0.1, 'option': 3}. Best is trial 29 with value: 0.5422939757506052.
[I 2025-10-02 13:32:46,419] Trial 55 finished with value: 1.0617854197820027 and parameters: {'n_units': 3000, 'alpha': 0.1, 'sigma_in': 0.7000000000000001, 'rho': 0.8, 'tikh': 0.1, 'option': 3}. Best is trial 29 with value: 0.5422939757506052.
[I 2025-10-02 13:33:05,350] Trial 56 finished with value: 1.8194824854532878 and parameters: {'n_units': 3000, 'alpha': 0.4, 'sigma_in': 1.0, 'rho': 0.9, 'tikh': 0.1, 'option': 3}. Best is trial 29 with value: 0.5422939757506052.
[I 2025-10-02 13:33:33,479] Trial 57 finished with value: 1.1545376976331074 and parameters: {'n_units': 3000, 'alpha': 0.2, 'sigma_in': 0.1, 'rho': 0.8, 'tikh': 0.1, 'option': 3}. Best is trial 29 with value: 0.5422939757506052.
[I 2025-10-02 13:33:59,203] Trial 58 finished with value: 1.7457073132197063 and parameters: {'n_units': 3000, 'alpha': 0.4, 'sigma_in': 0.8, 'rho': 0.8, 'tikh': 0.1, 'option': 3}. Best is trial 29 with value: 0.5422939757506052.
[I 2025-10-02 13:34:32,615] Trial 59 finished with value: 54.15925280253092 and parameters: {'n_units': 3000, 'alpha': 0.30000000000000004, 'sigma_in': 0.2, 'rho': 0.9, 'tikh': 1e-06, 'option': 3}. Best is trial 29 with value: 0.5422939757506052.
[I 2025-10-02 13:34:56,608] Trial 60 finished with value: 0.8425574898719788 and parameters: {'n_units': 3000, 'alpha': 0.1, 'sigma_in': 1.0, 'rho': 1.0, 'tikh': 0.1, 'option': 3}. Best is trial 29 with value: 0.5422939757506052.
[I 2025-10-02 13:35:23,380] Trial 61 finished with value: 1041.3811594645183 and parameters: {'n_units': 3000, 'alpha': 0.2, 'sigma_in': 0.9, 'rho': 0.8, 'tikh': 0.01, 'option': 1}. Best is trial 29 with value: 0.5422939757506052.

Test Loss for each rep: [2.496845, 155.62718, 113.41998]
R 状态矩阵： torch.Size([5000, 3000])
r0 初始状态： tensor([-0.3020, -0.2013,  0.2323,  ...,  0.7188,  0.1093,  0.6833],
       device='cuda:1')
R 状态矩阵： torch.Size([5000, 3000])
r0 初始状态： tensor([ 0.3150, -0.0110,  0.0254,  ...,  0.0641,  0.0795,  0.2330],
       device='cuda:1')
R 状态矩阵： torch.Size([5000, 3000])
r0 初始状态： tensor([-0.1180, -0.8028, -0.5690,  ...,  0.5083,  0.4098, -0.6879],
       device='cuda:1')
Test Loss for each rep: [0.60442346, 0.62080055, 0.6717308]
R 状态矩阵： torch.Size([5000, 3000])
r0 初始状态： tensor([ 0.4780, -0.3572, -0.1163,  ...,  0.4717,  0.6253, -0.5805],
       device='cuda:1')
R 状态矩阵： torch.Size([5000, 3000])
r0 初始状态： tensor([-0.4141,  0.6143, -0.1506,  ...,  0.2258, -0.2744,  0.0700],
       device='cuda:1')
R 状态矩阵： torch.Size([5000, 3000])
r0 初始状态： tensor([ 0.0443,  0.0480,  0.3806,  ..., -0.5105, -0.5609,  0.4960],
       device='cuda:1')
Test Loss for each rep: [27.63971, 30.614344, 23.18259]
R 状态矩阵： torch.Size([5000, 3000])
r0 初始状态： tensor([ 0.0246,  0.3249,  0.6100,  ..., -0.1398,  0.1732, -0.3503],
       device='cuda:1')
R 状态矩阵： torch.Size([5000, 3000])
r0 初始状态： tensor([-0.2129, -0.1203, -0.1971,  ...,  0.1275,  0.1098, -0.4926],
       device='cuda:1')
R 状态矩阵： torch.Size([5000, 3000])
r0 初始状态： tensor([-0.0546,  0.3660, -0.6789,  ..., -0.1392, -0.1815, -0.4379],
       device='cuda:1')
Test Loss for each rep: [0.70608246, 0.6401149, 0.7592035]
R 状态矩阵： torch.Size([5000, 3000])
r0 初始状态： tensor([-0.1224,  0.0172, -0.0051,  ...,  0.2601,  0.6698, -0.1203],
       device='cuda:1')
R 状态矩阵： torch.Size([5000, 3000])
r0 初始状态： tensor([ 0.0858,  0.5064,  0.0887,  ..., -0.8298,  0.2002,  0.5523],
       device='cuda:1')
R 状态矩阵： torch.Size([5000, 3000])
r0 初始状态： tensor([ 0.2811, -0.5713, -0.4120,  ..., -0.1011,  0.5683,  0.7892],
       device='cuda:1')
Test Loss for each rep: [0.66783977, 0.70339125, 5.520778]
R 状态矩阵： torch.Size([5000, 3000])
r0 初始状态： tensor([-0.0769,  0.2880, -0.1100,  ..., -0.1808, -0.1770,  0.0820],
       device='cuda:1')
R 状态矩阵： torch.Size([5000, 3000])
r0 初始状态： tensor([-0.6077,  0.3255, -0.3571,  ...,  0.6910, -0.6401,  0.2584],
       device='cuda:1')
R 状态矩阵： torch.Size([5000, 3000])
r0 初始状态： tensor([ 0.0254,  0.5340, -0.3290,  ..., -0.8110, -0.4126,  0.6280],
       device='cuda:1')
Test Loss for each rep: [0.6159977, 0.81710327, 0.63301307]
R 状态矩阵： torch.Size([5000, 3000])
r0 初始状态： tensor([-0.2534,  0.1736, -0.0690,  ...,  0.4813, -0.1440,  0.6056],
       device='cuda:1')
R 状态矩阵： torch.Size([5000, 3000])
r0 初始状态： tensor([ 0.1642, -0.5357, -0.5965,  ...,  0.3204, -0.4896, -0.1381],
       device='cuda:1')
R 状态矩阵： torch.Size([5000, 3000])
r0 初始状态： tensor([-0.1365, -0.3418, -0.8565,  ...,  0.4325,  0.2016, -0.0899],
       device='cuda:1')
Test Loss for each rep: [0.6988141, 0.6803415, 5.6731305]
R 状态矩阵： torch.Size([5000, 3000])
r0 初始状态： tensor([-0.2945,  0.1256, -0.3817,  ..., -0.3914, -0.0242, -0.1525],
       device='cuda:1')
R 状态矩阵： torch.Size([5000, 3000])
r0 初始状态： tensor([ 0.0229,  0.1225,  0.3659,  ..., -0.1290,  0.0962, -0.5282],
       device='cuda:1')
R 状态矩阵： torch.Size([5000, 3000])
r0 初始状态： tensor([-0.0148, -0.5800,  0.4372,  ..., -0.2052,  0.3362,  0.0018],
       device='cuda:1')
Test Loss for each rep: [0.7499802, 0.68150735, 0.7602324]
R 状态矩阵： torch.Size([5000, 3000])
r0 初始状态： tensor([-0.0694,  0.5221,  0.1199,  ..., -0.2859,  0.1002, -0.5051],
       device='cuda:1')
R 状态矩阵： torch.Size([5000, 3000])
r0 初始状态： tensor([-0.2399, -0.1767, -0.0099,  ...,  0.3903,  0.1797,  0.3353],
       device='cuda:1')
R 状态矩阵： torch.Size([5000, 3000])
r0 初始状态： tensor([-0.0333, -0.0418,  0.1465,  ...,  0.3984,  0.0429,  0.1377],
       device='cuda:1')
Test Loss for each rep: [1.7905185, 0.6023521, 0.79248565]
R 状态矩阵： torch.Size([5000, 3000])
r0 初始状态： tensor([-0.0959, -0.0906,  0.1829,  ...,  0.6799, -0.1066, -0.4074],
       device='cuda:1')
R 状态矩阵： torch.Size([5000, 3000])
r0 初始状态： tensor([-0.1404, -0.1237,  0.1510,  ..., -0.1388,  0.5577, -0.1460],
       device='cuda:1')
R 状态矩阵： torch.Size([5000, 3000])
r0 初始状态： tensor([ 0.0387, -0.0836, -0.0684,  ...,  0.6628, -0.6502,  0.0747],
       device='cuda:1')
Test Loss for each rep: [4.144863, 0.64739263, 0.6661917]
R 状态矩阵： torch.Size([5000, 3000])
r0 初始状态： tensor([-0.0138, -0.0261, -0.0165,  ..., -0.0038, -0.0123, -0.0126],
       device='cuda:1')
R 状态矩阵： torch.Size([5000, 3000])
r0 初始状态： tensor([-0.0307,  0.0363,  0.0030,  ..., -0.0136, -0.1217, -0.1699],
       device='cuda:1')
R 状态矩阵： torch.Size([5000, 3000])
r0 初始状态： tensor([-0.0478,  0.0245, -0.0408,  ...,  0.0887,  0.0089, -0.1162],
       device='cuda:1')
Test Loss for each rep: [0.88581055, 1.2391375, 1.338665]
R 状态矩阵： torch.Size([5000, 3000])
r0 初始状态： tensor([ 0.3273,  0.2131,  0.0661,  ..., -0.0919,  0.1419,  0.0057],
       device='cuda:1')
R 状态矩阵： torch.Size([5000, 3000])
r0 初始状态： tensor([ 0.5633, -0.3282, -0.0844,  ..., -0.5351,  0.7434,  0.6963],
       device='cuda:1')
R 状态矩阵： torch.Size([5000, 3000])
r0 初始状态： tensor([ 0.0059, -0.3404, -0.2034,  ...,  0.1381, -0.7154,  0.3050],
       device='cuda:1')
Test Loss for each rep: [3.981744, 0.64191705, 0.61346084]
R 状态矩阵： torch.Size([5000, 3000])
r0 初始状态： tensor([ 0.0276, -0.0236, -0.0410,  ...,  0.0945,  0.0235, -0.0565],
       device='cuda:1')
R 状态矩阵： torch.Size([5000, 3000])
r0 初始状态： tensor([-0.0108, -0.0034, -0.0409,  ...,  0.1739,  0.0142, -0.0816],
       device='cuda:1')
R 状态矩阵： torch.Size([5000, 3000])
r0 初始状态： tensor([ 0.0319, -0.0249, -0.0909,  ..., -0.0419, -0.0085,  0.0213],
       device='cuda:1')
Test Loss for each rep: [26.439337, 50.389923, 85.6485]
R 状态矩阵： torch.Size([5000, 3000])
r0 初始状态： tensor([-0.3141, -0.1498,  0.3588,  ..., -0.0890,  0.3361,  0.1967],
       device='cuda:1')
R 状态矩阵： torch.Size([5000, 3000])
r0 初始状态： tensor([ 0.6153,  0.3108, -0.5437,  ..., -0.1832, -0.3422,  0.4002],
       device='cuda:1')
R 状态矩阵： torch.Size([5000, 3000])
r0 初始状态： tensor([-0.0928,  0.0854, -0.6432,  ..., -0.5206,  0.1730, -0.5633],
       device='cuda:1')
Test Loss for each rep: [0.6779638, 0.80036545, 1.0493432]
R 状态矩阵： torch.Size([5000, 3000])
r0 初始状态： tensor([-0.0035,  0.0753,  0.1038,  ..., -0.2581,  0.0020,  0.1115],
       device='cuda:1')
R 状态矩阵： torch.Size([5000, 3000])
r0 初始状态： tensor([-0.4946, -0.5615,  0.0641,  ...,  0.0208, -0.1480, -0.0847],
       device='cuda:1')
R 状态矩阵： torch.Size([5000, 3000])
r0 初始状态： tensor([-0.0675,  0.1409,  0.0285,  ...,  0.9598, -0.8368, -0.8173],
       device='cuda:1')
Test Loss for each rep: [105.68667, 2983.9387, 34.51809]
R 状态矩阵： torch.Size([5000, 1000])
r0 初始状态： tensor([ 3.7620e-02,  4.4631e-01, -1.6405e-01,  1.3886e-01,  3.1127e-01,
        -3.5740e-01,  7.5189e-01,  4.2580e-01,  4.0865e-02, -4.2820e-01,
        -2.0045e-01,  2.5811e-01,  2.3833e-01, -2.1965e-03,  6.7377e-01,
         1.0570e-01,  4.4011e-01,  1.9253e-01, -3.4364e-01,  3.4147e-01,
         1.7816e-01, -4.6546e-02, -2.9266e-01, -2.6463e-01,  4.0342e-01,
        -5.6221e-02,  2.7910e-01, -5.0450e-01,  7.8340e-01,  2.0461e-01,
         3.0637e-01, -1.4101e-01, -4.4042e-01, -3.1463e-01,  8.2403e-02,
         1.1783e-01,  6.4999e-01, -1.6872e-01, -5.2949e-01, -4.7106e-01,
         3.4414e-02,  4.4541e-01, -6.6432e-02,  5.4379e-01,  1.3258e-01,
        -2.0357e-01, -5.3952e-01,  2.3555e-02, -2.5832e-01, -4.7558e-01,
         2.1897e-01,  4.2445e-02, -2.0146e-01, -8.5863e-02, -2.8300e-02,
        -2.4921e-01, -4.6614e-01,  2.2988e-01,  1.7985e-01, -1.2930e-01,
         1.1738e-01, -1.3844e-01,  2.9699e-01,  2.0247e-02, -1.3150e-02,
         6.9151e-02,  2.1826e-01,  3.6043e-01,  1.5428e-01,  3.4964e-01,
         9.2347e-02,  1.5959e-01,  3.5813e-01,  7.7585e-02, -4.0992e-01,
         3.1270e-01,  9.8121e-02, -2.2076e-01,  1.0638e-01, -3.3565e-01,
         3.0016e-01,  3.0188e-01,  1.6202e-01,  2.7908e-01,  5.0340e-01,
        -6.4826e-02, -9.6683e-02, -2.3424e-01, -3.0185e-01, -2.8840e-02,
         4.8563e-01, -6.5024e-02,  1.3467e-01,  2.8564e-01,  1.9871e-01,
        -4.4132e-01,  3.0194e-01, -6.1504e-02,  2.1880e-01, -4.5531e-01,
         2.3969e-01,  6.1858e-03,  2.0720e-01, -3.9106e-01,  4.9169e-01,
        -5.6692e-02,  2.0257e-01,  3.7017e-01,  2.4990e-02, -3.4502e-02,
         1.1778e-02, -2.1455e-01,  1.4053e-01, -3.0011e-01,  4.5363e-01,
         1.9945e-01,  2.2924e-02, -2.4157e-01,  3.4639e-01,  4.1945e-01,
         4.4808e-02, -3.4448e-03, -3.9593e-01, -2.1642e-01,  3.8207e-01,
        -3.6483e-01, -1.9178e-01, -5.5085e-01,  2.4426e-01, -3.2141e-01,
         1.3742e-01, -3.1827e-01, -2.2384e-01,  4.3340e-01, -4.5875e-02,
        -1.8172e-01,  1.7461e-01,  2.6756e-01,  1.6784e-01,  2.7604e-01,
         4.3069e-01, -2.2868e-01, -4.9030e-01, -2.9712e-01, -3.0006e-01,
         3.3060e-01,  4.8261e-01, -2.4010e-01, -7.4479e-02,  1.4391e-01,
         3.7365e-01,  9.1302e-02, -1.6081e-01, -6.4577e-02, -1.1801e-01,
         1.4078e-01, -1.5068e-01, -4.8227e-01,  6.0485e-01,  8.3896e-02,
        -9.5521e-02, -3.8331e-01, -1.2316e-01,  5.7714e-01,  2.5217e-01,
         1.4432e-01, -3.5038e-01, -2.1289e-01, -5.4309e-01, -2.9618e-02,
         7.6069e-02,  2.9619e-01,  2.9495e-01, -4.9593e-01,  1.6783e-02,
         2.1990e-02, -8.7485e-02, -1.0370e-01, -3.6298e-01, -5.0360e-01,
        -6.1419e-01, -3.6597e-02, -1.8821e-01,  2.4776e-01, -2.7237e-02,
         1.2188e-01, -4.0404e-01, -4.3395e-01,  2.6770e-01, -2.4100e-01,
        -1.6146e-01,  1.5851e-01,  3.0535e-01,  1.0184e-01,  2.3768e-01,
         4.4984e-01, -4.8862e-01, -6.0386e-01,  2.3535e-01,  1.2845e-01,
        -8.1192e-02, -2.0453e-01, -2.3862e-01, -2.3585e-01,  6.9777e-02,
        -1.6681e-01, -2.2338e-01, -6.5311e-02,  3.0964e-01, -1.9135e-01,
        -2.9002e-01, -2.6029e-02, -4.1876e-02, -3.1443e-01, -2.5862e-01,
         1.5883e-01, -2.7323e-01,  1.0311e-01,  2.0324e-01,  1.5763e-01,
        -3.5499e-02, -4.2641e-01, -1.3486e-01, -5.0313e-01, -2.3769e-01,
        -5.2329e-01, -1.5415e-01, -4.6621e-03,  3.1215e-01,  1.4217e-01,
         1.4866e-01, -9.5536e-02,  1.7737e-01, -2.1728e-03,  1.8739e-02,
        -8.0739e-02, -5.0673e-01,  1.9791e-02, -1.1571e-01,  2.6878e-01,
        -4.2765e-01, -4.0714e-01,  1.5500e-01, -3.9440e-01,  2.7034e-02,
        -1.3890e-01,  3.5786e-01,  7.1041e-02, -1.3428e-01, -5.3878e-01,
         8.1650e-02,  1.8909e-01,  6.1336e-02,  3.6849e-01, -2.2056e-01,
         3.3323e-01,  2.3562e-02, -2.6512e-01, -6.5037e-02,  1.6207e-01,
        -1.0787e-01,  3.0695e-01,  2.8073e-01,  4.9989e-01, -2.0715e-02,
        -5.7494e-02, -7.4400e-02,  3.7975e-01,  1.9459e-01, -1.3131e-01,
         1.3070e-01,  4.6254e-01,  6.0970e-01,  1.3131e-01, -1.0117e-01,
        -2.4600e-01, -1.8208e-03, -2.2733e-01,  7.1459e-02, -9.3285e-02,
        -2.9048e-01, -2.3131e-01,  2.9177e-01, -6.6122e-02, -5.2946e-01,
        -7.6704e-02, -3.0306e-01, -2.0427e-02, -1.3367e-01,  3.7263e-01,
         3.3436e-01, -6.0394e-01,  3.0863e-02,  1.2073e-01, -2.1472e-01,
        -1.5686e-01, -8.0218e-02,  2.0963e-01, -2.9844e-02, -1.5745e-01,
        -2.8490e-01, -2.9688e-01,  2.6072e-01,  3.5295e-01, -3.9647e-02,
         3.5693e-01,  4.1378e-01,  2.4689e-02, -2.8177e-01,  6.0610e-02,
        -1.2584e-01, -1.0655e-01, -1.3732e-01, -1.7856e-01, -2.7720e-01,
         3.2306e-01,  3.0089e-01, -1.4771e-01,  2.9012e-01, -4.9258e-01,
         1.2034e-01, -5.1527e-01,  3.6319e-01, -7.2533e-02, -2.5505e-01,
         1.5246e-01,  1.6387e-01,  2.0590e-01,  2.5696e-01,  1.9172e-02,
        -5.1248e-01,  1.1077e-01, -4.7152e-01,  2.3362e-01, -4.6096e-01,
        -4.8870e-03,  2.8584e-01, -5.6035e-01, -2.8021e-01, -6.2237e-02,
        -5.2173e-02,  2.6249e-01, -2.5494e-02, -4.3541e-03, -1.5065e-01,
         4.1591e-01,  2.7594e-01, -4.3923e-01,  3.5872e-01, -2.8705e-02,
         4.0853e-01, -2.4456e-01, -1.2680e-02,  4.3544e-01, -2.4224e-01,
         3.5386e-04,  1.6669e-01, -1.5680e-01, -5.7019e-01,  2.5164e-02,
         4.0393e-01, -3.3560e-01, -4.5909e-01,  2.7017e-01,  1.4004e-01,
        -2.5109e-01, -2.3135e-01, -2.5739e-01,  3.4690e-01, -5.2955e-01,
         2.1872e-01, -5.0343e-01,  1.8409e-01, -1.5236e-01, -3.8810e-03,
         5.1477e-01,  6.4225e-01, -1.8488e-01,  4.1500e-01, -4.0674e-01,
         1.0471e-01,  2.4648e-01,  1.8012e-01, -3.2072e-01,  3.6834e-01,
        -4.3592e-01,  4.1007e-01,  5.6560e-01, -6.2240e-02, -1.4407e-01,
        -1.2701e-01, -9.1664e-02, -2.9356e-02,  1.4316e-01,  1.1526e-01,
        -1.7948e-01, -3.1761e-01, -2.2819e-01, -2.0744e-02, -2.0814e-02,
        -3.5206e-01,  1.9342e-01, -1.5316e-01, -3.6756e-01, -3.5096e-02,
        -2.7656e-02, -4.3144e-02,  2.4110e-01, -3.3361e-01, -7.8467e-02,
         6.4419e-01, -3.2855e-01, -1.2782e-01, -2.5305e-01,  4.2090e-01,
        -4.8375e-02,  2.8004e-01, -1.2663e-01, -3.6385e-01,  5.3666e-01,
         2.5385e-02, -3.9278e-01, -1.3058e-01,  1.4791e-01,  1.9694e-01,
        -2.2779e-02, -2.9557e-02, -2.0623e-01,  2.7816e-01,  1.0645e-01,
         2.1624e-01,  1.6824e-01, -2.1414e-01,  2.5213e-01, -1.2198e-01,
        -7.9190e-02,  1.1459e-01, -4.1336e-01,  4.3824e-01, -1.1323e-01,
         2.9942e-02,  1.6521e-01, -3.0915e-01,  1.4442e-01, -3.2642e-03,
         2.9315e-01,  3.7564e-01, -3.8134e-01, -4.2578e-02,  3.9447e-01,
         1.9965e-01,  1.7210e-01, -6.1625e-02,  4.7286e-01, -4.1071e-02,
         1.5168e-02,  3.2688e-01, -2.5979e-01,  1.9991e-01,  1.3210e-01,
        -2.9594e-01, -6.7312e-02, -3.9348e-01, -6.5260e-02, -1.6539e-01,
         3.0749e-01, -1.1209e-01, -1.4301e-01, -2.8635e-01, -2.9474e-01,
        -6.9460e-02,  2.2816e-01,  1.7353e-01,  1.7627e-01, -2.4247e-01,
        -3.0271e-01,  2.8913e-01,  6.0631e-02, -2.7944e-01,  1.5281e-01,
        -5.6798e-02, -1.4008e-01, -2.1095e-01,  2.0632e-01,  3.3140e-02,
         5.8224e-02, -3.9684e-01,  5.3082e-01, -5.3053e-01,  5.2012e-01,
         1.2098e-01,  6.2784e-01,  3.3372e-01, -2.2803e-01,  4.8899e-02,
        -4.0088e-01, -1.7465e-02, -4.0964e-01,  2.4308e-02,  1.9873e-01,
        -4.3847e-01,  8.0100e-03,  1.5962e-01, -6.2497e-01,  5.5195e-01,
        -4.3014e-01,  7.2678e-01, -2.5084e-01,  4.2817e-01, -7.7497e-02,
        -8.1295e-01, -2.6514e-01,  6.6209e-01, -8.3323e-02, -2.6309e-02,
         4.6292e-01, -3.6532e-01, -9.4531e-03, -2.7362e-01,  2.6519e-01,
         5.6114e-01,  4.7320e-01, -6.9323e-01,  8.0191e-01,  7.3791e-01,
         4.8294e-01, -2.5121e-01,  4.4136e-04, -5.7779e-01, -7.4714e-01,
         9.6527e-02, -1.9912e-01,  1.9133e-01,  7.0814e-01, -1.3595e-01,
        -8.0513e-01, -7.4032e-02,  3.5369e-01,  8.0667e-01, -1.1355e-01,
        -5.9303e-01,  7.9333e-01, -6.1353e-01, -6.4949e-02,  6.2804e-01,
        -2.9451e-01,  5.9081e-01, -7.3801e-01, -5.0224e-01,  7.9927e-01,
         6.6842e-01,  1.8489e-01, -3.1436e-01, -7.8448e-01, -1.7900e-01,
         5.9995e-01,  7.9082e-01, -4.0790e-01,  6.5195e-01,  6.1475e-01,
        -7.1882e-01,  7.1078e-01,  6.6275e-01, -2.4644e-01,  6.7150e-01,
        -2.9959e-01, -1.8212e-02,  6.8002e-01, -5.6463e-01,  1.5492e-02,
        -3.8116e-02, -2.8954e-01,  8.4808e-01, -1.6037e-03, -7.4472e-01,
        -4.0970e-01,  1.9530e-01,  3.2546e-02, -4.9284e-01, -3.1789e-01,
        -8.5213e-01, -7.6322e-01,  4.4079e-01, -1.0704e-01,  1.5057e-01,
         6.3692e-01, -5.3984e-01,  6.5952e-01,  4.2293e-01,  2.4326e-01,
         7.2964e-01,  2.2133e-01, -7.3362e-01,  8.3784e-01,  8.0062e-01,
        -1.2556e-01,  1.9734e-03,  4.2848e-01, -5.5967e-01,  6.8962e-01,
         1.9394e-01, -6.0400e-01, -6.0517e-01,  1.2248e-02, -4.7026e-01,
         5.9269e-01, -2.0554e-01,  2.4396e-01, -2.0742e-01,  6.1689e-02,
         4.1357e-01,  3.5565e-01,  8.2460e-01,  9.0809e-01,  2.6405e-02,
        -6.1123e-01, -4.9202e-01,  4.3858e-01, -6.9585e-01,  9.3947e-02,
        -7.8277e-01, -4.0544e-01,  6.2489e-01, -7.1826e-01,  5.9093e-02,
         2.5808e-01,  2.5641e-01,  8.2168e-01,  4.0993e-01,  4.8250e-01,
         5.6989e-01, -2.3910e-01, -7.5939e-01,  2.8029e-01, -6.0598e-01,
         3.5727e-01, -5.2904e-01,  5.2536e-01, -1.2301e-01, -6.3382e-02,
         4.6894e-01, -7.6018e-01, -6.5850e-01,  3.9161e-01,  6.7708e-01,
        -1.1715e-02, -5.2532e-01,  3.9525e-01, -6.5655e-02,  1.3104e-01,
        -5.1019e-01, -8.4200e-01,  3.3079e-01,  4.8468e-01,  2.3921e-01,
         8.4001e-01, -9.2370e-01, -3.0132e-01, -4.1541e-01,  1.9109e-01,
        -2.0687e-01,  4.6461e-01, -4.2725e-01, -4.4547e-01,  2.0243e-01,
         4.5339e-01, -6.7152e-01,  3.5137e-01, -2.6802e-01, -7.9030e-02,
         1.6699e-01, -6.2695e-01, -7.9858e-01,  4.1798e-01, -3.5912e-03,
        -1.2447e-01, -7.0502e-01,  5.4965e-02, -7.5375e-01, -6.7902e-01,
        -1.5222e-01, -1.9567e-01,  3.1262e-01,  5.9418e-02,  5.6353e-01,
        -4.3101e-01, -3.0778e-01,  2.2862e-01,  3.6670e-01, -1.9973e-01,
        -6.0134e-01,  3.0241e-01, -5.0654e-01,  6.8910e-01,  2.8156e-01,
         4.1015e-01,  8.0900e-01, -3.5073e-01,  2.4474e-01, -3.1414e-01,
        -4.5682e-01,  8.2202e-01, -1.9055e-01, -2.3451e-01,  3.4103e-01,
        -5.2114e-01, -8.2119e-02,  3.1207e-01,  5.4395e-01,  3.4629e-01,
         4.5114e-01,  8.4694e-01,  8.6991e-01,  5.4700e-01, -4.5939e-02,
        -3.9986e-01, -8.1887e-01, -7.7899e-01,  1.1080e-01, -3.8039e-02,
         1.7681e-01, -6.1437e-01, -5.4232e-02, -1.8249e-01,  5.0638e-01,
        -4.7294e-02, -6.3215e-01, -4.2963e-01,  8.9439e-02,  4.3244e-02,
        -8.1028e-01, -2.0140e-01, -2.9343e-01,  5.7753e-01,  1.2682e-02,
        -3.7366e-01,  4.7187e-02,  3.9082e-01, -6.7390e-01,  3.9279e-01,
        -5.7018e-01, -4.8966e-01, -4.9863e-03, -7.3216e-01,  7.8836e-01,
        -9.9192e-02,  1.0436e-02, -8.2629e-01, -4.5129e-01, -1.0636e-01,
        -1.6272e-01, -3.8505e-01, -1.6749e-01, -2.5922e-01, -2.0250e-01,
         5.7461e-02, -2.3295e-01,  4.9172e-02, -5.9893e-02,  4.4603e-04,
         1.8329e-01, -2.8782e-01, -6.5119e-02,  4.0200e-01, -1.4993e-01,
         1.2347e-02, -1.2592e-02,  1.2188e-01, -2.1732e-01, -9.3921e-02,
         3.8414e-01, -2.4928e-01, -2.4284e-01, -4.1781e-02,  2.8095e-02,
        -1.8929e-03, -4.6773e-02, -2.0143e-01, -3.5903e-01,  5.1877e-01,
         2.8254e-01, -1.4903e-01, -1.7203e-01,  1.9398e-01,  1.6357e-01,
         8.9468e-03,  2.9347e-02, -1.9476e-01,  3.6895e-01, -7.1491e-02,
         7.2931e-02, -2.2417e-01, -6.6004e-02, -2.9779e-02, -1.5476e-01,
        -2.6095e-01,  2.2508e-01,  4.5931e-03, -1.0238e-01,  1.0716e-01,
         1.2759e-02,  3.0332e-01,  2.5234e-01, -1.0240e-01, -4.9273e-01,
        -7.7588e-02,  4.7133e-01, -3.8129e-01,  3.7211e-01, -3.1964e-02,
        -1.4578e-02, -2.9723e-01,  3.5622e-01, -1.9374e-01,  1.2350e-01,
         2.2183e-01,  1.5461e-01, -3.9113e-01, -3.1427e-01,  9.8335e-02,
        -3.3533e-01, -2.1865e-01, -2.2616e-01,  8.6422e-02, -1.0096e-01,
        -1.3666e-01,  1.1725e-01, -1.5956e-01,  6.3533e-02,  1.0557e-01,
         3.0662e-01,  2.0879e-01, -1.8708e-01,  5.7426e-02,  3.3508e-01,
        -4.9504e-02, -1.1317e-01, -2.9373e-01, -3.6110e-01, -4.1446e-01,
         2.6843e-01,  2.8843e-02, -1.3791e-01,  2.7201e-01, -2.5595e-01,
         2.8423e-01, -6.9047e-02,  1.4843e-01,  1.9342e-01,  6.3039e-02,
         5.3291e-03,  9.9065e-02, -5.7317e-01,  1.1176e-01, -3.7234e-01,
        -7.5291e-03,  2.2605e-01, -3.4506e-01, -2.1897e-02,  2.2385e-01,
         3.4422e-01,  7.5141e-02,  2.1421e-02, -5.7078e-01,  4.3268e-01,
        -2.3803e-01,  2.1652e-01,  8.0609e-02, -4.3337e-01, -4.6529e-02,
        -1.6078e-01,  2.4510e-01, -4.7070e-03,  4.2976e-01,  1.1961e-01,
        -4.3866e-02, -9.0068e-02,  2.7487e-01,  4.7869e-01,  4.0950e-02,
        -2.1806e-01, -1.9642e-01, -1.0948e-01, -6.4647e-02,  5.7434e-01,
        -4.6272e-01,  2.2647e-01,  1.8756e-01, -2.2036e-01, -2.5187e-01,
        -4.5602e-01, -4.2738e-03,  1.1807e-01,  1.0631e-02,  8.3571e-02,
        -3.3810e-01,  4.2063e-01, -2.2632e-01,  3.1348e-01,  1.7601e-01,
        -1.5754e-01,  3.1764e-01,  4.7021e-02,  4.1098e-02, -1.5356e-01,
        -9.0547e-02, -1.1357e-01, -1.0369e-02,  2.2112e-01,  3.4545e-01,
         2.7899e-01, -1.8889e-01, -3.0094e-01, -4.4209e-01, -2.3432e-01,
        -1.9366e-01,  4.6434e-01,  3.7604e-01, -4.3369e-01,  1.4564e-01,
        -4.9184e-01, -2.9521e-01,  3.4498e-02, -6.5526e-02, -9.1348e-02,
         2.4173e-02, -1.5682e-01,  5.0974e-01, -1.8646e-02,  2.1017e-01,
         1.4034e-01, -2.0309e-01,  1.3760e-01, -4.0433e-02, -1.1086e-03,
         2.6064e-01, -7.9872e-02,  7.2793e-02, -2.4865e-02, -2.5610e-01,
        -8.8195e-02,  3.4569e-01, -1.5214e-01,  4.9994e-01,  3.1051e-01,
         3.3218e-01,  2.2510e-02,  2.2042e-01, -3.5494e-01, -1.6818e-01,
         3.1158e-01, -1.2132e-01, -4.7622e-02, -5.6087e-02, -1.7945e-02,
        -4.2438e-01, -4.2107e-01, -4.0793e-01, -1.6771e-01, -2.8667e-01,
        -2.3762e-01,  1.3789e-01,  3.6470e-03,  1.1822e-02, -5.2027e-01,
        -2.4414e-01, -8.8764e-02,  1.3204e-01,  1.6093e-01,  2.3627e-01,
         1.2037e-02, -2.9711e-01, -3.9788e-02, -9.2105e-02,  1.5315e-02,
        -1.1311e-01, -3.7403e-01, -4.3825e-02, -9.6831e-02,  2.4856e-01,
         1.9370e-01,  3.7099e-01, -4.6918e-01, -2.8363e-01,  8.1481e-03,
        -1.7722e-01,  7.9305e-02,  6.8712e-02,  1.7102e-01, -1.3226e-02,
         1.3105e-01,  7.6749e-02, -4.8688e-01,  9.7564e-02, -2.7406e-03,
         2.1223e-01,  3.4675e-01,  1.4366e-01, -1.1543e-01, -1.0200e-01],
       device='cuda:1')
R 状态矩阵： torch.Size([5000, 1000])
r0 初始状态： tensor([ 0.0584,  0.5665,  0.4227,  0.2098,  0.0971, -0.4396,  0.6153, -0.3929,
        -0.7408,  0.7466,  0.4044,  0.4858,  0.1287, -0.4726, -0.2841, -0.2642,
        -0.0085, -0.2802, -0.2485,  0.8708,  0.3991,  0.0095,  0.7188, -0.3187,
        -0.4840,  0.0124, -0.8361,  0.4554, -0.1984,  0.8548, -0.3592,  0.3509,
         0.4318, -0.2304,  0.4405, -0.3154, -0.5868, -0.6817,  0.0756,  0.2163,
         0.7413, -0.2938,  0.0076,  0.2326, -0.3632, -0.0822, -0.7230,  0.3532,
        -0.3018, -0.5541,  0.5996, -0.7087, -0.7642,  0.5800, -0.0862, -0.4402,
        -0.5947,  0.2222, -0.1020,  0.7513, -0.2172,  0.8459,  0.5824, -0.3389,
        -0.0761, -0.6440,  0.2056,  0.6929, -0.0367, -0.3397,  0.0041, -0.3707,
         0.3887, -0.1468, -0.3230, -0.6555, -0.1982, -0.7730,  0.6114,  0.4191,
        -0.3030,  0.7224,  0.7031, -0.7865, -0.2843, -0.1674, -0.7252,  0.0469,
        -0.6126,  0.2622,  0.1897, -0.8035, -0.3609,  0.2880,  0.7185, -0.7165,
         0.1185, -0.4591, -0.5104, -0.0078, -0.1001,  0.1423, -0.2238,  0.6954,
         0.2715, -0.1430, -0.6381,  0.2485,  0.0989, -0.6585, -0.1029, -0.6619,
         0.7326, -0.6947,  0.4531, -0.3074, -0.0783, -0.0643,  0.8216,  0.3215,
         0.3327,  0.5769, -0.3599, -0.0523,  0.6716, -0.5764,  0.1771, -0.3486,
        -0.8597, -0.6768, -0.4982, -0.1768, -0.8111,  0.3094, -0.0271,  0.0852,
        -0.6140,  0.0689, -0.2553, -0.3842, -0.0663, -0.3380,  0.5181,  0.4432,
        -0.2625,  0.0301, -0.2057, -0.3199,  0.5533,  0.2659, -0.6886, -0.7916,
         0.0027, -0.0296,  0.4938,  0.6043,  0.0958, -0.7521,  0.8541, -0.6030,
        -0.8901, -0.2327,  0.4011,  0.3403, -0.0665, -0.5488, -0.6744, -0.8055,
         0.8546, -0.0210,  0.2139, -0.4700,  0.7236,  0.2809, -0.2504, -0.0920,
         0.3286, -0.7589, -0.0376, -0.2838,  0.0125, -0.0098, -0.2432, -0.4328,
        -0.1794, -0.4662,  0.7198,  0.2630, -0.7094,  0.1257, -0.0711,  0.5789,
        -0.2988,  0.6196, -0.5257, -0.8018, -0.0859,  0.5688,  0.0101,  0.7573,
        -0.1709, -0.2651, -0.7588, -0.0660,  0.1589,  0.3627,  0.1936, -0.6120,
        -0.1541,  0.8192, -0.2907, -0.5626,  0.2302,  0.3566,  0.4606, -0.1740,
        -0.4341, -0.3008,  0.0418, -0.4540,  0.3031,  0.4148,  0.1854,  0.6222,
        -0.4034, -0.0285, -0.2193,  0.1715,  0.8343, -0.6200, -0.1331, -0.4846,
        -0.2525, -0.7505,  0.0219,  0.5838, -0.4549, -0.2089, -0.5750,  0.1223,
        -0.4786, -0.3894,  0.3479,  0.6231,  0.2172, -0.6142,  0.3533,  0.4394,
         0.2447, -0.1453,  0.3495, -0.1774,  0.0524, -0.7122, -0.0981,  0.1562,
        -0.5245, -0.0431, -0.3226,  0.2059, -0.0819, -0.4726, -0.2245,  0.3203,
         0.4779, -0.2471, -0.1411,  0.1361,  0.0270, -0.3711, -0.7183,  0.3063,
         0.2304,  0.0483,  0.0805, -0.2606,  0.4160,  0.2573, -0.3375, -0.6784,
         0.0726,  0.5932,  0.2579, -0.3078,  0.2296, -0.0067, -0.6414,  0.4574,
         0.5851, -0.0421,  0.1391,  0.6360,  0.1285, -0.2787,  0.0721, -0.3595,
         0.1286, -0.1354, -0.0231,  0.2868, -0.2099,  0.2961,  0.1844, -0.1687,
         0.3647,  0.2063,  0.0411, -0.2837,  0.1254, -0.1587,  0.3320, -0.2151,
        -0.2833, -0.0349, -0.4284, -0.1669, -0.5566,  0.4200,  0.1789, -0.0374,
        -0.1882, -0.1132,  0.1906,  0.3796,  0.0827,  0.3687, -0.0171,  0.1263,
        -0.2437,  0.3020, -0.5491, -0.2248,  0.3290,  0.4790, -0.2386, -0.2710,
         0.1383, -0.4406, -0.0538,  0.3809, -0.1007,  0.4852,  0.0306,  0.3855,
         0.3717,  0.0806, -0.1084, -0.1831, -0.6233,  0.4381,  0.1066, -0.1520,
        -0.0221, -0.2923, -0.6308,  0.1326,  0.1177, -0.4985, -0.0984,  0.6290,
        -0.4148,  0.1706, -0.2186, -0.5199,  0.2234, -0.4825,  0.2408,  0.3341,
        -0.4521,  0.3295, -0.3656, -0.0952,  0.0340,  0.1494,  0.2047,  0.1141,
         0.4334,  0.5095, -0.0695,  0.1459,  0.2860,  0.1707, -0.3321, -0.2660,
         0.1757, -0.3337,  0.5600,  0.0851, -0.0375, -0.2463,  0.0045, -0.3978,
         0.4268, -0.2799, -0.4242,  0.5657, -0.3428, -0.3579, -0.4121, -0.2256,
         0.4654, -0.1675,  0.6543,  0.0351, -0.0903,  0.0694,  0.3742, -0.5203,
         0.1338, -0.3830, -0.3200, -0.1453,  0.5537,  0.1683,  0.0512,  0.4011,
        -0.1795,  0.4028,  0.2985, -0.0377, -0.1600, -0.0961,  0.1227, -0.0648,
        -0.0632, -0.2688, -0.3775, -0.5012, -0.3772, -0.1227, -0.2592, -0.2901,
        -0.0321,  0.5257,  0.0838, -0.4882,  0.0020,  0.2570, -0.4434,  0.4735,
        -0.1396,  0.3425, -0.4553,  0.6403,  0.5606, -0.7378, -0.4083, -0.3639,
         0.0634, -0.4324, -0.2027,  0.4734,  0.5922,  0.6630, -0.2733,  0.0727,
         0.0804, -0.2037,  0.0011,  0.4296, -0.3711,  0.1734, -0.3314,  0.2426,
        -0.1663,  0.0801, -0.5602,  0.0457,  0.1708,  0.1805, -0.4141,  0.6419,
         0.4832, -0.2958,  0.2483, -0.2495, -0.2490,  0.4411,  0.2700, -0.0304,
        -0.2417, -0.0949, -0.3108,  0.0824,  0.3959,  0.2365, -0.0082, -0.3725,
        -0.1129, -0.4699,  0.0434, -0.2176, -0.2069,  0.1417, -0.5927, -0.6555,
        -0.2108,  0.0266, -0.1177,  0.3553,  0.5019,  0.6961, -0.3179,  0.2989,
         0.3146, -0.6781, -0.2984,  0.6511, -0.3947,  0.6144, -0.6370,  0.7312,
         0.8393, -0.3606, -0.0973, -0.9034, -0.0507, -0.3097,  0.5936,  0.7143,
        -0.7311, -0.1813, -0.0124,  0.3920, -0.6709,  0.5017, -0.2215, -0.1552,
        -0.5494, -0.7576,  0.6899,  0.6670, -0.8145, -0.7010, -0.1850,  0.3416,
         0.3316, -0.6431,  0.5075,  0.2077,  0.7781,  0.2151,  0.4942,  0.3563,
         0.4442,  0.0572, -0.0523, -0.2756,  0.5498,  0.0028, -0.4871,  0.2044,
        -0.3666, -0.5326,  0.1099,  0.7440,  0.4287, -0.5542,  0.7535,  0.2380,
         0.6703, -0.2640,  0.1319,  0.8821,  0.1351, -0.1325, -0.6270,  0.6008,
        -0.4391, -0.0021, -0.6028,  0.2070, -0.1811,  0.7195,  0.2107,  0.6858,
        -0.4332,  0.2263, -0.4509,  0.7791,  0.4509,  0.8650, -0.5536,  0.4767,
        -0.0230, -0.1527,  0.1602, -0.5378, -0.2714,  0.5648, -0.5736,  0.6998,
        -0.2189, -0.7047,  0.1160, -0.3417,  0.5970, -0.3357, -0.1803, -0.6620,
        -0.3470,  0.2297, -0.8361, -0.4106,  0.8685, -0.2775, -0.6613,  0.6970,
        -0.0040, -0.6343, -0.6076, -0.6696, -0.1065,  0.0550,  0.2496,  0.7268,
        -0.0719,  0.2527, -0.1708,  0.6154, -0.5481,  0.3143, -0.0693,  0.5510,
        -0.4692, -0.4055,  0.1474, -0.3596, -0.7838, -0.2692, -0.0648, -0.5567,
        -0.7979, -0.6522, -0.1929, -0.6824, -0.2721, -0.5620, -0.0785,  0.0034,
        -0.7477,  0.6896,  0.7066, -0.1464, -0.8687, -0.6845, -0.2814, -0.7593,
        -0.2271, -0.6329, -0.0830,  0.6175,  0.2579, -0.6592,  0.0920, -0.2205,
         0.3648, -0.4332, -0.5874, -0.8316, -0.5125, -0.1238,  0.7534, -0.3555,
        -0.8131, -0.3954,  0.3385,  0.3391, -0.4492, -0.6581, -0.1816, -0.8240,
         0.7091, -0.7254, -0.7083, -0.4825,  0.5492,  0.5234,  0.4738,  0.0588,
        -0.4031,  0.6450, -0.5604,  0.8170, -0.0913, -0.6358, -0.5442,  0.0472,
         0.8007,  0.4775, -0.8957, -0.3911, -0.6386, -0.1362, -0.3960, -0.3099,
         0.8510, -0.3449, -0.7049, -0.7100, -0.0096, -0.8775, -0.1770, -0.0863,
         0.1658, -0.4924, -0.4016,  0.2366, -0.7042, -0.2714,  0.4020, -0.2477,
        -0.4064, -0.0334, -0.5302,  0.1311,  0.5778,  0.0080, -0.4935,  0.3201,
         0.1002, -0.4595,  0.3260,  0.7337,  0.1707,  0.2399,  0.7079, -0.0862,
        -0.7487,  0.2766,  0.4600,  0.6300,  0.4877,  0.7387,  0.5905, -0.8867,
        -0.6728,  0.5855, -0.7222, -0.0164,  0.2746, -0.2247,  0.1951, -0.3136,
        -0.1342, -0.3309, -0.2694, -0.1153,  0.3093, -0.4004,  0.7040,  0.0565,
        -0.1793, -0.4029, -0.1600,  0.5039,  0.4052,  0.3394, -0.3645,  0.6888,
        -0.6921, -0.1013,  0.3872, -0.8466,  0.5376, -0.7766,  0.4060,  0.6133,
         0.3705,  0.7298,  0.8665,  0.1948, -0.4979,  0.0332, -0.1726, -0.0711,
         0.4321, -0.8585,  0.4736,  0.4973, -0.7465, -0.3500, -0.0110,  0.4410,
        -0.5616,  0.5346,  0.5540,  0.5113,  0.0532,  0.7754, -0.2511,  0.3665,
         0.4505, -0.2592, -0.7560,  0.8415, -0.1794, -0.4938,  0.7557,  0.5096,
        -0.2312,  0.1871,  0.3525,  0.3150, -0.0435,  0.7124, -0.4129,  0.5537,
        -0.1995, -0.2669,  0.1340,  0.5446,  0.2745, -0.5782,  0.5989, -0.1799,
         0.4224, -0.7938,  0.4627, -0.5718,  0.2942,  0.3714,  0.7401, -0.7513,
        -0.6877,  0.1066, -0.7803, -0.1601,  0.4495, -0.7644, -0.4699,  0.6971,
         0.4918,  0.4209,  0.1159, -0.6901,  0.6247, -0.4766, -0.7558, -0.8658,
         0.2156, -0.1502,  0.8167, -0.7536, -0.0570, -0.0462,  0.7672,  0.0141,
        -0.4008,  0.4115,  0.4020,  0.6885, -0.1756,  0.5930, -0.8451, -0.4374,
         0.3628,  0.7543,  0.7664, -0.5633, -0.0715, -0.6075, -0.0443, -0.2394,
         0.0086,  0.2328, -0.7920,  0.0634, -0.2824, -0.4242, -0.8540,  0.8448,
         0.2245,  0.3656, -0.0808, -0.4392, -0.6484, -0.1885,  0.2669, -0.8014,
        -0.4678,  0.2845, -0.1744, -0.1153,  0.2651,  0.8523,  0.3710, -0.0643,
        -0.8535,  0.0600, -0.1181, -0.8843,  0.6581, -0.7112,  0.1835,  0.3662,
        -0.7739, -0.7371,  0.1853,  0.4618,  0.6454,  0.0787, -0.5313, -0.2311,
         0.3897, -0.5133, -0.3689,  0.2300, -0.4433,  0.6845,  0.4778, -0.1383,
        -0.3610, -0.0036, -0.0897,  0.1076, -0.4025,  0.4216,  0.1107,  0.3840,
        -0.3150,  0.8104,  0.8128, -0.0315,  0.8010,  0.1230, -0.8031, -0.2530,
        -0.0475, -0.2461,  0.0426,  0.2423,  0.1130,  0.7468,  0.1237, -0.2310,
         0.6711, -0.3761, -0.7794,  0.6688, -0.0756,  0.0385, -0.6026,  0.4337,
        -0.9187, -0.8005,  0.7840,  0.1678,  0.6039,  0.4166,  0.3091, -0.7097,
        -0.3197, -0.1199, -0.3376, -0.4913, -0.2592, -0.3883, -0.4844,  0.4220,
        -0.0895,  0.6849,  0.3776, -0.1869, -0.4024,  0.9014,  0.6240,  0.6461,
        -0.1056,  0.1089,  0.1544, -0.2072, -0.2651,  0.6471,  0.7097,  0.5286,
         0.1920, -0.0702, -0.6124,  0.2830,  0.2052,  0.5619,  0.0010,  0.7241,
         0.3895,  0.6908,  0.1617, -0.2345,  0.4321,  0.3488,  0.1808, -0.2653,
         0.2556, -0.2394,  0.0326, -0.3691, -0.4366,  0.3190, -0.5256, -0.3188],
       device='cuda:1')
R 状态矩阵： torch.Size([5000, 1000])
r0 初始状态： tensor([-5.4535e-01, -3.1334e-01,  3.4033e-02, -2.4450e-01, -1.7628e-01,
        -2.9049e-01,  1.2218e-01, -4.0768e-01, -2.0888e-01, -2.1638e-01,
        -4.2189e-02,  4.0480e-01,  1.4350e-01, -9.3497e-02, -1.8746e-01,
         2.5577e-01,  3.2036e-02,  6.3637e-01,  5.2421e-01,  1.0406e-01,
         2.0360e-01,  4.5195e-01,  3.1980e-01,  1.4480e-01,  6.8729e-01,
         6.7805e-02, -5.0183e-01,  1.6960e-02,  3.5436e-01,  2.6435e-01,
        -3.3750e-02,  4.2941e-01, -4.2091e-02, -7.8725e-02,  2.7669e-02,
         6.8010e-01,  8.4243e-02, -2.5199e-01, -3.4407e-02, -3.9332e-01,
         2.5304e-01, -3.4512e-01,  4.8603e-02,  2.5767e-01, -2.2602e-01,
        -4.6067e-02,  4.4611e-01,  3.5268e-01, -4.2475e-01, -1.8041e-01,
         8.0335e-02,  8.2492e-04, -3.8259e-02, -4.8353e-01,  9.4916e-02,
         8.8760e-02, -1.4794e-01, -3.3323e-01, -1.7419e-01,  1.8072e-01,
        -1.5440e-01, -1.5552e-01,  4.1615e-02,  6.1035e-01, -3.5346e-02,
        -4.4268e-01, -2.5339e-01, -3.1115e-01, -1.0139e-01,  2.1711e-01,
         7.7391e-02, -8.6278e-02, -7.1145e-01, -1.3816e-02,  2.9817e-01,
         4.3447e-01,  2.6929e-02, -5.1197e-01, -3.4113e-01,  3.2850e-01,
         6.5697e-02,  2.7767e-01,  1.0943e-01,  3.1614e-01,  1.2447e-01,
        -5.1737e-01,  2.5457e-01, -3.6341e-01,  4.3190e-02,  3.2298e-01,
        -1.9630e-01, -2.6823e-01,  3.3877e-01, -3.5777e-01, -1.6231e-01,
         4.2711e-01, -2.9532e-01, -1.7432e-01, -4.5796e-01,  1.5884e-01,
         2.2302e-01,  2.3060e-01, -4.6619e-03,  6.4180e-01, -5.4115e-01,
         5.9613e-01,  1.7893e-01,  3.8045e-01, -3.0610e-01,  1.5531e-01,
        -1.2173e-01, -1.8435e-01, -1.0711e-01,  5.6270e-03,  6.6196e-02,
         1.3567e-01, -4.5691e-01, -1.1620e-01,  1.2643e-01,  3.3200e-01,
         3.5042e-01, -5.0370e-01,  1.5688e-01,  3.7259e-01, -5.5003e-01,
         1.9269e-01, -7.3591e-02,  3.1051e-01,  3.4178e-01, -2.6210e-01,
         3.3018e-01,  2.8625e-01, -2.1067e-01,  2.6043e-01,  5.0126e-01,
         2.3346e-02,  1.0012e-01, -4.1498e-02,  2.9777e-01, -1.1311e-01,
         4.0081e-01, -4.7781e-02, -1.5674e-01,  1.0592e-01,  4.8458e-01,
        -3.0166e-01, -2.4353e-01, -1.4741e-01, -2.1038e-02, -2.3045e-01,
        -5.5750e-01, -2.2845e-02,  1.7459e-01,  3.6024e-01, -2.7208e-01,
         4.3894e-02, -2.4844e-01, -7.3584e-02, -7.9750e-02,  1.2368e-01,
        -2.4683e-01,  1.3551e-01, -6.3949e-02,  2.3818e-02,  2.0780e-01,
        -2.9730e-01,  4.0305e-01, -1.2156e-02,  1.2945e-02,  2.7359e-01,
         2.2296e-02, -1.4089e-01,  5.3687e-01, -2.5575e-01, -2.3785e-01,
        -1.1928e-02, -5.3461e-02, -2.5697e-01, -4.5060e-01, -1.6947e-01,
         1.9909e-02, -1.0449e-01, -1.9668e-01,  5.5276e-01,  1.5138e-01,
         2.0767e-01, -5.0949e-01, -7.0682e-02,  3.7114e-01, -8.0775e-02,
         2.9336e-01, -3.0790e-01, -5.3008e-01, -4.3955e-03, -4.6621e-01,
        -3.2679e-01,  1.6192e-01,  6.4494e-02,  5.2705e-02, -4.1017e-01,
        -4.1425e-01,  4.4228e-01, -6.7111e-02, -1.0020e-01,  4.5609e-02,
         1.4895e-01,  1.6732e-01, -3.1548e-01,  8.7901e-02, -8.7954e-02,
        -6.5762e-01, -1.2011e-01, -4.2067e-01, -3.4015e-01,  4.4046e-01,
         1.1580e-02, -2.9205e-01,  2.8511e-01, -7.5240e-02,  4.5858e-01,
         2.9050e-01, -1.2869e-01,  9.1606e-02, -1.0719e-01, -3.5624e-01,
         1.4298e-01,  1.0323e-02,  2.2083e-01, -1.2867e-01,  1.6943e-02,
        -7.5756e-02,  6.4230e-02, -4.0265e-02,  8.9250e-02,  1.2784e-01,
        -1.0503e-01,  2.5413e-01,  4.7243e-01, -8.0406e-02, -2.6146e-01,
         3.3183e-01,  1.7255e-01,  4.2299e-02,  2.4113e-01, -1.1525e-01,
        -1.1151e-02,  1.9680e-01,  2.7138e-01, -2.7291e-02, -1.0776e-01,
         1.2909e-02, -1.6436e-01,  1.5500e-02, -5.7059e-02, -1.4747e-01,
        -1.1165e-01,  2.5832e-01, -3.5264e-02, -2.3434e-01, -2.6065e-01,
         1.3858e-01, -4.2413e-02, -1.5976e-01, -1.1975e-01,  8.5014e-02,
         1.6625e-02,  1.5955e-01, -5.9867e-02,  2.3549e-01,  1.9497e-01,
        -1.9486e-01,  2.8420e-02,  1.9646e-02,  4.1840e-02,  7.4962e-02,
        -1.6742e-01, -7.3597e-02, -1.3530e-01, -7.7819e-04,  9.1615e-02,
         3.4318e-02, -2.4864e-01, -1.0382e-01,  2.6096e-02,  1.4609e-01,
        -5.0127e-02,  2.1122e-01,  1.0901e-02,  2.4900e-02, -8.5595e-02,
        -3.2335e-02,  7.9095e-03, -1.5027e-01, -1.2819e-01,  8.7478e-02,
         1.5898e-01,  6.0949e-02, -2.4277e-01, -1.1099e-01,  2.3660e-01,
         1.5898e-01,  1.1374e-02, -1.2529e-01, -1.4086e-01,  1.1634e-01,
        -2.4811e-01,  1.2353e-01, -2.9544e-03, -1.4449e-01,  1.0336e-01,
         2.8397e-01, -1.3119e-01, -1.4743e-01, -1.5613e-01, -1.0921e-01,
        -6.4509e-02, -1.3830e-01, -2.2355e-01,  5.8038e-02,  5.9370e-02,
        -4.3224e-02, -2.6580e-01, -2.0284e-01,  5.8156e-02,  3.1195e-01,
        -3.6893e-02, -1.4849e-01,  1.2110e-01, -8.3171e-02,  2.6548e-01,
        -1.4576e-01, -1.1670e-01,  2.4400e-02, -9.4476e-02,  1.5015e-01,
        -1.2981e-01,  3.3086e-01, -1.9109e-01, -1.4388e-01, -1.8287e-01,
        -4.5648e-02,  4.3002e-02, -1.4041e-02, -8.8180e-02,  9.2265e-02,
         6.5979e-02, -5.1507e-02,  1.7686e-01, -6.7046e-02,  1.3131e-01,
         2.5034e-01, -1.1021e-01,  5.3246e-02,  9.9043e-02,  1.7036e-01,
         2.3577e-01,  2.7879e-01, -2.1616e-01,  8.0371e-02,  4.0142e-02,
        -1.2949e-01, -2.5729e-01,  1.6079e-01, -8.5434e-02,  2.2226e-01,
        -3.2796e-01,  1.7963e-01,  1.0057e-01,  1.1173e-01, -1.5543e-01,
        -7.8609e-03, -8.6379e-02,  2.1167e-01, -2.0225e-01, -6.3397e-02,
        -2.7137e-01, -1.2425e-01, -3.3811e-02,  1.1700e-01,  1.8236e-01,
         2.5535e-01, -1.7196e-01,  5.6975e-02, -3.9359e-01,  4.0599e-02,
         1.2693e-01, -1.0242e-01,  2.9630e-01, -7.5926e-02, -7.1942e-02,
         1.4013e-01,  7.9732e-02, -6.6998e-03,  2.1586e-02, -2.3032e-01,
        -1.6301e-01,  1.3996e-01, -5.3040e-02,  6.2395e-02, -1.9736e-01,
         8.6843e-02,  2.9415e-02,  9.3118e-02,  7.4731e-02,  1.9218e-01,
         2.2346e-01, -6.0807e-02, -5.7921e-03, -1.5093e-01,  1.6740e-01,
         1.5268e-01,  2.6714e-01, -6.3533e-02, -2.4925e-01,  2.5689e-01,
        -2.0547e-02, -2.1749e-01,  2.8050e-02,  1.8173e-01, -1.7105e-01,
        -9.4502e-02, -1.2966e-01, -6.4928e-02, -9.0217e-02,  2.9605e-01,
        -1.2771e-01,  7.2409e-02, -5.2710e-02,  1.9707e-01,  1.6971e-02,
        -2.5695e-01,  6.9147e-02,  1.1184e-01, -9.5976e-02,  5.0554e-02,
         2.5881e-01, -1.3103e-01,  1.6451e-01,  2.9791e-01, -2.3112e-01,
         4.3168e-02,  5.2245e-02,  3.9820e-02, -8.7031e-02,  7.2993e-03,
        -1.5698e-01, -6.8553e-02,  5.3296e-02, -2.1875e-01,  1.1935e-01,
        -2.1285e-01, -2.1789e-01, -1.8903e-01,  2.5946e-01,  3.9318e-02,
        -9.3581e-02,  1.9628e-01,  3.8892e-02,  1.7548e-01,  1.1791e-01,
        -1.8423e-01, -1.1380e-01, -9.7640e-02,  1.8391e-01, -2.9730e-01,
        -5.1313e-02, -1.5068e-01,  5.6274e-02, -5.4241e-02,  1.5889e-01,
         1.0942e-01, -7.3698e-02,  1.4420e-02,  9.0570e-02,  8.1651e-02,
         6.3617e-03, -1.9042e-01,  2.0049e-01, -3.9152e-02,  2.2934e-02,
         3.2140e-02,  1.3530e-01, -1.4273e-01, -2.9863e-01,  6.8659e-02,
        -6.4626e-02, -1.3487e-01,  1.2032e-01,  9.2359e-02,  1.3654e-01,
        -1.3927e-01,  3.3338e-04,  2.3458e-01, -2.0066e-02,  4.0097e-01,
        -1.9127e-01, -3.9193e-01, -2.0281e-01,  2.3081e-01, -1.8551e-01,
        -1.4745e-01, -3.5182e-01, -1.2064e-01, -1.8708e-01, -1.6484e-01,
         5.9534e-01, -6.8934e-01,  4.7962e-01, -2.7893e-01, -1.3424e-02,
        -3.8459e-01, -6.6110e-01,  4.2525e-01,  3.8368e-01,  5.5077e-01,
         2.7645e-01, -3.1457e-03, -4.5409e-01,  5.5554e-01, -4.3873e-01,
        -3.6339e-01, -1.4964e-02, -4.4612e-01,  6.2459e-01, -2.9677e-01,
        -3.4349e-01, -3.0969e-02,  7.6920e-01, -7.2116e-01, -6.5317e-01,
        -7.1573e-01, -4.9390e-01, -4.9175e-01, -1.5950e-01, -6.9053e-01,
        -5.3972e-01, -6.0277e-01, -5.1842e-01,  8.4547e-01, -1.7376e-01,
         5.6261e-01,  9.2381e-02,  6.6435e-02, -6.0635e-01,  4.7040e-01,
        -7.2093e-01, -6.7925e-01,  2.0323e-01, -2.9651e-01,  3.6512e-01,
         5.6338e-01, -3.3685e-01,  4.7612e-03, -5.3980e-01,  3.4595e-01,
         1.1768e-01,  5.8747e-01,  5.1614e-01,  4.9931e-01,  2.2768e-01,
        -7.1036e-02, -4.2658e-01, -2.7759e-01,  4.1232e-01,  2.5039e-01,
        -2.8884e-01, -4.9480e-01, -9.9474e-02,  6.2481e-01, -4.6925e-01,
         2.8573e-01,  4.4280e-01,  4.3240e-01, -5.2541e-01,  2.0946e-01,
         4.9788e-01,  3.0744e-01,  2.2357e-01, -1.2401e-01, -6.1807e-02,
        -4.3800e-01,  4.2181e-01,  3.7935e-01,  1.4777e-01, -2.6307e-01,
         2.7403e-01, -1.1282e-01, -4.2883e-01, -2.3031e-01,  5.0941e-01,
        -1.8666e-01,  4.4973e-01, -1.0819e-01,  2.7545e-01,  6.9380e-01,
        -3.6165e-01,  2.8001e-01, -1.6990e-01,  6.6129e-01,  3.8987e-03,
        -3.8686e-01,  4.0151e-01, -7.5790e-01,  5.9001e-01,  2.2488e-04,
         6.5503e-01, -7.0805e-01,  2.5527e-01,  1.5511e-01,  4.4967e-01,
         5.8101e-01,  3.8106e-01,  3.7272e-01,  3.9645e-01, -9.2739e-02,
         4.3177e-01,  2.7262e-02,  2.2788e-01, -7.0235e-01, -1.5280e-01,
         4.2304e-01, -7.0318e-01,  4.0990e-02,  3.7181e-01,  1.5166e-01,
        -3.2571e-01,  2.0369e-01,  3.5974e-01,  7.5932e-01,  8.7944e-02,
        -5.0832e-01, -4.0703e-01,  5.5565e-01,  2.6991e-01, -4.0273e-01,
        -8.6611e-02, -3.8891e-01, -3.1356e-01, -1.6746e-01,  2.7535e-01,
         4.4825e-01,  1.4675e-01,  4.5269e-03,  1.2317e-01, -6.0541e-01,
        -4.4436e-01,  7.7114e-01, -5.3648e-01,  6.1504e-01,  2.9614e-01,
        -2.5840e-01, -3.0409e-01, -2.4512e-01,  4.2724e-03, -1.6327e-01,
         4.5522e-01,  5.4632e-01, -6.4585e-01, -4.2955e-01, -6.0545e-01,
        -1.0113e-01,  6.0989e-03, -2.7098e-01, -4.8034e-01, -7.9800e-02,
         3.7824e-01, -6.1398e-01,  3.0095e-01, -9.2516e-02, -1.8591e-01,
        -4.5815e-01, -6.0424e-01, -4.2855e-02, -3.8420e-01,  1.2725e-01,
         6.5341e-01, -1.8237e-01, -1.1492e-01,  8.0319e-02,  6.9849e-02,
         3.3159e-01, -1.3131e-01, -2.1388e-01, -6.2787e-01, -2.1149e-01,
        -3.1700e-01,  1.0456e-01, -9.0327e-02, -3.7009e-01,  5.3868e-01,
        -5.4503e-01, -3.5991e-02, -6.8944e-01, -6.1372e-01, -6.4826e-01,
        -4.9962e-01,  8.7374e-02, -7.2552e-01,  3.0536e-01, -4.1254e-01,
        -7.6721e-02,  2.9306e-01, -3.4523e-01,  4.2610e-01, -5.8781e-01,
        -5.2195e-01,  1.6269e-01,  4.7376e-01, -2.0221e-01,  3.5527e-01,
         4.8019e-01, -9.1328e-02, -3.5764e-01, -6.1464e-01, -2.5040e-01,
         1.4257e-02, -3.0457e-01, -1.7150e-01,  1.7933e-01, -1.5031e-02,
        -2.2702e-02, -2.4205e-01, -5.9103e-01,  4.3445e-01, -3.7716e-01,
         3.5169e-01,  3.2539e-01, -4.3165e-01, -3.8930e-01,  4.7670e-01,
        -7.0974e-01, -1.9356e-01,  8.1615e-02, -8.3893e-02, -5.0875e-01,
         1.9852e-01,  3.0863e-01, -3.8922e-01,  5.2881e-01,  3.3121e-01,
         1.9998e-01,  1.3812e-01, -3.6010e-01, -1.1309e-01, -3.4100e-02,
         4.3833e-01, -5.7929e-02, -2.8988e-01, -6.6845e-02, -1.5450e-01,
        -1.7193e-01,  3.7031e-01, -1.5224e-01,  5.5394e-01, -2.1591e-01,
         7.2091e-01,  2.1040e-01, -5.4419e-01, -6.7297e-01,  7.2589e-01,
         3.2731e-01,  7.3575e-01,  5.1277e-02,  2.0678e-01,  8.2569e-01,
         3.5356e-01,  7.1272e-01,  1.9015e-01,  3.2444e-02,  2.6943e-01,
         1.3957e-01,  6.6229e-01,  9.0365e-01,  4.9201e-01, -2.1391e-01,
         2.3216e-01,  4.7809e-02,  4.5376e-01, -8.1463e-01,  5.4982e-01,
         1.1192e-01, -5.3597e-01, -3.9886e-01,  2.3670e-01,  2.7300e-01,
        -3.5707e-01, -6.1878e-01, -2.1445e-02, -7.2408e-02, -5.1596e-01,
         7.5693e-01, -7.8312e-01, -9.9042e-03,  2.8930e-01,  5.1467e-01,
         4.4601e-01, -9.2556e-02,  7.0035e-01, -7.1764e-01,  6.1817e-03,
         5.6482e-01, -4.9827e-01, -4.4101e-01, -1.9036e-01,  5.4461e-02,
        -3.9347e-01, -2.4974e-01,  1.6563e-01, -1.5753e-01,  5.1588e-01,
        -1.2411e-01,  4.1720e-01, -7.8175e-01,  1.0993e-01, -2.8732e-02,
        -4.2240e-01,  4.0506e-01,  1.0639e-01, -1.2198e-02, -2.6226e-01,
         2.8994e-01,  3.2414e-01, -3.7830e-01,  8.1724e-02,  5.3413e-01,
        -5.0006e-02,  4.2817e-01, -6.8283e-01,  2.0322e-01, -1.1504e-01,
        -6.2270e-01,  1.9299e-01,  3.0079e-01,  1.5994e-01, -6.6504e-01,
         3.6515e-01, -5.2142e-02,  6.5848e-01,  2.9603e-01,  2.9560e-01,
        -3.7586e-02, -2.7138e-01, -6.3276e-01, -1.9251e-01, -4.8344e-01,
         6.9714e-01,  6.7082e-01,  7.4944e-01, -5.1637e-01, -6.9757e-01,
         8.8186e-02, -4.6570e-01,  5.7634e-01, -6.5574e-01, -5.5418e-01,
         6.6093e-01,  2.4901e-01,  8.0123e-01, -1.2628e-01, -1.8465e-01,
         5.3542e-01,  4.4017e-01, -4.7583e-01, -7.2923e-01, -8.8980e-02,
        -2.8071e-01,  6.0528e-01, -4.9556e-01,  3.0079e-02,  3.5826e-01,
        -4.4919e-01,  3.6222e-01,  4.3932e-01, -6.9286e-01, -1.5618e-01,
         7.9011e-03, -6.2264e-01, -2.9064e-01, -5.3823e-01, -2.1690e-02,
         4.8976e-01, -1.4053e-01,  2.3353e-01,  1.7124e-02,  1.1862e-01,
         1.1205e-01,  6.0727e-01, -3.4251e-02,  8.9555e-03, -8.6703e-02,
        -6.9530e-01,  3.9871e-01, -7.5389e-01,  3.2586e-01, -7.1048e-01,
         2.0344e-01, -6.1429e-01, -5.7725e-01,  1.6171e-02, -1.0283e-01,
        -1.9321e-01, -5.0746e-02,  6.0602e-01,  1.3693e-01,  7.2346e-01,
        -7.6225e-02, -3.7183e-01, -8.7897e-01, -3.1282e-01,  3.8239e-01,
        -3.5761e-02,  2.0027e-02, -5.4789e-01, -4.4311e-01, -3.2673e-01,
         6.4355e-01, -3.9413e-01,  6.8826e-01, -1.5502e-01, -8.1319e-01,
         7.3800e-02,  6.1078e-01, -1.5806e-01, -6.2144e-01, -8.7165e-02,
        -1.0494e-01,  4.9497e-01, -4.6291e-01,  4.4791e-01,  8.8896e-01,
        -7.9569e-01, -6.7008e-01,  6.4178e-01,  5.5568e-01, -1.5124e-01,
        -9.4445e-02, -2.4638e-01, -7.1672e-01, -1.1188e-01, -5.5823e-01,
         2.4441e-01, -5.2502e-01, -7.2544e-02,  2.1276e-01, -6.3269e-01,
        -1.6965e-01,  6.8767e-01,  1.0303e-01, -5.1372e-01, -5.3753e-01,
         1.5186e-01,  2.5596e-01, -4.9763e-01,  8.1705e-01, -4.3230e-01,
         2.3016e-01, -6.7851e-01,  5.3588e-01, -3.3744e-01, -7.0560e-01,
         4.0042e-01, -3.1195e-01,  1.0648e-01,  8.4395e-02, -5.6539e-01,
        -5.1705e-01,  4.1702e-01,  5.2454e-01, -7.7267e-01,  1.4175e-01,
         4.1611e-01, -4.5766e-01, -4.7046e-01,  2.2112e-01,  5.5282e-01,
        -2.3414e-01, -5.6209e-01, -1.1249e-01,  6.1041e-01,  2.3794e-01,
         3.4777e-01,  3.3334e-01, -2.6162e-02, -2.5573e-01,  3.8078e-01,
        -6.0012e-01, -7.3119e-01,  3.5932e-01, -1.8402e-03, -2.1815e-01,
        -2.8777e-01, -5.9012e-01,  6.0858e-01,  1.7506e-01,  1.7957e-01,
        -5.9812e-01,  8.5137e-01, -1.6400e-01,  4.1239e-01,  3.9203e-01],
       device='cuda:1')[I 2025-10-02 13:35:36,609] Trial 62 finished with value: 308.5117047627767 and parameters: {'n_units': 1000, 'alpha': 0.2, 'sigma_in': 0.9, 'rho': 0.8, 'tikh': 1e-08, 'option': 3}. Best is trial 29 with value: 0.5422939757506052.
[I 2025-10-02 13:36:07,519] Trial 63 finished with value: 331.880139986674 and parameters: {'n_units': 3000, 'alpha': 0.30000000000000004, 'sigma_in': 0.9, 'rho': 0.5, 'tikh': 1e-05, 'option': 2}. Best is trial 29 with value: 0.5422939757506052.
[I 2025-10-02 13:36:32,524] Trial 64 finished with value: 1766.8080472946167 and parameters: {'n_units': 3000, 'alpha': 0.4, 'sigma_in': 1.0, 'rho': 0.7000000000000001, 'tikh': 1e-07, 'option': 3}. Best is trial 29 with value: 0.5422939757506052.
[I 2025-10-02 13:36:58,059] Trial 65 finished with value: 0.6541552146275839 and parameters: {'n_units': 2000, 'alpha': 0.1, 'sigma_in': 0.8, 'rho': 0.7000000000000001, 'tikh': 0.1, 'option': 2}. Best is trial 29 with value: 0.5422939757506052.
[I 2025-10-02 13:37:20,719] Trial 66 finished with value: 0.7009434103965759 and parameters: {'n_units': 2000, 'alpha': 0.1, 'sigma_in': 0.7000000000000001, 'rho': 0.7000000000000001, 'tikh': 0.1, 'option': 3}. Best is trial 29 with value: 0.5422939757506052.
[I 2025-10-02 13:37:51,907] Trial 67 finished with value: 0.7343489130338033 and parameters: {'n_units': 2000, 'alpha': 0.1, 'sigma_in': 0.7000000000000001, 'rho': 0.7000000000000001, 'tikh': 0.1, 'option': 2}. Best is trial 29 with value: 0.5422939757506052.
[I 2025-10-02 13:38:19,675] Trial 68 finished with value: 1.389544427394867 and parameters: {'n_units': 2000, 'alpha': 0.1, 'sigma_in': 0.8, 'rho': 0.7000000000000001, 'tikh': 0.1, 'option': 3}. Best is trial 29 with value: 0.5422939757506052.
[I 2025-10-02 13:38:37,932] Trial 69 finished with value: 0.7449885606765747 and parameters: {'n_units': 2000, 'alpha': 0.1, 'sigma_in': 0.6, 'rho': 0.7000000000000001, 'tikh': 0.1, 'option': 2}. Best is trial 29 with value: 0.5422939757506052.
[I 2025-10-02 13:39:02,800] Trial 70 finished with value: 16.21549920241038 and parameters: {'n_units': 2000, 'alpha': 0.2, 'sigma_in': 0.7000000000000001, 'rho': 0.8, 'tikh': 0.001, 'option': 3}. Best is trial 29 with value: 0.5422939757506052.
[I 2025-10-02 13:39:22,301] Trial 71 finished with value: 0.6314797202746073 and parameters: {'n_units': 2000, 'alpha': 0.2, 'sigma_in': 0.8, 'rho': 0.8, 'tikh': 0.1, 'option': 3}. Best is trial 29 with value: 0.5422939757506052.
[I 2025-10-02 13:39:49,582] Trial 72 finished with value: 1.4302059213320415 and parameters: {'n_units': 2000, 'alpha': 0.1, 'sigma_in': 0.8, 'rho': 0.9, 'tikh': 0.1, 'option': 3}. Best is trial 29 with value: 0.5422939757506052.
[I 2025-10-02 13:40:28,731] Trial 73 finished with value: 0.6697168946266174 and parameters: {'n_units': 2000, 'alpha': 0.5, 'sigma_in': 0.7000000000000001, 'rho': 0.7000000000000001, 'tikh': 0.1, 'option': 3}. Best is trial 29 with value: 0.5422939757506052.
[I 2025-10-02 13:40:53,775] Trial 74 finished with value: 0.5927607615788778 and parameters: {'n_units': 2000, 'alpha': 0.5, 'sigma_in': 0.9, 'rho': 0.8, 'tikh': 0.1, 'option': 3}. Best is trial 29 with value: 0.5422939757506052.
[I 2025-10-02 13:41:34,249] Trial 75 finished with value: 0.709675133228302 and parameters: {'n_units': 2000, 'alpha': 0.5, 'sigma_in': 0.9, 'rho': 0.8, 'tikh': 0.1, 'option': 2}. Best is trial 29 with value: 0.5422939757506052.
[I 2025-10-02 13:42:01,834] Trial 76 finished with value: 67.1095422108968 and parameters: {'n_units': 2000, 'alpha': 0.6, 'sigma_in': 1.0, 'rho': 0.6, 'tikh': 1e-06, 'option': 3}. Best is trial 29 with value: 0.5422939757506052.
[I 2025-10-02 13:42:35,859] Trial 77 finished with value: 11940466.166666666 and parameters: {'n_units': 2000, 'alpha': 0.5, 'sigma_in': 0.9, 'rho': 0.7000000000000001, 'tikh': 0.0001, 'option': 1}. Best is trial 29 with value: 0.5422939757506052.

Test Loss for each rep: [724.859, 23.159992, 177.51611]
R 状态矩阵： torch.Size([5000, 3000])
r0 初始状态： tensor([-0.4208, -0.4114, -0.4523,  ...,  0.3353, -0.5419, -0.2836],
       device='cuda:1')
R 状态矩阵： torch.Size([5000, 3000])
r0 初始状态： tensor([ 0.1504, -0.2880, -0.4700,  ...,  0.3141,  0.3628,  0.2197],
       device='cuda:1')
R 状态矩阵： torch.Size([5000, 3000])
r0 初始状态： tensor([-0.1244,  0.2641, -0.1760,  ...,  0.2312,  0.1614,  0.1487],
       device='cuda:1')
Test Loss for each rep: [9.361222, 902.9116, 83.36758]
R 状态矩阵： torch.Size([5000, 3000])
r0 初始状态： tensor([-0.2184, -0.0511, -0.2260,  ..., -0.3794,  0.1019, -0.3210],
       device='cuda:1')
R 状态矩阵： torch.Size([5000, 3000])
r0 初始状态： tensor([ 0.0476, -0.1248,  0.5131,  ...,  0.6165, -0.3791,  0.2847],
       device='cuda:1')
R 状态矩阵： torch.Size([5000, 3000])
r0 初始状态： tensor([-0.0979,  0.3796, -0.3558,  ...,  0.5387, -0.0250,  0.0109],
       device='cuda:1')
Test Loss for each rep: [15.588052, 237.8229, 5047.013]
R 状态矩阵： torch.Size([5000, 2000])
r0 初始状态： tensor([ 0.0793, -0.0370,  0.0968,  ..., -0.2773,  0.2708, -0.1707],
       device='cuda:1')
R 状态矩阵： torch.Size([5000, 2000])
r0 初始状态： tensor([ 0.3657,  0.3080,  0.7028,  ..., -0.2906,  0.1387, -0.1167],
       device='cuda:1')
R 状态矩阵： torch.Size([5000, 2000])
r0 初始状态： tensor([ 0.1806,  0.4767,  0.1105,  ..., -0.2341, -0.1311, -0.4426],
       device='cuda:1')
Test Loss for each rep: [0.65957636, 0.63403815, 0.66885114]
R 状态矩阵： torch.Size([5000, 2000])
r0 初始状态： tensor([ 0.1493, -0.4156, -0.5585,  ..., -0.2834, -0.0958,  0.1929],
       device='cuda:1')
R 状态矩阵： torch.Size([5000, 2000])
r0 初始状态： tensor([ 0.0378, -0.0428, -0.0745,  ...,  0.5818, -0.5429, -0.1761],
       device='cuda:1')
R 状态矩阵： torch.Size([5000, 2000])
r0 初始状态： tensor([ 0.5493,  0.0579,  0.0725,  ...,  0.1965,  0.3749, -0.3361],
       device='cuda:1')
Test Loss for each rep: [0.67714673, 0.7084019, 0.7172816]
R 状态矩阵： torch.Size([5000, 2000])
r0 初始状态： tensor([ 0.1916, -0.4271,  0.3577,  ...,  0.4291,  0.4069, -0.2423],
       device='cuda:1')
R 状态矩阵： torch.Size([5000, 2000])
r0 初始状态： tensor([-0.0836, -0.3847, -0.4100,  ..., -0.0327,  0.1210,  0.1373],
       device='cuda:1')
R 状态矩阵： torch.Size([5000, 2000])
r0 初始状态： tensor([ 0.0945,  0.1006, -0.2472,  ...,  0.0297,  0.0430, -0.0675],
       device='cuda:1')
Test Loss for each rep: [0.95250434, 0.6742753, 0.5762671]
R 状态矩阵： torch.Size([5000, 2000])
r0 初始状态： tensor([ 0.1311, -0.1364,  0.3010,  ...,  0.0441, -0.6476,  0.6119],
       device='cuda:1')
R 状态矩阵： torch.Size([5000, 2000])
r0 初始状态： tensor([-0.3833,  0.1638, -0.5076,  ...,  0.4583,  0.3934, -0.5919],
       device='cuda:1')
R 状态矩阵： torch.Size([5000, 2000])
r0 初始状态： tensor([ 0.2049, -0.0245, -0.0585,  ...,  0.1612, -0.2715, -0.0514],
       device='cuda:1')
Test Loss for each rep: [1.294613, 0.7723865, 2.1016338]
R 状态矩阵： torch.Size([5000, 2000])
r0 初始状态： tensor([ 0.3322, -0.0837,  0.4503,  ...,  0.2320, -0.0147,  0.0646],
       device='cuda:1')
R 状态矩阵： torch.Size([5000, 2000])
r0 初始状态： tensor([ 0.0548, -0.2124,  0.0036,  ..., -0.4819,  0.1367,  0.0120],
       device='cuda:1')
R 状态矩阵： torch.Size([5000, 2000])
r0 初始状态： tensor([ 0.2751,  0.2470, -0.5132,  ..., -0.0416, -0.0861,  0.1369],
       device='cuda:1')
Test Loss for each rep: [0.8032175, 0.71286386, 0.71888435]
R 状态矩阵： torch.Size([5000, 2000])
r0 初始状态： tensor([ 0.3470,  0.1604, -0.3170,  ..., -0.0916,  0.3423, -0.0529],
       device='cuda:1')
R 状态矩阵： torch.Size([5000, 2000])
r0 初始状态： tensor([-0.2037, -0.1628, -0.4119,  ..., -0.6793,  0.6573,  0.1339],
       device='cuda:1')
R 状态矩阵： torch.Size([5000, 2000])
r0 初始状态： tensor([-0.3081, -0.4198, -0.0587,  ...,  0.0285, -0.2242, -0.5288],
       device='cuda:1')
Test Loss for each rep: [1.3833426, 34.139053, 13.124102]
R 状态矩阵： torch.Size([5000, 2000])
r0 初始状态： tensor([ 0.5348, -0.3046, -0.0737,  ..., -0.6824, -0.5037, -0.7507],
       device='cuda:1')
R 状态矩阵： torch.Size([5000, 2000])
r0 初始状态： tensor([-0.0885, -0.4123, -0.4596,  ..., -0.6766,  0.5594,  0.3723],
       device='cuda:1')
R 状态矩阵： torch.Size([5000, 2000])
r0 初始状态： tensor([-0.2221, -0.1575,  0.0854,  ...,  0.5039,  0.1428,  0.8082],
       device='cuda:1')
Test Loss for each rep: [0.64489245, 0.5367634, 0.7127833]
R 状态矩阵： torch.Size([5000, 2000])
r0 初始状态： tensor([ 0.4926, -0.0213,  0.4088,  ...,  0.0195,  0.6507,  0.3503],
       device='cuda:1')
R 状态矩阵： torch.Size([5000, 2000])
r0 初始状态： tensor([-0.2619, -0.1988,  0.5295,  ...,  0.0231, -0.2403, -0.0888],
       device='cuda:1')
R 状态矩阵： torch.Size([5000, 2000])
r0 初始状态： tensor([ 0.4219,  0.5067, -0.2063,  ...,  0.3443,  0.1053,  0.3501],
       device='cuda:1')
Test Loss for each rep: [0.7610779, 2.6891918, 0.84034806]
R 状态矩阵： torch.Size([5000, 2000])
r0 初始状态： tensor([-0.3935, -0.2038, -0.3543,  ...,  0.4063, -0.1733,  0.1189],
       device='cuda:1')
R 状态矩阵： torch.Size([5000, 2000])
r0 初始状态： tensor([0.2059, 0.3008, 0.0383,  ..., 0.8019, 0.0356, 0.2554], device='cuda:1')
R 状态矩阵： torch.Size([5000, 2000])
r0 初始状态： tensor([-0.0290,  0.3348,  0.3670,  ...,  0.3318, -0.4613, -0.3356],
       device='cuda:1')
Test Loss for each rep: [0.653416, 0.62694925, 0.72878546]
R 状态矩阵： torch.Size([5000, 2000])
r0 初始状态： tensor([-0.4760,  0.6103, -0.5076,  ...,  0.3976, -0.0314,  0.1013],
       device='cuda:1')
R 状态矩阵： torch.Size([5000, 2000])
r0 初始状态： tensor([-0.0638,  0.1304, -0.1534,  ...,  0.0037, -0.0820,  0.6599],
       device='cuda:1')
R 状态矩阵： torch.Size([5000, 2000])
r0 初始状态： tensor([-0.0420, -0.2350,  0.0347,  ...,  0.8521, -0.2599,  0.5309],
       device='cuda:1')
Test Loss for each rep: [0.53588885, 0.6615279, 0.58086556]
R 状态矩阵： torch.Size([5000, 2000])
r0 初始状态： tensor([-0.2268,  0.3438, -0.1427,  ..., -0.1426,  0.4395,  0.3551],
       device='cuda:1')
R 状态矩阵： torch.Size([5000, 2000])
r0 初始状态： tensor([ 0.2777,  0.1505,  0.0370,  ..., -0.8630, -0.6755,  0.7642],
       device='cuda:1')
R 状态矩阵： torch.Size([5000, 2000])
r0 初始状态： tensor([ 0.3167,  0.4657,  0.2536,  ..., -0.5895, -0.1288,  0.0896],
       device='cuda:1')
Test Loss for each rep: [0.73294073, 0.5775245, 0.8185602]
R 状态矩阵： torch.Size([5000, 2000])
r0 初始状态： tensor([ 0.2174,  0.0699, -0.3523,  ..., -0.6865, -0.3556, -0.2451],
       device='cuda:1')
R 状态矩阵： torch.Size([5000, 2000])
r0 初始状态： tensor([ 0.3140,  0.1826,  0.1248,  ..., -0.7039, -0.7971,  0.6942],
       device='cuda:1')
R 状态矩阵： torch.Size([5000, 2000])
r0 初始状态： tensor([-0.2446,  0.0908,  0.2498,  ...,  0.3144,  0.8306, -0.1721],
       device='cuda:1')
Test Loss for each rep: [36.661186, 3.4296932, 161.23775]
R 状态矩阵： torch.Size([5000, 2000])
r0 初始状态： tensor([-0.6761, -0.2354, -0.7810,  ...,  0.1817,  0.1103,  0.0528],
       device='cuda:1')
R 状态矩阵： torch.Size([5000, 2000])
r0 初始状态： tensor([ 0.0364,  0.0641, -0.0683,  ..., -0.5019, -0.1182,  0.1921],
       device='cuda:1')
R 状态矩阵： torch.Size([5000, 2000])
r0 初始状态： tensor([-0.3013,  0.1301,  0.0579,  ..., -0.0446, -0.1147,  0.1091],
       device='cuda:1')
Test Loss for each rep: [1825620.5, 21070426.0, 12925352.0]
R 状态矩阵： torch.Size([5000, 2000])
r0 初始状态： tensor([ 0.1152, -0.1960,  0.1717,  ...,  0.7644, -0.5589, -0.8309],
       device='cuda:1')
R 状态矩阵： torch.Size([5000, 2000])
r0 初始状态： [I 2025-10-02 13:43:02,976] Trial 78 finished with value: 0.6431280573209127 and parameters: {'n_units': 2000, 'alpha': 0.4, 'sigma_in': 1.0, 'rho': 0.8, 'tikh': 0.1, 'option': 3}. Best is trial 29 with value: 0.5422939757506052.
[I 2025-10-02 13:43:28,265] Trial 79 finished with value: 2.6022101740042367 and parameters: {'n_units': 2000, 'alpha': 0.4, 'sigma_in': 1.0, 'rho': 0.8, 'tikh': 0.1, 'option': 2}. Best is trial 29 with value: 0.5422939757506052.
[I 2025-10-02 13:43:58,048] Trial 80 finished with value: 0.7193529804547628 and parameters: {'n_units': 2000, 'alpha': 0.30000000000000004, 'sigma_in': 1.0, 'rho': 0.8, 'tikh': 0.1, 'option': 3}. Best is trial 29 with value: 0.5422939757506052.
[I 2025-10-02 13:44:28,098] Trial 81 finished with value: 0.6836439371109009 and parameters: {'n_units': 2000, 'alpha': 0.5, 'sigma_in': 0.9, 'rho': 0.7000000000000001, 'tikh': 0.1, 'option': 3}. Best is trial 29 with value: 0.5422939757506052.
[I 2025-10-02 13:44:53,902] Trial 82 finished with value: 0.5422138869762421 and parameters: {'n_units': 2000, 'alpha': 0.5, 'sigma_in': 1.0, 'rho': 0.8, 'tikh': 0.1, 'option': 3}. Best is trial 82 with value: 0.5422138869762421.
[I 2025-10-02 13:45:09,367] Trial 83 finished with value: 3.04293700059255 and parameters: {'n_units': 2000, 'alpha': 0.6, 'sigma_in': 1.0, 'rho': 0.8, 'tikh': 0.1, 'option': 3}. Best is trial 82 with value: 0.5422138869762421.
[I 2025-10-02 13:45:29,187] Trial 84 finished with value: 0.6892453829447428 and parameters: {'n_units': 2000, 'alpha': 0.4, 'sigma_in': 1.0, 'rho': 0.8, 'tikh': 0.1, 'option': 3}. Best is trial 82 with value: 0.5422138869762421.
[I 2025-10-02 13:46:11,453] Trial 85 finished with value: 655.7095743815104 and parameters: {'n_units': 5000, 'alpha': 0.4, 'sigma_in': 1.0, 'rho': 0.9, 'tikh': 1e-08, 'option': 3}. Best is trial 82 with value: 0.5422138869762421.
[I 2025-10-02 13:46:40,420] Trial 86 finished with value: 0.644042432308197 and parameters: {'n_units': 2000, 'alpha': 0.5, 'sigma_in': 0.9, 'rho': 0.8, 'tikh': 0.1, 'option': 2}. Best is trial 82 with value: 0.5422138869762421.
[I 2025-10-02 13:47:26,427] Trial 87 finished with value: 9901.67562864224 and parameters: {'n_units': 2000, 'alpha': 0.6, 'sigma_in': 0.9, 'rho': 0.6, 'tikh': 1e-07, 'option': 2}. Best is trial 82 with value: 0.5422138869762421.
[I 2025-10-02 13:48:01,948] Trial 88 finished with value: 6438.440570195516 and parameters: {'n_units': 2000, 'alpha': 0.5, 'sigma_in': 0.9, 'rho': 0.8, 'tikh': 1e-05, 'option': 2}. Best is trial 82 with value: 0.5422138869762421.
[I 2025-10-02 13:48:38,024] Trial 89 finished with value: 0.6473760008811951 and parameters: {'n_units': 2000, 'alpha': 0.6, 'sigma_in': 0.9, 'rho': 0.9, 'tikh': 0.1, 'option': 2}. Best is trial 82 with value: 0.5422138869762421.
[I 2025-10-02 13:49:06,031] Trial 90 finished with value: 32.91756522655487 and parameters: {'n_units': 2000, 'alpha': 0.5, 'sigma_in': 0.9, 'rho': 0.9, 'tikh': 0.001, 'option': 2}. Best is trial 82 with value: 0.5422138869762421.
[I 2025-10-02 13:49:24,237] Trial 91 finished with value: 0.7407319943110148 and parameters: {'n_units': 2000, 'alpha': 0.6, 'sigma_in': 0.9, 'rho': 0.9, 'tikh': 0.1, 'option': 2}. Best is trial 82 with value: 0.5422138869762421.
[I 2025-10-02 13:49:49,157] Trial 92 finished with value: 0.6923089822133383 and parameters: {'n_units': 2000, 'alpha': 0.5, 'sigma_in': 1.0, 'rho': 0.9, 'tikh': 0.1, 'option': 2}. Best is trial 82 with value: 0.5422138869762421.
[I 2025-10-02 13:50:14,747] Trial 93 finished with value: 3.1702194809913635 and parameters: {'n_units': 2000, 'alpha': 0.5, 'sigma_in': 0.8, 'rho': 0.8, 'tikh': 0.1, 'option': 2}. Best is trial 82 with value: 0.5422138869762421.
tensor([-0.6019,  0.0478,  0.5050,  ...,  0.6106,  0.6478, -0.3654],
       device='cuda:1')
R 状态矩阵： torch.Size([5000, 2000])
r0 初始状态： tensor([-0.5905, -0.6130,  0.3824,  ..., -0.3245, -0.4263,  0.1129],
       device='cuda:1')
Test Loss for each rep: [0.7607349, 0.6016201, 0.5670292]
R 状态矩阵： torch.Size([5000, 2000])
r0 初始状态： tensor([ 0.2552, -0.4757, -0.0637,  ..., -0.6163,  0.8214, -0.1563],
       device='cuda:1')
R 状态矩阵： torch.Size([5000, 2000])
r0 初始状态： tensor([-0.3355, -0.5904,  0.4377,  ...,  0.1036,  0.1011,  0.1631],
       device='cuda:1')
R 状态矩阵： torch.Size([5000, 2000])
r0 初始状态： tensor([-0.8116, -0.4221,  0.3883,  ...,  0.0223,  0.3915, -0.4405],
       device='cuda:1')
Test Loss for each rep: [6.638413, 0.6826732, 0.48554435]
R 状态矩阵： torch.Size([5000, 2000])
r0 初始状态： tensor([-0.0728,  0.0277,  0.0047,  ..., -0.7770, -0.4167, -0.3070],
       device='cuda:1')
R 状态矩阵： torch.Size([5000, 2000])
r0 初始状态： tensor([-0.4133, -0.5039, -0.4301,  ..., -0.0828,  0.5241,  0.3822],
       device='cuda:1')
R 状态矩阵： torch.Size([5000, 2000])
r0 初始状态： tensor([ 0.0822,  0.7377,  0.4764,  ...,  0.0956, -0.2237, -0.3603],
       device='cuda:1')
Test Loss for each rep: [0.680497, 0.6730355, 0.80452645]
R 状态矩阵： torch.Size([5000, 2000])
r0 初始状态： tensor([-0.5000,  0.2523,  0.1782,  ...,  0.1924, -0.5622,  0.4977],
       device='cuda:1')
R 状态矩阵： torch.Size([5000, 2000])
r0 初始状态： tensor([-0.4620, -0.1604, -0.6708,  ...,  0.8945, -0.3498,  0.7784],
       device='cuda:1')
R 状态矩阵： torch.Size([5000, 2000])
r0 初始状态： tensor([-0.0941, -0.1641, -0.0582,  ..., -0.3042,  0.7740,  0.1907],
       device='cuda:1')
Test Loss for each rep: [0.75171244, 0.5560569, 0.74316245]
R 状态矩阵： torch.Size([5000, 2000])
r0 初始状态： tensor([ 0.0545,  0.0673,  0.1555,  ..., -0.2262,  0.8104, -0.1086],
       device='cuda:1')
R 状态矩阵： torch.Size([5000, 2000])
r0 初始状态： tensor([-0.4180,  0.7346, -0.6391,  ...,  0.4129,  0.5571,  0.9198],
       device='cuda:1')
R 状态矩阵： torch.Size([5000, 2000])
r0 初始状态： tensor([-0.5192,  0.3464, -0.2933,  ...,  0.2852, -0.1578,  0.1600],
       device='cuda:1')
Test Loss for each rep: [0.38551465, 0.68740535, 0.55372167]
R 状态矩阵： torch.Size([5000, 2000])
r0 初始状态： tensor([ 0.0728, -0.4068, -0.0009,  ...,  0.2025,  0.4645,  0.1103],
       device='cuda:1')
R 状态矩阵： torch.Size([5000, 2000])
r0 初始状态： tensor([-0.3526, -0.0804, -0.3713,  ..., -0.7710, -0.3377, -0.2845],
       device='cuda:1')
R 状态矩阵： torch.Size([5000, 2000])
r0 初始状态： tensor([ 0.0136,  0.2583, -0.0478,  ...,  0.4708,  0.4723, -0.3804],
       device='cuda:1')
Test Loss for each rep: [0.9381051, 0.60666764, 7.5840383]
R 状态矩阵： torch.Size([5000, 2000])
r0 初始状态： tensor([ 0.4714,  0.8506,  0.6199,  ..., -0.2754, -0.7901, -0.0460],
       device='cuda:1')
R 状态矩阵： torch.Size([5000, 2000])
r0 初始状态： tensor([ 0.1244, -0.0485, -0.5409,  ...,  0.4287,  0.1462, -0.2336],
       device='cuda:1')
R 状态矩阵： torch.Size([5000, 2000])
r0 初始状态： tensor([ 0.0469,  0.1750,  0.3731,  ...,  0.4739, -0.2204,  0.4704],
       device='cuda:1')
Test Loss for each rep: [0.62126493, 0.70427686, 0.74219435]
R 状态矩阵： torch.Size([5000, 5000])
r0 初始状态： tensor([-0.8715,  0.2282,  0.4398,  ..., -0.2908,  0.6211,  0.6697],
       device='cuda:1')
R 状态矩阵： torch.Size([5000, 5000])
r0 初始状态： tensor([ 0.2967, -0.5399, -0.8909,  ..., -0.1739, -0.3007, -0.1280],
       device='cuda:1')
R 状态矩阵： torch.Size([5000, 5000])
r0 初始状态： tensor([ 0.0305,  0.2007, -0.1007,  ..., -0.7542, -0.3342,  0.5200],
       device='cuda:1')
Test Loss for each rep: [557.46454, 615.13654, 794.52765]
R 状态矩阵： torch.Size([5000, 2000])
r0 初始状态： tensor([-0.3146,  0.5606,  0.0392,  ...,  0.3697, -0.2607,  0.2175],
       device='cuda:1')
R 状态矩阵： torch.Size([5000, 2000])
r0 初始状态： tensor([-0.0515, -0.2554,  0.1181,  ..., -0.1688, -0.3988, -0.1346],
       device='cuda:1')
R 状态矩阵： torch.Size([5000, 2000])
r0 初始状态： tensor([ 0.1144,  0.1434,  0.3546,  ...,  0.0281,  0.2001, -0.4118],
       device='cuda:1')
Test Loss for each rep: [0.6501541, 0.540366, 0.7416072]
R 状态矩阵： torch.Size([5000, 2000])
r0 初始状态： tensor([-0.2043,  0.0780, -0.0636,  ..., -0.4265,  0.2062, -0.3663],
       device='cuda:1')
R 状态矩阵： torch.Size([5000, 2000])
r0 初始状态： tensor([-0.0705,  0.2582,  0.3863,  ..., -0.2179,  0.0737,  0.1212],
       device='cuda:1')
R 状态矩阵： torch.Size([5000, 2000])
r0 初始状态： tensor([-0.1753, -0.3640, -0.3834,  ..., -0.0448,  0.6094,  0.5977],
       device='cuda:1')
Test Loss for each rep: [29698.193, 0.9127936, 5.920733]
R 状态矩阵： torch.Size([5000, 2000])
r0 初始状态： tensor([-0.4844,  0.2965, -0.2605,  ...,  0.4520,  0.7849, -0.2224],
       device='cuda:1')
R 状态矩阵： torch.Size([5000, 2000])
r0 初始状态： tensor([-0.5094,  0.3432,  0.1997,  ...,  0.0879, -0.5361,  0.5828],
       device='cuda:1')
R 状态矩阵： torch.Size([5000, 2000])
r0 初始状态： tensor([-0.0059, -0.0076, -0.0055,  ...,  0.6754,  0.7278, -0.6705],
       device='cuda:1')
Test Loss for each rep: [10.828791, 17009.443, 2295.0496]
R 状态矩阵： torch.Size([5000, 2000])
r0 初始状态： tensor([ 0.1457, -0.4970,  0.0920,  ..., -0.1187,  0.0663, -0.7352],
       device='cuda:1')
R 状态矩阵： torch.Size([5000, 2000])
r0 初始状态： tensor([ 0.2290,  0.7315, -0.4217,  ...,  0.4463,  0.5239,  0.9081],
       device='cuda:1')
R 状态矩阵： torch.Size([5000, 2000])
r0 初始状态： tensor([-0.6280,  0.0263,  0.1115,  ...,  0.1258,  0.6895, -0.8881],
       device='cuda:1')
Test Loss for each rep: [0.6936202, 0.57810694, 0.67040086]
R 状态矩阵： torch.Size([5000, 2000])
r0 初始状态： tensor([ 0.3740,  0.1342,  0.2784,  ...,  0.7137,  0.9147, -0.1459],
       device='cuda:1')
R 状态矩阵： torch.Size([5000, 2000])
r0 初始状态： tensor([-0.3086,  0.1195, -0.0064,  ..., -0.8458, -0.2384, -0.6589],
       device='cuda:1')
R 状态矩阵： torch.Size([5000, 2000])
r0 初始状态： tensor([ 0.1340,  0.0347,  0.3731,  ...,  0.6635, -0.1718, -0.3540],
       device='cuda:1')
Test Loss for each rep: [71.97714, 26.243193, 0.5323607]
R 状态矩阵： torch.Size([5000, 2000])
r0 初始状态： tensor([ 0.1858,  0.1562,  0.4307,  ..., -0.2520, -0.2659,  0.1615],
       device='cuda:1')
R 状态矩阵： torch.Size([5000, 2000])
r0 初始状态： tensor([ 0.5972, -0.4497,  0.3154,  ..., -0.0522, -0.7680, -0.7783],
       device='cuda:1')
R 状态矩阵： torch.Size([5000, 2000])
r0 初始状态： tensor([-0.5829,  0.2146,  0.1732,  ...,  0.8030,  0.9602,  0.2378],
       device='cuda:1')
Test Loss for each rep: [0.77495277, 0.6682584, 0.7789848]
R 状态矩阵： torch.Size([5000, 2000])
r0 初始状态： tensor([-0.0946,  0.6662,  0.3201,  ..., -0.2013, -0.3197,  0.4184],
       device='cuda:1')
R 状态矩阵： torch.Size([5000, 2000])
r0 初始状态： tensor([ 0.3679, -0.2716, -0.4383,  ...,  0.7825,  0.6184, -0.0038],
       device='cuda:1')
R 状态矩阵： torch.Size([5000, 2000])
r0 初始状态： tensor([-0.6127,  0.0134,  0.5594,  ...,  0.8754, -0.7430, -0.2991],
       device='cuda:1')
Test Loss for each rep: [0.715094, 0.72143143, 0.64040154]
R 状态矩阵： torch.Size([5000, 2000])
r0 初始状态： tensor([ 0.3012, -0.7037, -0.3132,  ..., -0.5980,  0.6691, -0.8198],
       device='cuda:1')
R 状态矩阵： torch.Size([5000, 2000])
r0 初始状态： tensor([ 0.1386,  0.1163,  0.0348,  ..., -0.4805, -0.1679,  0.3881],
       device='cuda:1')
R 状态矩阵： torch.Size([5000, 2000])
r0 初始状态： tensor([-0.6014, -0.2934, -0.2245,  ..., -0.7975,  0.5582, -0.0701],
       device='cuda:1')
Test Loss for each rep: [0.6946119, 0.70760137, 8.108445]
R 状态矩阵： [I 2025-10-02 13:50:47,867] Trial 94 finished with value: 0.7779384056727091 and parameters: {'n_units': 2000, 'alpha': 0.7000000000000001, 'sigma_in': 0.9, 'rho': 0.7000000000000001, 'tikh': 0.1, 'option': 2}. Best is trial 82 with value: 0.5422138869762421.
[I 2025-10-02 13:51:09,969] Trial 95 finished with value: 0.6476965943972269 and parameters: {'n_units': 2000, 'alpha': 0.6, 'sigma_in': 1.0, 'rho': 1.0, 'tikh': 0.1, 'option': 2}. Best is trial 82 with value: 0.5422138869762421.
[I 2025-10-02 13:51:29,503] Trial 96 finished with value: 0.7298406759897867 and parameters: {'n_units': 2000, 'alpha': 0.6, 'sigma_in': 1.0, 'rho': 1.0, 'tikh': 0.1, 'option': 2}. Best is trial 82 with value: 0.5422138869762421.
[I 2025-10-02 13:51:54,274] Trial 97 finished with value: 130.66522598266602 and parameters: {'n_units': 4000, 'alpha': 0.6, 'sigma_in': 1.0, 'rho': 1.0, 'tikh': 0.0001, 'option': 2}. Best is trial 82 with value: 0.5422138869762421.
[I 2025-10-02 13:52:38,879] Trial 98 finished with value: 2453.8654478391013 and parameters: {'n_units': 5000, 'alpha': 0.7000000000000001, 'sigma_in': 0.4, 'rho': 0.9, 'tikh': 0.1, 'option': 1}. Best is trial 82 with value: 0.5422138869762421.
[I 2025-10-02 13:53:01,552] Trial 99 finished with value: 0.7405895392100016 and parameters: {'n_units': 2000, 'alpha': 0.6, 'sigma_in': 1.0, 'rho': 1.0, 'tikh': 0.1, 'option': 2}. Best is trial 82 with value: 0.5422138869762421.
torch.Size([5000, 2000])
r0 初始状态： tensor([ 0.1133,  0.0927, -0.0553,  ...,  0.3224,  0.1857,  0.7184],
       device='cuda:1')
R 状态矩阵： torch.Size([5000, 2000])
r0 初始状态： tensor([-0.1764,  0.1858,  0.0618,  ...,  0.1465,  0.0763, -0.0864],
       device='cuda:1')
R 状态矩阵： torch.Size([5000, 2000])
r0 初始状态： tensor([-0.1463, -0.2155, -0.6088,  ...,  0.3429, -0.4401, -0.3645],
       device='cuda:1')
Test Loss for each rep: [0.68809915, 0.69245833, 0.95325774]
R 状态矩阵： torch.Size([5000, 2000])
r0 初始状态： tensor([ 0.4155,  0.6767,  0.6570,  ..., -0.3461,  0.0203,  0.0698],
       device='cuda:1')
R 状态矩阵： torch.Size([5000, 2000])
r0 初始状态： tensor([ 0.2194,  0.4474,  0.0851,  ...,  0.0372, -0.1179, -0.2967],
       device='cuda:1')
R 状态矩阵： torch.Size([5000, 2000])
r0 初始状态： tensor([-0.4456, -0.0918,  0.0178,  ..., -0.6014, -0.2607,  0.1971],
       device='cuda:1')
Test Loss for each rep: [0.6812679, 0.65398616, 0.6078357]
R 状态矩阵： torch.Size([5000, 2000])
r0 初始状态： tensor([ 0.0552, -0.0644,  0.0888,  ...,  0.4612,  0.0193,  0.5926],
       device='cuda:1')
R 状态矩阵： torch.Size([5000, 2000])
r0 初始状态： tensor([-0.5511,  0.6053,  0.4391,  ...,  0.1303,  0.9473,  0.6713],
       device='cuda:1')
R 状态矩阵： torch.Size([5000, 2000])
r0 初始状态： tensor([-0.5263,  0.3944,  0.0054,  ..., -0.9162,  0.3833, -0.4100],
       device='cuda:1')
Test Loss for each rep: [0.6302426, 0.71252096, 0.8467585]
R 状态矩阵： torch.Size([5000, 4000])
r0 初始状态： tensor([-0.0446,  0.2169,  0.4006,  ...,  0.2913, -0.4868, -0.4972],
       device='cuda:1')
R 状态矩阵： torch.Size([5000, 4000])
r0 初始状态： tensor([0.3416, 0.0796, 0.6256,  ..., 0.7725, 0.7591, 0.8125], device='cuda:1')
R 状态矩阵： torch.Size([5000, 4000])
r0 初始状态： tensor([-0.5655,  0.2458, -0.2221,  ..., -0.4625, -0.9746, -0.1023],
       device='cuda:1')
Test Loss for each rep: [282.79187, 72.134094, 37.069714]
R 状态矩阵： torch.Size([5000, 5000])
r0 初始状态： tensor([ 0.0089, -0.0065,  0.0072,  ...,  0.4973,  0.6476,  0.9534],
       device='cuda:1')
R 状态矩阵： torch.Size([5000, 5000])
r0 初始状态： tensor([-0.0039,  0.0926,  0.1212,  ...,  0.5271, -0.1409,  0.5674],
       device='cuda:1')
R 状态矩阵： torch.Size([5000, 5000])
r0 初始状态： tensor([-0.0943, -0.1082, -0.0975,  ..., -0.0047, -0.0011, -0.0050],
       device='cuda:1')
Test Loss for each rep: [7137.3545, 216.88309, 7.358764]
R 状态矩阵： torch.Size([5000, 2000])
r0 初始状态： tensor([-0.0618, -0.4743, -0.2607,  ...,  0.2882,  0.4680, -0.5490],
       device='cuda:1')
R 状态矩阵： torch.Size([5000, 2000])
r0 初始状态： tensor([-0.8048,  0.3855,  0.0598,  ...,  0.5681,  0.3618, -0.3633],
       device='cuda:1')
R 状态矩阵： torch.Size([5000, 2000])
r0 初始状态： tensor([-0.5972,  0.0663, -0.2402,  ...,  0.6997,  0.8768,  0.8760],
       device='cuda:1')
Test Loss for each rep: [0.9499293, 0.7108056, 0.5610337]

Best Hyperparameters: {'n_units': 2000, 'alpha': 0.5, 'sigma_in': 1.0, 'rho': 0.8, 'tikh': 0.1, 'option': 3}
Lowest Loss: 0.5422138869762421
R 状态矩阵： torch.Size([5000, 2000])
r0 初始状态： tensor([ 0.0058, -0.4994,  0.1133,  ..., -0.3791, -0.8683, -0.1045],
       device='cuda:1')

Best Hyperparameters: {'n_units': 2000, 'alpha': 0.5, 'sigma_in': 1.0, 'rho': 0.8, 'tikh': 0.1, 'option': 3}
Training_Loss with best hyperparameters: 4.75361e-06
Test_Loss with best hyperparameters: 0.434838
Traceback (most recent call last):
  File "Torch_train_single_node_2.py", line 96, in <module>
    axes[i].plot(Y_train_predict[-500:, i], label='RC')
IndexError: index 1 is out of bounds for axis 1 with size 1
